"Titulo","Link","Data","Nota_Escala","Descricao_Nota","Justificativa","Passagens_Relevantes"
"Discurso proferido pelo Ministro de Estado das Relações Exteriores, Luiz Alberto Figueiredo Machado, na sessão de abertura dos ""Diálogos sobre Política Externa"" - Palácio Itamaraty, 26 de fevereiro de 2014","https://www.gov.br/mre/pt-br/canais_atendimento/imprensa/notas-a-imprensa/discurso-proferido-pelo-ministro-de-estado-das-relacoes-exteriores-luiz-alberto-figueiredo-machado-na-sessao-de-abertura-dos-dialogos-sobre-politica-externa-palacio-itamaraty-26-de-fevereiro-de-2014","26/02/2014","2","Foco principal na soberania e direitos, com alguma abertura para inovação","A nota foca em soberania e direitos (privacidade, proteção de dados) com abertura para cooperação em inovação e tecnologia digital, correspondendo a Predominantemente Soberanista (Nota 2).","Tenho o prazer de dirigir-me a Vossas Excelências nesta sessão de abertura dos ""Diálogos sobre Política Externa"". Esta série de encontros que o Itamaraty inaugura hoje tem o objetivo de promover o debate entre o Governo, o Congresso, o Judiciário e a sociedade civil sobre as linhas gerais e os princ | Ao longo do próximo mês, os Diálogos sobre Política Externa reunirão, além de entidades públicas, representantes da academia, da imprensa, dos movimentos sociais, de organizações não governamentais, dos sindicatos e do empresariado. | O diálogo é instrumento próprio da diplomacia, que já foi definida como ""o diálogo entre países"". Nas democracias modernas, como a brasileira, este diálogo diplomático não se restringe ao plano internacional. Os temas de política externa têm mobilizado, cada vez mais, o interesse e a atenção dentro "
"Declaração Conjunta dos Ministros de Relações Exteriores do Reino da Espanha e da República Federativa do Brasil – Madri, 18 de março de 2014","https://www.gov.br/mre/pt-br/canais_atendimento/imprensa/notas-a-imprensa/declaracao-conjunta-dos-ministros-de-relacoes-exteriores-do-reino-da-espanha-e-da-republica-federativa-do-brasil-madri-18-de-marco-de-2014","18/03/2014","1","Soberania digital do Estado, garantias democráticas, direitos fundamentais, multilateralismo, multissetorialismo","A nota enfatiza soberania digital, direitos fundamentais, multilateralismo e abordagem multissetorial na governança da internet, alinhando-se à definição de Soberania Digital (Nota 1).","2. Este encontro supõe a abertura da Comissão Ministerial de Diálogo Político Espanha-Brasil cuja constituição foi acordada pela Declaração da Presidenta Dilma Rousseff e do Presidente de Governo Mariano Rajoy em 19 de novembro de 2012, por ocasião da visita oficial da Presidenta Rousseff à Espanha. | 3. Os Ministros decidiram, conforme previsto na Declaração Presidencial, que se realize no próximo ano, 2015, a Reunião de Consultas Políticas entre o Secretario de Estado de Cooperação Internacional e para Ibero-América da Espanha e o Subsecretário-General Político I do Ministério de Relações Exter"
"Visita do Ministro das Relações Exteriores à Alemanha – Berlim, 21 de março de 2014","https://www.gov.br/mre/pt-br/canais_atendimento/imprensa/notas-a-imprensa/visita-do-ministro-das-relacoes-exteriores-a-alemanha-berlim-21-de-marco-de-2014","20/03/2014","1","Soberania digital do Estado, garantias democráticas, direitos fundamentais, multilateralismo, multissetorialismo","A nota enfatiza soberania digital, direitos fundamentais, multilateralismo e abordagem multissetorial na governança da internet, alinhando-se à definição de Soberania Digital (Nota 1).","Os dois Ministros examinarão o aprofundamento da Parceria Estratégica Brasil-Alemanha. Tratarão da ampliação do fluxo bilateral de comércio e investimentos, bem como examinarão os principais temas da agenda bilateral, inclusive cooperação em inovação, educação, energia e defesa. | Os Ministros discutirão, igualmente, a reforma das instituições de governança global e temas da agenda de paz e segurança internacionais. Examinarão, ademais, temas afetos ao meio ambiente e à segurança das comunicações eletrônicas. Em dezembro de 2013, a Assembleia Geral da ONU adotou, por consenso"
"Visita ao Brasil do Ministro dos Negócios Estrangeiros da Noruega, Børge Brende - Rio de Janeiro e Brasília, 19 e 20 de fevereiro de 2014","https://www.gov.br/mre/pt-br/canais_atendimento/imprensa/notas-a-imprensa/visita-ao-brasil-do-ministro-dos-negocios-estrangeiros-da-noruega-borge-brende-rio-de-janeiro-e-brasilia-19-e-20-de-fevereiro-de-2014","20/04/2014","1","Soberania digital do Estado, garantias democráticas, direitos fundamentais, multilateralismo, multissetorialismo","A nota enfatiza soberania digital, direitos fundamentais, multilateralismo e abordagem multissetorial na governança da internet, alinhando-se à definição de Soberania Digital (Nota 1).","O Ministro dos Negócios Estrangeiros da Noruega, Børge Brende, visitará o Brasil nos dias 19 e 20 de fevereiro. O Chanceler norueguês cumprirá programação em Brasília e no Rio de Janeiro. Em Brasília, no dia 20, manterá encontro de trabalho com o Ministro das Relações Exteriores, Luiz Alberto Figuei | Os Chanceleres tratarão da ampliação dos fluxos bilaterais de comércio e de investimentos, bem como examinarão os principais temas da agenda bilateral, inclusive cooperação em energia, inovação, educação e pesca e aquicultura. | Também serão discutidas a reforma das instituições de governança global e temas da agenda de paz e segurança internacionais, entre as quais a situação na Síria e no Oriente Médio. Os Chanceleres examinarão, ademais, questões relacionadas ao meio ambiente e ao direito à privacidade na era digital."
"Documentos assinados por ocasião da VII Cúpula Brasil–União Europeia – Bruxelas, 24 de fevereiro de 2014","https://www.gov.br/mre/pt-br/canais_atendimento/imprensa/notas-a-imprensa/documentos-assinados-por-ocasiao-da-vii-cupula-brasil-uniao-europeia-bruxelas-24-de-fevereiro-de-2014","20/04/2014","2","Foco principal na soberania e direitos, com alguma abertura para inovação","A nota foca em soberania e direitos (privacidade, proteção de dados) com abertura para cooperação em inovação e tecnologia digital, correspondendo a Predominantemente Soberanista (Nota 2).","TERMOS DE REFERÊNCIA DO GRUPO DE TRABALHO AD HOC SOBRE TEMAS ECONÔMICOS, COM ÊNFASE EM INVESTIMENTOS E COMPETITIVIDADE, ENTRE A REPÚBLICA FEDERATIVA DO BRASIL E A UNIÃO EUROPEIA | DECLARAÇÃO CONJUNTA SOBRE A REUNIÃO INAUGURAL DO GRUPO DE TRABALHO AD HOC BRASIL-UNIÃO EUROPEIA SOBRE TEMAS ECONÔMICOS, COM ÊNFASE EM INVESTIMENTOS E COMPETITIVIDADE | TERMOS DE REFERÊNCIA DO GRUPO DE TRABALHO AD HOC SOBRE TEMAS ECONÔMICOS, COM ÊNFASE EM INVESTIMENTOS E COMPETITIVIDADE, ENTRE A REPÚBLICA FEDERATIVA DO BRASIL E A UNIÃO EUROPEIA"
"VII Cúpula Brasil–União Europeia - Bruxelas, 24 de fevereiro de 2014 - Comunicado Conjunto","https://www.gov.br/mre/pt-br/canais_atendimento/imprensa/notas-a-imprensa/vii-cupula-brasil-uniao-europeia-bruxelas-24-de-fevereiro-de-2014-comunicado-conjunto","20/04/2014","3","Equilíbrio entre soberania/direitos e desenvolvimento/inovação (não puramente mercantil)","A nota apresenta equilíbrio entre cooperação em infraestrutura/tecnologia digital e preocupações com soberania, direitos ou regulação, configurando Modelo Misto (Nota 3).","1. We, the leaders of the European Union and the Federative Republic of Brazil, met today in Brussels to reaffirm our close partnership. As we both face global challenges, our partnership represents a valuable opportunity for greater prosperity and security to our 700 million citizens."
"Reino Unido sedia reunião de Diálogo Estratégico com o Brasil","https://www.gov.br/mre/pt-br/canais_atendimento/imprensa/notas-a-imprensa/reino-unido-sedia-reuniao-de-dialogo-estrategico-com-o-brasil","22/05/2014","2","Foco principal na soberania e direitos, com alguma abertura para inovação","A nota foca em soberania e direitos (privacidade, proteção de dados) com abertura para cooperação em inovação e tecnologia digital, correspondendo a Predominantemente Soberanista (Nota 2).","Esta rodada de conversas realiza-se anualmente e foi concebida com o intuito de tratar de questões de política externa e de segurança internacional, em reconhecimento ao papel cada vez mais importante do Brasil no mundo. A reunião deste ano ocorrerá em Carlton Gardens, centro de Londres. | “É uma alegria receber o Ministro Patriota em Londres para a reunião do Diálogo Estratégico Brasil-Reino Unido. O Brasil e o Reino Unido cooperaram de forma consistente ao longo de 2012 no âmbito dos Jogos Olímpicos e minha expectativa é de seguir avançando. Compartilhamos muitos interesses e podemo"
"VI Cúpula BRICS – Declaração de Fortaleza – 15 de julho de 2014","https://www.gov.br/mre/pt-br/canais_atendimento/imprensa/notas-a-imprensa/vi-cupula-brics-declaracao-de-fortaleza-15-de-julho-de-2014","15/07/2014","1","Soberania digital do Estado, garantias democráticas, direitos fundamentais, multilateralismo, multissetorialismo","A nota enfatiza soberania digital, direitos fundamentais, multilateralismo e abordagem multissetorial na governança da internet, alinhando-se à definição de Soberania Digital (Nota 1).","1. Nós, os líderes da República Federativa do Brasil, da Federação Russa, da República da Índia, da República Popular da China e da República da África do Sul, reunimo-nos em Fortaleza, Brasil, em 15 de julho de 2014 na VI Cúpula do BRICS. Para inaugurar o segundo ciclo de Cúpulas do BRICS, o tema e | 2. Reunião de Altos Representantes Responsáveis por Segurança Nacional do BRICS  3. Reunião intermediária de Sherpas e Sub-Sherpas do BRICS. 4. Reuniões de Ministros das Finanças e Presidentes de Banco Central do BRICS à margem de reuniões do G20, reuniões do Banco Mundial/FMI, bem como reuniões esp"
"Declaração conjunta entre Brasil e China por ocasião da visita de Estado do presidente Xi Jinping – Brasília, 17 de julho de 2014","https://www.gov.br/mre/pt-br/canais_atendimento/imprensa/notas-a-imprensa/declaracao-conjunta-entre-brasil-e-china-por-ocasiao-da-visita-de-estado-do-presidente-xi-jinping-brasilia-17-de-julho-de-2014","17/07/2014","1","Soberania digital do Estado, garantias democráticas, direitos fundamentais, multilateralismo, multissetorialismo","A nota enfatiza soberania digital, direitos fundamentais, multilateralismo e abordagem multissetorial na governança da internet, alinhando-se à definição de Soberania Digital (Nota 1).","1. A convite da Presidenta da República Federativa do Brasil, Dilma Rousseff, o Presidente da República Popular da China, Xi Jinping, realizou Visita de Estado ao Brasil, no dia 17 julho de 2014, depois de participar da VI Cúpula do BRICS, realizada em Fortaleza, de 15 a 16 de julho de 2014. | 2. Durante a visita, a Presidenta Dilma Rousseff e o Presidente Xi Jinping avaliaram a evolução das relações bilaterais e alcançaram consensos importantes sobre o aprofundamento da Parceria Estratégia Global Brasil-China. Os dois Chefes de Estado participaram do encerramento da Reunião Bilateral Anu | 3. Os dois Chefes de Estado saudaram o 40º aniversário do estabelecimento das relações diplomáticas entre Brasil e China e, ao resumirem as experiências dos últimos 40 anos, coincidiram que os princípios de respeito mútuo, benefício recíproco e ganhos compartilhados constituem a base da evolução con"
"Relatório da Alta Comissária para Direitos Humanos da ONU sobre ""O Direito à Privacidade na Era Digital""","https://www.gov.br/mre/pt-br/canais_atendimento/imprensa/notas-a-imprensa/relatorio-da-alta-comissaria-para-direitos-humanos-da-onu-sobre-o-direito-a-privacidade-na-era-digital","22/07/2014","1","Soberania digital do Estado, garantias democráticas, direitos fundamentais, multilateralismo, multissetorialismo","A nota enfatiza soberania digital, direitos fundamentais, multilateralismo e abordagem multissetorial na governança da internet, alinhando-se à definição de Soberania Digital (Nota 1).","O Governo brasileiro manifesta satisfação com a divulgação, em 16/7, em Genebra, pela Alta Comissária para os Direitos Humanos das Nações Unidas, Navi Pillay, do relatório ""O direito à privacidade na era digital"". Trata-se de resposta à solicitação da resolução apresentada por Brasil e Alemanha dura | O documento, que examina a proteção do direito à privacidade no contexto do uso de ferramentas nacionais e extraterritoriais de monitoramento das comunicações, constitui passo importante para o aprofundamento das discussões sobre o tema. | O relatório será apresentado ao Conselho de Direitos Humanos em sua 27ª Sessão, em setembro próximo, e à Assembleia Geral da ONU em sua 69ª Sessão, em outubro vindouro."
"Visita ao Brasil do Primeiro-Ministro do Japão, Shinzo Abe – Comunicado Conjunto – 31 de julho a 2 de agosto de 2014","https://www.gov.br/mre/pt-br/canais_atendimento/imprensa/notas-a-imprensa/visita-ao-brasil-do-primeiro-ministro-do-japao-shinzo-abe-comunicado-conjunto-31-de-julho-a-2-de-agosto-de-2014","07/08/2014","1","Soberania digital do Estado, garantias democráticas, direitos fundamentais, multilateralismo, multissetorialismo","A nota enfatiza soberania digital, direitos fundamentais, multilateralismo e abordagem multissetorial na governança da internet, alinhando-se à definição de Soberania Digital (Nota 1).","1 – COMUNICADO CONJUNTO DA VISITA OFICIAL DE TRABALHO DO PRIMEIRO-MINISTRO SHINZO ABE AO BRASIL E SOBRE O ESTABELECIMENTO DA PARCERIA ESTRATÉGICA E GLOBAL ENTRE BRASIL E JAPÃO"
"Documentos aprovados na XLVI Cúpula de Chefes de Estado do MERCOSUL e Estados Associados – Caracas, 29 de julho de 2014","https://www.gov.br/mre/pt-br/canais_atendimento/imprensa/notas-a-imprensa/documentos-aprovados-na-xlvi-cupula-de-chefes-de-estado-do-mercosul-e-estados-associados-caracas-29-de-julho-de-2014","07/08/2014","1","Soberania digital do Estado, garantias democráticas, direitos fundamentais, multilateralismo, multissetorialismo","A nota enfatiza soberania digital, direitos fundamentais, multilateralismo e abordagem multissetorial na governança da internet, alinhando-se à definição de Soberania Digital (Nota 1).","COMUNICADO CONJUNTO DAS PRESIDENTAS E DOS PRESIDENTES DOS ESTADOS PARTES DO MERCOSUL"
"Discurso proferido pela Presidenta da República, Dilma Rousseff, na abertura do Debate de Alto Nível da 69ª Assembleia Geral das Nações Unidas (ONU) – Nova York, 24 de setembro de 2014","https://www.gov.br/mre/pt-br/canais_atendimento/imprensa/notas-a-imprensa/discurso-proferido-pela-presidenta-da-republica-dilma-rousseff-na-abertura-do-debate-de-alto-nivel-da-69-assembleia-geral-das-nacoes-unidas-onu-nova-york-24-de-setembro-de-2014","08/10/2014","1","Soberania digital do Estado, garantias democráticas, direitos fundamentais, multilateralismo, multissetorialismo","A nota enfatiza soberania digital, direitos fundamentais, multilateralismo e abordagem multissetorial na governança da internet, alinhando-se à definição de Soberania Digital (Nota 1).","Embaixador Sam Kutesa, Presidente da 69ª Assembleia Geral das Nações Unidas,"
"Documentos aprovados na XLVII Cúpula de Chefes de Estado do MERCOSUL e Estados Associados - Paraná, Argentina, 17 de dezembro de 2014","https://www.gov.br/mre/pt-br/canais_atendimento/imprensa/notas-a-imprensa/documentos-aprovados-na-xlvii-cupula-de-chefes-de-estado-do-mercosul-e-estados-associados-parana-argentina-17-de-dezembro-de-2014","18/12/2014","3","Equilíbrio entre soberania/direitos e desenvolvimento/inovação (não puramente mercantil)","A nota apresenta equilíbrio entre cooperação em infraestrutura/tecnologia digital e preocupações com soberania, direitos ou regulação, configurando Modelo Misto (Nota 3).","COMUNICADO ESPECIAL APOYO AL ECUADOR EN SU POLÍTICA ENERGÉTICA Y DE USO GENERALIZADO DE TECNOLOGÍAS LIMPIAS"
"Discurso de Sua Excelência o Senhor Embaixador Mauro Luiz Iecker Vieira, por ocasião da cerimônia de transmissão do cargo de Ministro de Estado das Relações Exteriores - Palácio Itamaraty, 2 de janeiro de 2015","https://www.gov.br/mre/pt-br/canais_atendimento/imprensa/notas-a-imprensa/discurso-de-sua-excelencia-o-senhor-embaixador-mauro-luiz-iecker-vieira-por-ocasiao-da-cerimonia-de-transmissao-do-cargo-de-ministro-de-estado-das-relacoes-exteriores-palacio-itamaraty-2-de-janeiro-de-2015","02/01/2015","1","Soberania digital do Estado, garantias democráticas, direitos fundamentais, multilateralismo, multissetorialismo","A nota enfatiza soberania digital, direitos fundamentais, multilateralismo e abordagem multissetorial na governança da internet, alinhando-se à definição de Soberania Digital (Nota 1).","[Português]  [English]  [Español]"
"Documentos aprovados na I Reunião dos Ministros das Relações Exteriores do Foro CELAC-China - Pequim, 8 e 9 de janeiro de 2015 [inglês]","https://www.gov.br/mre/pt-br/canais_atendimento/imprensa/notas-a-imprensa/documentos-aprovados-na-i-reuniao-dos-ministros-das-relacoes-exteriores-do-foro-celac-china-pequim-8-e-9-de-janeiro-de-2015","12/01/2015","3","Equilíbrio entre soberania/direitos e desenvolvimento/inovação (não puramente mercantil)","A nota apresenta equilíbrio entre cooperação em infraestrutura/tecnologia digital e preocupações com soberania, direitos ou regulação, configurando Modelo Misto (Nota 3).","BEIJING DECLARATION OF THE FIRST MINISTERIAL MEETING OF THE CELAC – CHINA FORUM"
"Visita ao Brasil do Ministro do Exterior da República Federal da Alemanha, Frank-Walter Steinmeier – Brasília, 13 de fevereiro de 2015","https://www.gov.br/mre/pt-br/canais_atendimento/imprensa/notas-a-imprensa/visita-ao-brasil-do-ministro-do-exterior-da-republica-federal-da-alemanha-frank-walter-steinmeier-brasilia-13-de-fevereiro-de-2015","12/02/2015","2","Foco principal na soberania e direitos, com alguma abertura para inovação","A nota foca em soberania e direitos (privacidade, proteção de dados) com abertura para cooperação em inovação e tecnologia digital, correspondendo a Predominantemente Soberanista (Nota 2).","Os Ministros Mauro Vieira e Frank-Walter Steinmeier deverão analisar os principais temas da agenda bilateral, inclusive comércio e investimentos, cooperação em ciência, tecnologia e inovação e em educação. Deverão discutir, igualmente, a reforma das instituições de governança global, temas da agenda"
"IV Diálogo Estratégico Brasil – Reino Unido  - Londres, 25 de fevereiro de 2015 - Comunicado Conjunto","https://www.gov.br/mre/pt-br/canais_atendimento/imprensa/notas-a-imprensa/iv-dialogo-estrategico-brasil-reino-unido-londres-25-de-fevereiro-de-2015-comunicado-conjunto","27/02/2015","1","Soberania digital do Estado, garantias democráticas, direitos fundamentais, multilateralismo, multissetorialismo","A nota enfatiza soberania digital, direitos fundamentais, multilateralismo e abordagem multissetorial na governança da internet, alinhando-se à definição de Soberania Digital (Nota 1).","O Secretário de Negócios Estrangeiros e o Ministro das Relações Exteriores reiteraram o firme compromisso de progredir na reforma das Nações Unidas e do Conselho de Segurança, particularmente este ano, em que se comemora o 70º aniversário da Organização das Nações Unidas. O Ministro Mauro Vieira agr"
"Criação da Relatoria Especial sobre ""O Direito à Privacidade na Era Digital""","https://www.gov.br/mre/pt-br/canais_atendimento/imprensa/notas-a-imprensa/criacao-da-relatoria-especial-sobre-o-direito-a-privacidade-na-era-digital","26/03/2015","1","Soberania digital do Estado, garantias democráticas, direitos fundamentais, multilateralismo, multissetorialismo","A nota enfatiza soberania digital, direitos fundamentais, multilateralismo e abordagem multissetorial na governança da internet, alinhando-se à definição de Soberania Digital (Nota 1).","O Governo brasileiro registra, com satisfação, a adoção hoje, em Genebra, por consenso, pelo Conselho de Direitos Humanos das Nações Unidas (CDH), de resolução de iniciativa do Brasil e da Alemanha, juntamente com Áustria, Liechtenstein, México, Noruega e Suíça, sobre o direito à privacidade na era  | A relatoria especial, com mandato inicial de três anos, terá competência para reunir informações relevantes sobre o direito à privacidade, identificar obstáculos à sua promoção e proteção, tomar medidas com vistas à conscientização sobre a necessidade de promover e proteger o referido direito, bem c | A apresentação da referida resolução dá seguimento à resolução 69/166 sobre o direito à privacidade na era digital, aprovada em 18 de dezembro de 2014 pela Assembleia Geral da ONU. Por meio dessa resolução, a Assembleia Geral instou o Conselho de Direitos Humanos a considerar a possibilidade de esta"
"Acordo Marco de Cooperação com a OCDE","https://www.gov.br/mre/pt-br/canais_atendimento/imprensa/notas-a-imprensa/acordo-marco-de-cooperacao-com-a-ocde","08/04/2015","2","Foco principal na soberania e direitos, com alguma abertura para inovação","A nota foca em soberania e direitos (privacidade, proteção de dados) com abertura para cooperação em inovação e tecnologia digital, correspondendo a Predominantemente Soberanista (Nota 2).","O Brasil decidiu negociar um Acordo Marco de Cooperação com a Organização para a Cooperação e Desenvolvimento Econômico (OCDE). O Acordo permitirá aprofundar e sistematizar o relacionamento com a OCDE e estabelecer uma base jurídica única para as contribuições financeiras aportadas pelo Brasil em co | Organização intergovernamental baseada em Paris, a OCDE se dedica à pesquisa e estudos para o aperfeiçoamento das políticas públicas nas mais diversas áreas e à troca de experiências entre países membros e parceiros.  O método frequentemente usado de “revisão pelos pares” permite que os especialista | A cooperação entre o Brasil e a OCDE vem ganhando densidade em um amplo conjunto de temas, os quais incluem política macroeconômica, agricultura, comércio, educação, ciência e tecnologia e inovação, estatísticas, combate à corrupção, tributação, política de competição, política de investimentos, Con"
"13º Congresso de Prevenção do Crime e Justiça Criminal - Doha, 12 a 19 de abril de 2015","https://www.gov.br/mre/pt-br/canais_atendimento/imprensa/notas-a-imprensa/13-congresso-de-prevencao-do-crime-e-justica-criminal-doha-12-a-19-de-abril-de-2015","16/04/2015","2","Foco principal na soberania e direitos, com alguma abertura para inovação","A nota foca em soberania e direitos (privacidade, proteção de dados) com abertura para cooperação em inovação e tecnologia digital, correspondendo a Predominantemente Soberanista (Nota 2).","Realiza-se em Doha, de 12 a 19 de abril corrente, o 13º Congresso de Prevenção do Crime e Justiça Criminal das Nações Unidas. O Brasil participa com delegação de alto nível, composta pelo Representante Permanente junto às Organizações Internacionais em Viena, Embaixador Evandro Didonet; o Secretário | O Congresso debate a integração da prevenção do crime e da justiça criminal à agenda mais ampla das Nações Unidas, como forma de enfrentar desafios econômicos e sociais e de promover o Estado de Direito em nível nacional e internacional. Nesse quadro, há discussões específicas sobre políticas e estr | Durante as negociações sobre a Declaração de Doha, conduzidas em Viena, o Brasil trabalhou para que fosse reafirmada a importância da proteção e promoção dos direitos humanos, da eliminação da pobreza, da melhoria da educação e da saúde, do empoderamento das mulheres, do combate a todas as formas de"
"Acordo Comercial Expandido Brasil-México – Cidade do México, 26 de maio de 2015","https://www.gov.br/mre/pt-br/canais_atendimento/imprensa/notas-a-imprensa/acordo-comercial-expandido-brasil-mexico-cidade-do-mexico-26-de-maio-de-2015","26/05/2015","4","Foco principal na inovação e abertura de mercado, com alguma regulação estatal","A nota prioriza inovação, abertura de mercado e competitividade digital com menção a regulação ou cooperação estatal, correspondendo a Predominantemente Liberal (Nota 4).","Além da assinatura do Acordo de Cooperação e Facilitação de Investimentos, e como parte do aprofundamento do ACE-53, Brasil e México também decidem negociar disciplinas consistentes com a OMC e a ALADI e que, caso a caso, possam aprofundá-las, em matérias de serviços, comércio eletrônico, compras go"
"Ata da Quarta Reunião da Comissão Sino-Brasileira de Alto Nível de Concertação e Cooperação (COSBAN)","https://www.gov.br/mre/pt-br/canais_atendimento/imprensa/notas-a-imprensa/ata-da-quarta-reuniao-da-comissao-sino-brasileira-de-alto-nivel-de-concertacao-e-cooperacao-cosban","26/06/2015","2","Foco principal na soberania e direitos, com alguma abertura para inovação","A nota foca em soberania e direitos (privacidade, proteção de dados) com abertura para cooperação em inovação e tecnologia digital, correspondendo a Predominantemente Soberanista (Nota 2).","3. As Partes avaliaram positivamente o desempenho do comércio bilateral, dos investimentos recíprocos e da cooperação financeira. Reconheceram que o comércio bilateral sofre os efeitos da excessiva concentração da pauta de exportações brasileiras, sendo necessário identificar novas fontes de dinamis | 4.
   

   Ambas as Partes anunciaram a decisão de criar um Fundo Brasil-China de Cooperação para a Expansão da Capacidade Produtiva, cujas condições técnicas serão proximamente acordadas, conforme as legislações brasileira e chinesa. Este Fundo alcançaria valor equivalente a US$ 20 bilhões. A Parte"
"Atos assinados por ocasião da visita da Presidenta Dilma Rousseff aos Estados Unidos – Washington, 30 de junho de 2015","https://www.gov.br/mre/pt-br/canais_atendimento/imprensa/notas-a-imprensa/atos-assinados-por-ocasiao-da-visita-da-presidenta-dilma-rousseff-aos-estados-unidos-washington-30-de-junho-de-2015","30/06/2015","2","Foco principal na soberania e direitos, com alguma abertura para inovação","A nota foca em soberania e direitos (privacidade, proteção de dados) com abertura para cooperação em inovação e tecnologia digital, correspondendo a Predominantemente Soberanista (Nota 2).","MEMORANDO DE ENTENDIMENTO NA ÁREA DE DIREITOS HUMANOS
   
    [Português]
   

    [English]"
"Comunicado Conjunto da Presidenta Dilma Rousseff e do Presidente Barack Obama – Washington, 30 de junho de 2015","https://www.gov.br/mre/pt-br/canais_atendimento/imprensa/notas-a-imprensa/comunicado-conjunto-da-presidenta-dilma-rousseff-e-do-presidente-barack-obama-washington-30-de-junho-de-2015","30/06/2015","1","Soberania digital do Estado, garantias democráticas, direitos fundamentais, multilateralismo, multissetorialismo","A nota enfatiza soberania digital, direitos fundamentais, multilateralismo e abordagem multissetorial na governança da internet, alinhando-se à definição de Soberania Digital (Nota 1).","A convite do Presidente Barack Obama, a Presidenta Dilma Rousseff realizou visita oficial de trabalho aos Estados Unidos, nos dias 29 e 30 de junho de 2015, para passar em revista os principais temas das agendas bilateral, regional e multilateral. | Expandindo a Cooperação em Comércio e Investimentos | Reconhecendo o robusto fluxo de comércio e de investimento entre os dois países, os Chefes de Estado comprometeram-se a aprimorar esforços para ampliar o comércio e o investimento, bem como aumentar a competitividade e a diversidade das duas economias. Os mandatários ressaltaram que o momento de ace"
"VII Cúpula do BRICS – Plano de Ação – Ufá, Rússia, 9 de julho de 2015","https://www.gov.br/mre/pt-br/canais_atendimento/imprensa/notas-a-imprensa/vii-cupula-do-brics-plano-de-acao-ufa-russia-9-de-julho-de-2015","09/07/2015","3","Equilíbrio entre soberania/direitos e desenvolvimento/inovação (não puramente mercantil)","A nota apresenta equilíbrio entre cooperação em infraestrutura/tecnologia digital e preocupações com soberania, direitos ou regulação, configurando Modelo Misto (Nota 3).","1. Reunião do Grupo de Trabalho sobre a criação do Arranjo Multilateral Contingente de Reservas (Washington, 14-15 de abril de 2015)."
"VII Cúpula do BRICS – Declaração de Ufá – Ufá, Rússia, 9 de julho de 2015","https://www.gov.br/mre/pt-br/canais_atendimento/imprensa/notas-a-imprensa/vii-cupula-do-brics-declaracao-de-ufa-ufa-russia-9-de-julho-de-2015","09/07/2015","1","Soberania digital do Estado, garantias democráticas, direitos fundamentais, multilateralismo, multissetorialismo","A nota enfatiza soberania digital, direitos fundamentais, multilateralismo e abordagem multissetorial na governança da internet, alinhando-se à definição de Soberania Digital (Nota 1).","2. Saudamos o progresso substantivo alcançado desde a Cúpula de Fortaleza, em 15 de julho de 2014, ao longo da Presidência de turno brasileira do BRICS, especialmente o estabelecimento das instituições financeiras do BRICS: o Novo Banco de Desenvolvimento (NBD) e o Arranjo Contingente de Reservas (A | 3. Visando à consolidação de nosso crescente engajamento com outros países, em particular países em desenvolvimento e economias emergentes de mercado, bem como com instituições internacionais e regionais, realizaremos uma reunião com os Chefes de Estado e de Governo dos países da União Econômica Eur | 4. Em nosso encontro, enfatizamos que o ano de 2015 marca o 70º Aniversário da Fundação das Nações Unidas. Reafirmamos nosso forte compromisso com as Nações Unidas, enquanto organização universal multilateral incumbida do mandato de ajudar a comunidade internacional a preservar a paz e a segurança i"
"Comunicado Conjunto das Presidentas e dos Presidentes dos Estados Partes do MERCOSUL – Brasília, 17 de julho de 2015","https://www.gov.br/mre/pt-br/canais_atendimento/imprensa/notas-a-imprensa/comunicado-conjunto-das-presidentas-e-dos-presidentes-dos-estados-partes-do-mercosul-brasilia-17-de-julho-de-2015","18/07/2015","2","Foco principal na soberania e direitos, com alguma abertura para inovação","A nota foca em soberania e direitos (privacidade, proteção de dados) com abertura para cooperação em inovação e tecnologia digital, correspondendo a Predominantemente Soberanista (Nota 2).","1. Saudaram a participação do Secretário Geral da Associação Latino-americana de Integração (ALADI), Carlos Álvarez; Secretário Executivo Adjunto da Comissão Econômica para a América Latina e o Caribe (CEPAL), Antônio Prado; Diretor de Cooperação Internacional e Agências Técnicas da União de Nações  | 3. Reiteraram seu firme compromisso com o MERCOSUL, destacando que seus objetivos devem favorecer o aprofundamento da integração, o desenvolvimento dos povos, a consolidação da democracia e o respeito pelos direitos humanos."
"Visita ao Brasil do Secretário Especial para a América Latina e Assuntos Consulares, Passaporte e Vistos da Índia – Comunicado Conjunto – Brasília, 20 e 21 de julho de 2015","https://www.gov.br/mre/pt-br/canais_atendimento/imprensa/notas-a-imprensa/visita-ao-brasil-do-secretario-especial-para-a-america-latina-e-assuntos-consulares-passaporte-e-vistos-da-india-comunicado-conjunto-brasilia-20-e-21-de-julho-de-2015","21/07/2015","3","Equilíbrio entre soberania/direitos e desenvolvimento/inovação (não puramente mercantil)","A nota apresenta equilíbrio entre cooperação em infraestrutura/tecnologia digital e preocupações com soberania, direitos ou regulação, configurando Modelo Misto (Nota 3).","No dia 20 de julho de 2015, teve lugar, em Brasília, reunião bilateral entre o Subsecretário-Geral de Política II, Embaixador José Alfredo Graça Lima, e sua contraparte indiana, R. Swaminathan, Secretário Especial para a América Latina e Assuntos Consulares, Passaporte e Vistos. Os dois lados discut | Bilateral talks were held in Brasilia on 20th July between H.E Mr. José Alfredo Graça Lima, Under Secretary General Political II, and his Indian counterpart H.E Mr. R Swaminathan, Secretary General for the Americas as well as Consular, Passport and Visa. The two sides discussed the entire gamut of r"
"Comunicado Conjunto por ocasião das Primeiras Consultas Intergovernamentais de Alto Nível Brasil-Alemanha – Brasília, 20 de agosto de 2015","https://www.gov.br/mre/pt-br/canais_atendimento/imprensa/notas-a-imprensa/comunicado-conjunto-por-ocasiao-das-primeiras-consultas-intergovernamentais-de-alto-nivel-brasil-alemanha-brasilia-20-de-agosto-de-2015","20/08/2015","1","Soberania digital do Estado, garantias democráticas, direitos fundamentais, multilateralismo, multissetorialismo","A nota enfatiza soberania digital, direitos fundamentais, multilateralismo e abordagem multissetorial na governança da internet, alinhando-se à definição de Soberania Digital (Nota 1).","Em 19 e 20 de agosto de 2015, a Presidenta da República Dilma Rousseff recebeu a Chanceler Federal da Alemanha Angela Merkel, em Brasília, por ocasião da primeira edição das Consultas Intergovernamentais de Alto Nível Brasil-Alemanha. Os encontros contaram com a participação de 19 Ministros brasilei | O estabelecimento de um mecanismo periódico de consultas de alto nível eleva as relações entre Brasil e Alemanha, parceiros estratégicos desde 2002, a novo patamar. Reforça os tradicionais laços entre os dois países e ressalta a determinação em fortalecer e diversificar a Parceria Estratégica bilate | O fortalecimento do diálogo político é consequência natural dos tradicionais vínculos entre os dois países, caracterizados por fluxos de comércio e investimentos importantes e um relacionamento multifacetado. Recentes investimentos alemães nos setores automotivo e químico no Brasil são exemplos rece"
"Visita ao Brasil de Sua Alteza Real o Príncipe Herdeiro da Noruega – Brasília, 16 de novembro de 2015","https://www.gov.br/mre/pt-br/canais_atendimento/imprensa/notas-a-imprensa/visita-ao-brasil-de-sua-alteza-real-o-principe-herdeiro-da-noruega-brasilia-16-de-novembro-de-2015","13/11/2015","2","Foco principal na soberania e direitos, com alguma abertura para inovação","A nota foca em soberania e direitos (privacidade, proteção de dados) com abertura para cooperação em inovação e tecnologia digital, correspondendo a Predominantemente Soberanista (Nota 2).","Em Brasília, no dia 16, o Príncipe Herdeiro será recebido pelo Presidente da República em exercício, Michel Temer. Estão também previstos evento na CNI e encontro com estudantes do programa Ciência sem Fronteiras. A Ministra do Comércio e os Vice-Ministros manterão reuniões de trabalho com seus homó | A Noruega é parceiro econômico-comercial de importância crescente. Em 2014, o volume de comércio alcançou US$ 1,8 bilhão (crescimento de 15% na comparação com 2008). Mais de cem empresas norueguesas atuam no Brasil, principalmente nos setores de petróleo e gás e de construção naval. Na última década"
"Negociação Brasil-México para ampliação e aprofundamento do ACE-53 – Troca de Listas de Pedidos Recíprocos","https://www.gov.br/mre/pt-br/canais_atendimento/imprensa/notas-a-imprensa/negociacao-brasil-mexico-para-ampliacao-e-aprofundamento-do-ace-53-troca-de-listas-de-pedidos-reciprocos","19/12/2015","4","Foco principal na inovação e abertura de mercado, com alguma regulação estatal","A nota foca em inovação, abertura de mercado digital, investimentos e infraestrutura tecnológica com regulação estatal secundária, enquadrando-se em Predominantemente Liberal (Nota 4).","Para aumentar o fluxo comercial, expandir seu relacionamento econômico e promover investimentos, as duas maiores economias da América Latina buscam aumento substancial do universo tarifário liberalizado. Uma expansão das preferências tarifárias no acesso mútuo aos mercados dos dois países permitirá  | O Acordo permitirá explorar um grande potencial de crescimento nas relações comerciais entre os dois países, uma vez que a participação das trocas bilaterais não ultrapassou 2% dos volumes totais de comércio dos dois países com o resto do mundo, entre 2012 e 2014. Em 2015, de janeiro a novembro, o M"
"Resultados da X Conferência Ministerial da Organização Mundial do Comércio – Nairóbi, 15 a 18 de dezembro de 2015","https://www.gov.br/mre/pt-br/canais_atendimento/imprensa/notas-a-imprensa/resultados-da-x-conferencia-ministerial-da-organizacao-mundial-do-comercio-nairobi-15-a-18-de-dezembro-de-2015","19/12/2015","3","Equilíbrio entre soberania/direitos e desenvolvimento/inovação (não puramente mercantil)","A nota apresenta equilíbrio entre cooperação em infraestrutura/tecnologia digital e preocupações com soberania, direitos ou regulação, configurando Modelo Misto (Nota 3).","Os resultados alcançados em Nairóbi comprovam a capacidade da OMC em alcançar resultados relevantes num contexto multilateral e não discriminatório, quando há efetivo engajamento de seus Membros. Nesse sentido, será retomada a negociação dos demais temas da Rodada de Doha e examinada a existência de | O Brasil segue, desde logo, comprometido com seguir buscando as reformas que permitam maior acesso de nossos produtos aos mercados internacionais, a redução substancial do apoio doméstico a produtos agrícolas que impede a justa concorrência e, em geral, a promoção de condições mais justas no comérci"
"Visita do Ministro das Relações Exteriores à Etiópia, ao Marrocos e à Tunísia – 8 a 11 de março de 2016","https://www.gov.br/mre/pt-br/canais_atendimento/imprensa/notas-a-imprensa/viagem-do-ministro-das-relacoes-exteriores-a-etiopia-ao-marrocos-e-a-tunisia-8-a-11-de-marco-de-2016","04/03/2016","4","Foco principal na inovação e abertura de mercado, com alguma regulação estatal","A nota foca em inovação, abertura de mercado digital, investimentos e infraestrutura tecnológica com regulação estatal secundária, enquadrando-se em Predominantemente Liberal (Nota 4).","O Ministro Mauro Vieira é recebido pelo Ministro das Relações Exteriores da Etiópia, Tedros Adhanom Ghebreyesus"
"XII Reunião de Ministros das Relações Exteriores dos Países Membros da OTCA - El Coca, Equador, 3 de maio de 2013 – Declaração de El Coca – texto integral [Espanhol]","https://www.gov.br/mre/pt-br/canais_atendimento/imprensa/notas-a-imprensa/xii-reuniao-de-ministros-das-relacoes-exteriores-dos-paises-membros-da-otca-el-coca-equador-3-de-maio-de-2013-declaracao-de-el-coca-texto-integral-espanhol","20/05/2016","4","Foco principal na inovação e abertura de mercado, com alguma regulação estatal","A nota foca em inovação, abertura de mercado digital, investimentos e infraestrutura tecnológica com regulação estatal secundária, enquadrando-se em Predominantemente Liberal (Nota 4).","Declaración de El Coca"
"V Cúpula do Fórum de Diálogo Índia, Brasil e África do Sul (IBAS) – Declaração de Tshwane – 18/10/2011","https://www.gov.br/mre/pt-br/canais_atendimento/imprensa/notas-a-imprensa/v-cupula-do-forum-de-dialogo-india-brasil-e-africa-do-sul-ibas-declaracao-de-tshwane-18-10-2011","30/05/2016","1","Soberania digital do Estado, garantias democráticas, direitos fundamentais, multilateralismo, multissetorialismo","A nota enfatiza soberania digital, direitos fundamentais, multilateralismo e abordagem multissetorial na governança da internet, alinhando-se à definição de Soberania Digital (Nota 1).","1. Os Líderes notaram que o Fórum de Diálogo da Índia-Brasil-África do Sul (IBAS) reúne três grandes sociedades pluralistas, multiculturais e multi-raciais de três continentes, i.e., Ásia, América do Sul e África, como um agrupamento puramente Sul-Sul de países com ideais compartilhados e comprometi | 2. Essa Cúpula ocorre em um momento crítico globalmente, quando a economia mundial se defronta com sérios desafios e quando a democracia está sendo procurada em áreas tais como o Oriente Médio e Norte da África. Os líderes ressaltaram que o pilar básico do IBAS é a visão compartilhada dos três paíse"
"Discurso do Ministro José Serra durante a Reunião Ministerial da Organização Mundial de Comércio (OMC) – Paris, 2 de junho de 2016","https://www.gov.br/mre/pt-br/canais_atendimento/imprensa/notas-a-imprensa/discurso-do-ministro-jose-serra-durante-a-sessao-reforcando-a-contribuicao-do-comercio-e-do-investimento-para-o-crescimento-inclusivo-da-reuniao-do-conselho-ministerial-da-ocde-paris-2-de-junho-de-2016","02/06/2016","1","Soberania digital do Estado, garantias democráticas, direitos fundamentais, multilateralismo, multissetorialismo","A nota enfatiza soberania digital, direitos fundamentais, multilateralismo e abordagem multissetorial na governança da internet, alinhando-se à definição de Soberania Digital (Nota 1).","Como é conhecido, o Brasil está enfrentando uma situação econômica difícil, principalmente devido a causas internas e políticas. O novo governo está tomando as medidas necessárias para corrigir os desequilíbrios macroeconômicos e criar condições para o crescimento. Nesse processo, o comércio interna"
"Comunicado dos Líderes do G20 – Cúpula de Hangzhou – 4-5 de setembro de 2016","https://www.gov.br/mre/pt-br/canais_atendimento/imprensa/notas-a-imprensa/comunicado-dos-lideres-do-g20-cupula-de-hangzhou-4-5-de-setembro-de-2016","08/09/2016","1","Soberania digital do Estado, garantias democráticas, direitos fundamentais, multilateralismo, multissetorialismo","A nota enfatiza soberania digital, direitos fundamentais, multilateralismo e abordagem multissetorial na governança da internet, alinhando-se à definição de Soberania Digital (Nota 1).","2. Nós nos reunimos em período em que a recuperação econômica global está progredindo, a resiliência se fortalece em algumas economias e novas fontes de crescimento estão surgindo. Porém, o crescimento é mais fraco do que o desejável. Os riscos negativos persistem devido a potencial volatilidade no "
"Intervenção do ministro das Relações Exteriores, José Serra, na reunião de chanceleres dos BRICS à margem da 71ª Assembleia Geral das Nações Unidas – Nova York, 20 de setembro de 2016 [Inglês]","https://www.gov.br/mre/pt-br/canais_atendimento/imprensa/notas-a-imprensa/intervencao-do-ministro-das-relacoes-exteriores-jose-serra-na-reuniao-de-chanceleres-dos-brics-a-margem-da-71-assembleia-geral-das-nacoes-unidas-nova-york-20-de-setembro-de-2016","20/09/2016","4","Foco principal na inovação e abertura de mercado, com alguma regulação estatal","A nota foca em inovação, abertura de mercado digital, investimentos e infraestrutura tecnológica com regulação estatal secundária, enquadrando-se em Predominantemente Liberal (Nota 4).","I am very glad to attend, for the first time, the meeting of BRICS Foreign Ministers, on the sidelines of the UN General Assembly."
"Visita do Presidente da República ao Paraguai - Assunção, 3 de outubro de 2016 - Ato Assinado","https://www.gov.br/mre/pt-br/canais_atendimento/imprensa/notas-a-imprensa/visita-do-presidente-da-republica-ao-paraguai-ato-assinado","04/10/2016","4","Foco principal na inovação e abertura de mercado, com alguma regulação estatal","A nota foca em inovação, abertura de mercado digital, investimentos e infraestrutura tecnológica com regulação estatal secundária, enquadrando-se em Predominantemente Liberal (Nota 4).","MEMORANDO DE ENTENDIMENTO ENTRE O GOVERNO DA REPÚBLICA FEDERATIVA DO BRASIL E O GOVERNO DA REPÚBLICA DO PARAGUAI PARA A IMPLEMENTAÇÃO DO PROJETO “FORTALECIMENTO DA CONECTIVIDADE”   O Governo da República Federativa do Brasil  e O Governo da República do Paraguai  (doravante referidos como “Partes”);"
"Visita do Presidente da República à Índia – Goa, 17 de outubro de 2016 – Comunicado Conjunto Brasil-Índia","https://www.gov.br/mre/pt-br/canais_atendimento/imprensa/notas-a-imprensa/visita-do-presidente-da-republica-a-india-goa-17-de-outubro-de-2016-comunicado-conjunto-brasil-india","17/10/2016","1","Soberania digital do Estado, garantias democráticas, direitos fundamentais, multilateralismo, multissetorialismo","A nota enfatiza soberania digital, direitos fundamentais, multilateralismo e abordagem multissetorial na governança da internet, alinhando-se à definição de Soberania Digital (Nota 1).","2. O diálogo entre Brasil e Índia em 17 de outubro de 2016, em Goa, foi mantido em atmosfera calorosa, cordial e amistosa. Inicialmente, o primeiro-ministro Modi felicitou o Brasil pela organização exitosa dos Jogos Olímpicos Rio 2016. O presidente Temer cumprimentou o primeiro-ministro Modi por sua | 3. Os dois líderes mantiveram discussões abrangentes sobre temas bilaterais, regionais e multilaterais de interesse mútuo e chegaram a consenso amplo, com o objetivo comum de trabalhar em estreita coordenação pelo fortalecimento da parceria estratégica e para conferir-lhe renovado impulso. As discus"
"Declaração conjunta do presidente da República Federativa do Brasil e do primeiro-ministro da República Portuguesa por ocasião da XII Cimeira Brasil-Portugal","https://www.gov.br/mre/pt-br/canais_atendimento/imprensa/notas-a-imprensa/declaracao-conjunta-do-presidente-da-republica-federativa-do-brasil-e-do-primeiro-ministro-da-republica-portuguesa-por-ocasiao-da-xii-cimeira-brasil-portugal","01/11/2016","2","Foco principal na soberania e direitos, com alguma abertura para inovação","A nota foca em soberania e direitos (privacidade, proteção de dados) com abertura para cooperação em inovação e tecnologia digital, correspondendo a Predominantemente Soberanista (Nota 2).","2. Participaram também da Cimeira, do lado português, os ministros dos Negócios Estrangeiros, Augusto Santos Silva, da Ciência, Tecnologia e Ensino Superior, Manuel Heitor, da Economia, Manuel Caldeira Cabral, e a secretária de estado dos Negócios Estrangeiros e da Cooperação, Teresa Ribeiro, e, do  | 3. Em ambiente de grande cordialidade, os chefes de governo felicitaram-se pela excelência e dinamismo do relacionamento luso-brasileiro e expressaram satisfação pela retomada dos contatos no mais alto nível entre as autoridades brasileiras e portuguesas. Consideraram constituir esta XII Cimeira uma | 4. Neste contexto, os dois mandatários congratularam-se pela realização recente das reuniões da Comissão Permanente Bilateral e das subcomissões de Assuntos Consulares e Circulação de Pessoas; de Educação, Cultura, Comunicação Social, Juventude e Desporto; de Reconhecimento de Graus e Títulos Acadêm"
"Direito à privacidade na era digital","https://www.gov.br/mre/pt-br/canais_atendimento/imprensa/notas-a-imprensa/direito-a-privacidade-na-era-digital","24/03/2017","1","Soberania digital do Estado, garantias democráticas, direitos fundamentais, multilateralismo, multissetorialismo","A nota enfatiza soberania digital, direitos fundamentais, multilateralismo e abordagem multissetorial na governança da internet, alinhando-se à definição de Soberania Digital (Nota 1).","No marco da 34ª sessão do Conselho de Direitos Humanos das Nações Unidas (CDH), foi aprovada, por consenso, a resolução sobre o direito à privacidade na era digital, projeto apresentado pelo Brasil, em conjunto com Alemanha, Áustria, Liechtenstein, México e Suíça. | A resolução, que já conta com o copatrocínio de 68 países de diferentes regiões, reafirma o direito à privacidade conforme previsto na Declaração Universal de Direitos Humanos e no Pacto Internacional de Direitos Civis e Políticos. | O documento do CDH conclama os estados a respeitar e proteger o direito à privacidade, a pôr fim a violações, a prover medidas efetivas de reparação e a assegurar que qualquer restrição ao direito à privacidade deverá respeitar os princípios da legalidade, necessidade e proporcionalidade."
"Declaração conjunta aprovada por ocasião da VI Cúpula Brasil–União Europeia - Brasília, 24 de janeiro de 2013","https://www.gov.br/mre/pt-br/canais_atendimento/imprensa/notas-a-imprensa/declaracao-conjunta-aprovada-por-ocasiao-da-vi-cupula-brasil-uniao-europeia-brasilia-24-de-janeiro-de-2013","01/06/2017","1","Soberania digital do Estado, garantias democráticas, direitos fundamentais, multilateralismo, multissetorialismo","A nota enfatiza soberania digital, direitos fundamentais, multilateralismo e abordagem multissetorial na governança da internet, alinhando-se à definição de Soberania Digital (Nota 1).","A VI Cúpula Brasil-União Europeia foi realizada em 24 de janeiro de 2013, em Brasília. A República Federativa do Brasil foi representada por sua Presidenta, Dilma Rousseff, que se fez acompanhar do Ministro das Relações Exteriores, Embaixador Antonio de Aguiar Patriota, do Ministro da Fazenda, Guido | 2. Os valores e princípios compartilhados, nos quais se apoia a Parceria Estratégica Brasil-EU, viram-se mais uma vez refletida no firme compromisso dos líderes com os princípios da democracia e do Estado de Direito, o respeito aos direitos humanos e liberdades fundamentais, a promoção do desenvolvi | 4. Registraram, com satisfação, os números expressivos dos fluxos de comércio e de investimentos bilaterais. Nesse contexto, congratularam-se pela manutenção da posição da União Europeia como principal parceiro comercial do Brasil e maior investidor no País, bem como pela expansão continuada dos inv"
"Visita do ministro Aloysio Nunes Ferreira aos Estados Unidos – Washington, 2 de junho de 2017","https://www.gov.br/mre/pt-br/canais_atendimento/imprensa/notas-a-imprensa/visita-do-ministro-aloysio-nunes-ferreira-aos-estados-unidos-washington-2-de-junho-de-2017","01/06/2017","4","Foco principal na inovação e abertura de mercado, com alguma regulação estatal","A nota foca em inovação, abertura de mercado digital, investimentos e infraestrutura tecnológica com regulação estatal secundária, enquadrando-se em Predominantemente Liberal (Nota 4).","O ministro Aloysio Nunes Ferreira transmitirá ao secretário de Estado norte-americano propostas brasileiras nas áreas de comércio e investimentos, aviação civil, espaço, infraestrutura, energia, agricultura, saúde, economia digital, defesa e segurança."
"Itamaraty apoia empreendedorismo brasileiro no exterior","https://www.gov.br/mre/pt-br/canais_atendimento/imprensa/notas-a-imprensa/itamaraty-apoia-empreendedorismo-brasileiro-no-exterior","06/07/2017","4","Foco principal na inovação e abertura de mercado, com alguma regulação estatal","A nota foca em inovação, abertura de mercado digital, investimentos e infraestrutura tecnológica com regulação estatal secundária, enquadrando-se em Predominantemente Liberal (Nota 4).","Serão lançados, na próxima sexta-feira, dia 7 de julho, às 11h, os 16 primeiros guias da série ""Como empreender no exterior"" e o livro ""Brasileiros nos Estados Unidos - Meio Século Refazendo a América (1960-2010)"", de Álvaro Eduardo de Castro e Lima e Alanni de Lacerda Barbosa de Castro."
"Declaração dos Lideres do G20 – Moldando um Mundo Interconectado","https://www.gov.br/mre/pt-br/canais_atendimento/imprensa/notas-a-imprensa/declaracao-dos-lideres-do-g20-moldando-um-mundo-interconectado","08/07/2017","1","Soberania digital do Estado, garantias democráticas, direitos fundamentais, multilateralismo, multissetorialismo","A nota enfatiza soberania digital, direitos fundamentais, multilateralismo e abordagem multissetorial na governança da internet, alinhando-se à definição de Soberania Digital (Nota 1).","PreâmbuloNós, os Líderes do G20, reunimo-nos em Hamburgo, Alemanha, de 7 a 8 de julho de 2017, para tratar dos grandes desafios econômicos globais e contribuir para a prosperidade e o bem-estar.Superar os desafios de nossa era e moldar um mundo interconectado é o objetivo comum do G20, o principal f | [1] Observando as diferenças nas definições dos países do G20 sobre o termo ""antibióticos"" e referindo-se aqui aos antibióticos com impacto na saúde humana, incluindo antimicrobianos criticamente importantes para a medicina humana, conforme estabelecido pela OMS."
"Declaração de Hamburgo dos Líderes do G20 sobre a Luta contra o Terrorismo","https://www.gov.br/mre/pt-br/canais_atendimento/imprensa/notas-a-imprensa/declaracao-de-hamburgo-dos-lideres-do-g20-sobre-a-luta-contra-o-terrorismo","08/07/2017","1","Soberania digital do Estado, garantias democráticas, direitos fundamentais, multilateralismo, multissetorialismo","A nota enfatiza soberania digital, direitos fundamentais, multilateralismo e abordagem multissetorial na governança da internet, alinhando-se à definição de Soberania Digital (Nota 1).","2. Reafirmamos que todas as medidas de combate ao terrorismo devem ser implementadas de acordo com a Carta das Nações Unidas e todas as obrigações advindas do direito internacional, inclusive o arcabouço legislativo internacional em matéria de direitos humanos. Implementação de compromissos internac | 5. Facilitaremos intercâmbios de informação rápidos e diretos entre as autoridades de inteligência, de aplicação da lei e judiciárias sobre compartilhamento operacional de informações, medidas preventivas e resposta em matéria de justiça criminal, assegurando o necessário equilíbrio entre os aspecto"
"Documentos finais da XXII Reunião Ordinária do Conselho de Ministros da Comunidade dos Países de Língua Portuguesa – Brasília, 20 de julho de 2017","https://www.gov.br/mre/pt-br/canais_atendimento/imprensa/notas-a-imprensa/documentos-finais-da-xxii-reuniao-ordinaria-do-conselho-de-ministros-da-comunidade-dos-paises-de-lingua-portuguesa-brasilia-em-20-de-julho-de-2017","20/07/2017","2","Foco principal na soberania e direitos, com alguma abertura para inovação","A nota foca em soberania e direitos (privacidade, proteção de dados) com abertura para cooperação em inovação e tecnologia digital, correspondendo a Predominantemente Soberanista (Nota 2).","1. Comunicado final"
"V Cúpula Brasil-União Europeia – Declaração Conjunta e Plano de Ação Conjunta – Bruxelas, 4 outubro de 2011","https://www.gov.br/mre/pt-br/canais_atendimento/imprensa/notas-a-imprensa/v-cupula-brasil-uniao-europeia-declaracao-conjunta-bruxelas-4-outubro-de-2011","04/08/2017","1","Soberania digital do Estado, garantias democráticas, direitos fundamentais, multilateralismo, multissetorialismo","A nota enfatiza soberania digital, direitos fundamentais, multilateralismo e abordagem multissetorial na governança da internet, alinhando-se à definição de Soberania Digital (Nota 1).","A V Cúpula Brasil-União Europeia foi realizada em Bruxelas em 4 de outubro de 2011. A República Federativa do Brasil foi representada pela Presidenta, Senhora Dilma Rousseff, acompanhada pelo Ministro das Relações Exteriores, Embaixador Antonio de Aguiar Patriota, pela Ministra da Cultura, Senhora A | Os Líderes reafirmaram os valores e princípios compartilhados pelo Brasil e pela UE que encontram expressão em sua Parceria Estratégica, destacando seu compromisso com a promoção da paz e da segurança internacional, o fortalecimento da democracia e do primado do direito, o respeito aos direitos huma"
"Atos assinados por ocasião da visita ao Brasil da Ministra das Relações Exteriores da Colômbia, María Ángela Holguín – Brasília, 26 de outubro de 2011","https://www.gov.br/mre/pt-br/canais_atendimento/imprensa/notas-a-imprensa/atos-assinados-por-ocasiao-da-visita-ao-brasil-da-ministra-das-relacoes-exteriores-da-colombia-maria-angela-holguin-brasilia-26-de-outubro-de-2011","15/08/2017","2","Foco principal na soberania e direitos, com alguma abertura para inovação","A nota foca em soberania e direitos (privacidade, proteção de dados) com abertura para cooperação em inovação e tecnologia digital, correspondendo a Predominantemente Soberanista (Nota 2).","3 - AJUSTE COMPLEMENTAR AO ACORDO BÁSICO DE COOPERAÇÃO TÉCNICA ENTRE O GOVERNO DA REPÚBLICA FEDERATIVA DO BRASIL E O GOVERNO DA REPÚBLICA DA COLÔMBIA PARA IMPLEMENTAÇÃO DO PROJETO “FORTALECIMENTO INSTITUCIONAL PARLA A IMPLEMENTAÇÃO DE POLÍTICAS PÚBLICAS DESTINADAS À GARANTIA DOS DIREITOS HUMANOS DE  | 5 - AJUSTE COMPLEMENTAR AO ACORDO BÁSICO DE COOPERAÇÃO TÉCNICA ENTRE O GOVERNO DA REPÚBLICA FEDERATIVA DO BRASIL E O GOVERNO DA REPÚBLICA DA COLÔMBIA PARA IMPLEMENTAÇÃO DO PROJETO “APOIO TÉCNICO PARA O FORTALECIMENTO DA POLÍTICA DE SEGURANÇA ALIMENTAR E NUTRICIONAL DA COLÔMBIA”"
"Atos assinados por ocasião da visita do presidente Michel Temer à China – Pequim, 31 de agosto a 3 de setembro de 2017","https://www.gov.br/mre/pt-br/canais_atendimento/imprensa/notas-a-imprensa/atos-assinados-por-ocasiao-da-visita-do-presidente-michel-temer-a-china-pequim-31-de-agosto-a-3-de-setembro-de-2017","03/09/2017","4","Foco principal na inovação e abertura de mercado, com alguma regulação estatal","A nota foca em inovação, abertura de mercado digital, investimentos e infraestrutura tecnológica com regulação estatal secundária, enquadrando-se em Predominantemente Liberal (Nota 4).","Durante a visita de estado do presidente Michel Temer à China, foram assinados os seguintes instrumentos:"
"IX Cúpula do BRICS – Declaração de Xiamen – Xiamen, China, 4 de setembro de 2017","https://www.gov.br/mre/pt-br/canais_atendimento/imprensa/notas-a-imprensa/nona-cupula-do-brics-declaracao-de-xiamen-xiamen-china-4-de-setembro-de-2017","04/09/2017","1","Soberania digital do Estado, garantias democráticas, direitos fundamentais, multilateralismo, multissetorialismo","A nota enfatiza soberania digital, direitos fundamentais, multilateralismo e abordagem multissetorial na governança da internet, alinhando-se à definição de Soberania Digital (Nota 1).","2. Reiteramos que o nosso desejo de paz, segurança, desenvolvimento e cooperação é o objetivo central que nos uniu há 10 anos. Desde então, os países do BRICS percorreram juntos uma jornada notável em seus respectivos caminhos de desenvolvimento adaptados às suas circunstâncias nacionais, dedicados  | 3. Desde 2006, nossa cooperação tem fomentado o espírito BRICS - caracterizado por respeito mútuo e compreensão, igualdade, solidariedade, abertura, inclusão e cooperação mutuamente benéfica -, que é nosso valioso ativo e fonte de força inesgotável para a cooperação BRICS. Nós temos demonstrado resp | 4. Congratulamo-nos pelos vários resultados frutíferos da nossa cooperação, incluindo o estabelecimento do Novo Banco de Desenvolvimento (NDB, na sigla em inglês) e do Acordo Contingente de Reservas (CRA, na sigla em inglês), a formulação da Estratégia para uma Parceria Econômica do BRICS, o fortale"
"Reunião ministerial da OMC em Marraquexe","https://www.gov.br/mre/pt-br/canais_atendimento/imprensa/notas-a-imprensa/reuniao-ministerial-da-omc-em-marraquexe","08/10/2017","4","Foco principal na inovação e abertura de mercado, com alguma regulação estatal","A nota foca em inovação, abertura de mercado digital, investimentos e infraestrutura tecnológica com regulação estatal secundária, enquadrando-se em Predominantemente Liberal (Nota 4).","O ministro Aloysio Nunes Ferreira participa, em 9 e 10 de outubro, de reunião ministerial da OMC em Marraquexe, Marrocos, durante a qual se avaliará o estágio atual das negociações para a 11ª Conferência Ministerial da OMC que terá lugar em Buenos Aires em dezembro. | Também estarão na mesa questões como a limitação de subsídios à pesca e a possibilidade de incluir na agenda da OMC novos temas, como facilitação de investimentos, medidas para favorecer a participação de micro, pequenas e médias empresas no comércio internacional, além de comércio eletrônico. | À margem da reunião de Marraquexe, o ministro Aloysio Nunes Ferreira participará de encontro ministerial do Grupo de Cairns, que reúne grandes exportadores agrícolas, e terá encontros com a presidente da 11ª Conferência Ministerial da OMC, a argentina Susana Malcorra; com o diretor-geral da OMC, o b"
"Visita do Ministro Aloysio Nunes Ferreira à Itália – Comunicado Conjunto","https://www.gov.br/mre/pt-br/canais_atendimento/imprensa/notas-a-imprensa/visita-do-ministro-aloysio-nunes-ferreira-a-italia-comunicado-conjunto","13/11/2017","1","Soberania digital do Estado, garantias democráticas, direitos fundamentais, multilateralismo, multissetorialismo","A nota enfatiza soberania digital, direitos fundamentais, multilateralismo e abordagem multissetorial na governança da internet, alinhando-se à definição de Soberania Digital (Nota 1).","COORDENAÇÃO SOBRE TEMAS POLÍTICOS | 3. Do encontro, emergiu um interesse pelos respectivos contextos regionais assim como uma forte convergência de visões a respeito dos temas da agenda global multilateral, sobre os quais ambos os países tencionam aumentar o diálogo e a coordenação em vista, em particular, da presença da Itália no Con | 4. Entre outros temas, comprometeram-se a intensificar a coordenação em matéria de desenvolvimento sustentável, mudança do clima, direitos humanos, migrações, igualdade de gênero, combate ao terrorismo e construção da paz."
"Atos assinados por ocasião da visita do Presidente do Estado Plurinacional da Bolívia, Evo Morales","https://www.gov.br/mre/pt-br/canais_atendimento/imprensa/notas-a-imprensa/atos-assinados-por-ocasiao-da-visita-do-presidente-do-estado-plurinacional-da-bolivia-evo-morales","05/12/2017","1","Soberania digital do Estado, garantias democráticas, direitos fundamentais, multilateralismo, multissetorialismo","A nota enfatiza soberania digital, direitos fundamentais, multilateralismo e abordagem multissetorial na governança da internet, alinhando-se à definição de Soberania Digital (Nota 1).","1. ACORDO INTERINSTITUCIONAL INTERNACIONAL PARA A COOPERAÇÃO POLICIAL ENTRE O MINISTÉRIO DA JUSTIÇA E SEGURANÇA PÚBLICA DA REPÚBLICA FEDERATIVA DO BRASIL E O MINISTÉRIO DE GOVERNO DO ESTADO PLURINACIONAL DA BOLÍVIA PARA A PREVENÇÃO E COMBATE AO CRIME ORGANIZADO TRANSNACIONAL E QUALQUER OUTRA MANIFES"
"LI Cúpula de Chefes de Estado do MERCOSUL e Estados Associados e LI Reunião Ordinária do Conselho do Mercado Comum do MERCOSUL","https://www.gov.br/mre/pt-br/canais_atendimento/imprensa/notas-a-imprensa/li-cupula-de-chefes-de-estado-do-mercosul-e-estados-associados-e-li-reuniao-ordinaria-do-conselho-do-mercado-comum-do-mercosul","15/12/2017","2","Foco principal na soberania e direitos, com alguma abertura para inovação","A nota foca em soberania e direitos (privacidade, proteção de dados) com abertura para cooperação em inovação e tecnologia digital, correspondendo a Predominantemente Soberanista (Nota 2).","A Cúpula de Chefes de Estado encerra a Presidência Pro Tempore Brasileira (PPTB) do MERCOSUL, exercida durante o segundo semestre de 2017. Ao longo da PPTB, foram realizadas cerca de 300 reuniões dos órgãos decisórios e especializados do MERCOSUL, em temas como comércio, regulamentos técnicos, contr | A Cúpula de Brasília consolida o fortalecimento do MERCOSUL como instrumento de integração capaz de gerar resultados concretos em benefício das sociedades da região, com base nos pilares fundacionais do bloco: integração econômico-comercial, democracia e direitos humanos. | Sob a Presidência Pro Tempore Brasileira, foram retomadas discussões de temas que não vinham tendo tratamento nos últimos anos, como serviços; comércio eletrônico; facilitação do comércio; pequenas e médias empresas; e o interesse do consumidor na equação do comércio exterior. Novos temas também for"
"Acordo entre a República Federativa do Brasil e o estado de Israel de Previdência Social – 27 de fevereiro de 2018","https://www.gov.br/mre/pt-br/canais_atendimento/imprensa/notas-a-imprensa/acordo-entre-a-republica-federativa-do-brasil-e-o-estado-de-israel-de-previdencia-social-27-de-fevereiro-de-2018","27/02/2018","1","Soberania digital do Estado, garantias democráticas, direitos fundamentais, multilateralismo, multissetorialismo","A nota enfatiza soberania digital, direitos fundamentais, multilateralismo e abordagem multissetorial na governança da internet, alinhando-se à definição de Soberania Digital (Nota 1).","A República Federativa do Brasil"
"Comunicado conjunto entre a República Federativa do Brasil e a República de Singapura – Singapura, 8 de maio de 2018","https://www.gov.br/mre/pt-br/canais_atendimento/imprensa/notas-a-imprensa/comunicado-conjunto-entre-a-republica-federativa-do-brasil-e-a-republica-de-singapura-por-ocasiao-da-visita-oficial-do-ministro-das-relacoes-exteriores-do-brasil-aloysio-nunes-ferreira-singapura-7-a-9-de-maio-de-2018","08/05/2018","4","Foco principal na inovação e abertura de mercado, com alguma regulação estatal","A nota foca em inovação, abertura de mercado digital, investimentos e infraestrutura tecnológica com regulação estatal secundária, enquadrando-se em Predominantemente Liberal (Nota 4).","2. Durante seus encontros, ambos os lados saudaram a comemoração, em 2017, do 50º aniversário do estabelecimento relações diplomáticas entre Singapura e o Brasil. Ambos os lados também se puseram de acordo em dar continuidade ao diálogo político regular de alto nível, bem como em um intercâmbio mais | 3. Os ministros saudaram a crescente cooperação em comércio e investimento entre Singapura e o Brasil. Em 2017, o comércio de bens totalizou US$ 3,4 bilhões, fazendo do Brasil o terceiro maior parceiro comercial de Singapura na América Latina. O Brasil é o maior supridor frango, carne bovina e suíno | 4. O ministro Nunes Ferreira saudou os investimentos de Singapura no Brasil. As empresas de Singapura são participantes ativos em vários setores importantes no Brasil, incluindo óleo e gás, infraestrutura, setor imobiliário, agricultura e transportes. O ministro Nunes Ferreira também saudou o intere"
"Lançamento das negociações de um Acordo de Comércio entre   o Mercosul e a República da Coreia – 25 de maio de 2018","https://www.gov.br/mre/pt-br/canais_atendimento/imprensa/notas-a-imprensa/lancamento-das-negociacoes-de-um-acordo-de-comercio-entre-o-mercosul-e-a-republica-da-coreia-25-de-maio-de-2018","25/05/2018","5","Inovação livre, autorregulação, lógica mercantil","A nota enfatiza inovação livre, empreendedorismo e lógica de mercado sem regulação estatal destacada, enquadrando-se em Baixa Intervenção Estatal (Nota 5).","O futuro acordo deverá contemplar, entre outros, capítulos sobre bens, serviços, compras governamentais, propriedade intelectual, comércio eletrônico, investimentos, desenvolvimento sustentável e competição. | Ainda na capital coreana será realizado um “Fórum Empresarial” onde autoridades do MERCOSUL apresentarão aos empresários sul-coreanos oportunidades de negócios e investimentos."
"I Rodada Negociadora do Acordo de Livre Comércio  Brasil-Chile – Brasília, 6 a 8 de junho de 2018","https://www.gov.br/mre/pt-br/canais_atendimento/imprensa/notas-a-imprensa/i-rodada-negociadora-do-acordo-de-livre-comercio-brasil-chile-brasilia-6-a-8-de-junho-de-2018","08/06/2018","4","Foco principal na inovação e abertura de mercado, com alguma regulação estatal","A nota foca em inovação, abertura de mercado digital, investimentos e infraestrutura tecnológica com regulação estatal secundária, enquadrando-se em Predominantemente Liberal (Nota 4).","Durante a reunião, as partes registraram avanços nos temas que integram o futuro acordo: comércio de serviços; comércio eletrônico; telecomunicações; medidas sanitárias e fitossanitárias; facilitação de comércio; micro, pequenas e médias empresas; obstáculos técnicos ao comércio; coerência regulatór | O Chile é o segundo principal parceiro comercial do Brasil na América do Sul e importante destino de investimentos brasileiros na região. Em 2017, o intercâmbio comercial bilateral alcançou US$ 8,5 bilhões, o que representa incremento de 22% em relação ao mesmo período do ano passado. Nos cinco prim"
"Comunicado Conjunto dos Presidentes dos Estados Partes do MERCOSUL e Bolívia – Assunção, 18 de junho de 2018","https://www.gov.br/mre/pt-br/canais_atendimento/imprensa/notas-a-imprensa/comunicado-conjunto-dos-presidentes-de-estados-partes-do-mercosul-e-bolivia-assuncao-18-de-junho-de-2018","18/06/2018","2","Foco principal na soberania e direitos, com alguma abertura para inovação","A nota foca em soberania e direitos (privacidade, proteção de dados) com abertura para cooperação em inovação e tecnologia digital, correspondendo a Predominantemente Soberanista (Nota 2).","1. Reiteraram seu firme compromisso com o processo de integração do MERCOSUL, destacando que seus objetivos estão voltados ao aprofundamento do desenvolvimento e à melhoria da qualidade de vida de seus povos; à plena vigência da democracia e do estado de direito; e à proteção, promoção e respeito ir | 4. Sublinharam a importância de fortalecer o Instituto Social do MERCOSUL (ISM) como órgão técnico de apoio aos foros responsáveis em prol do fortalecimento da dimensão social do processo de integração. Ainda, destacaram o trabalho levado adiante pelo Instituto de Políticas Públicas em Direitos Huma"
"Diálogo com os Grupos de Engajamento do G20","https://www.gov.br/mre/pt-br/canais_atendimento/imprensa/notas-a-imprensa/dialogo-com-os-grupos-de-engajamento-do-g20","20/06/2018","4","Foco principal na inovação e abertura de mercado, com alguma regulação estatal","A nota foca em inovação, abertura de mercado digital, investimentos e infraestrutura tecnológica com regulação estatal secundária, enquadrando-se em Predominantemente Liberal (Nota 4).","Realizou-se ontem, 19 de junho, no Palácio Itamaraty, o seminário “Diálogo com Grupos de Engajamento do G20”. A atividade contou com a presença de integrantes do governo e representantes da sociedade civil brasileira que participam nos grupos de engajamento do G20: “Business 20” (empresários), “Civi | O evento ofereceu oportunidade para diálogo sobre os temas em pauta nas diferentes instâncias do G20 e constitui mais um passo no esforço de democratização e transparência da política externa brasileira. | O G20 constitui foro para a cooperação internacional em temas econômicos e financeiros e congrega países desenvolvidos e em desenvolvimento com maior projeção na economia mundial. Desde a crise financeira de 2008, o grupo passou a tratar de questões econômicas e sociais diversas, como comércio e inv"
"X Cúpula dos BRICS – Declaração de Joanesburgo – 27 de julho de 2018 [Inglês]","https://www.gov.br/mre/pt-br/canais_atendimento/imprensa/notas-a-imprensa/x-cupula-dos-brics-declaracao-de-joanesburgo-27-de-julho-de-2018-ingles","27/07/2018","3","Equilíbrio entre soberania/direitos e desenvolvimento/inovação (não puramente mercantil)","A nota apresenta equilíbrio entre cooperação em infraestrutura/tecnologia digital e preocupações com soberania, direitos ou regulação, configurando Modelo Misto (Nota 3).","BRICS in Africa:
   
   Collaboration for Inclusive Growth and Shared Prosperity
   


   in the 4th Industrial Revolution"
"II Rodada Negociadora do Acordo de Livre Comércio Brasil-Chile – Santiago, 7 a 10 de agosto de 2018","https://www.gov.br/mre/pt-br/canais_atendimento/imprensa/notas-a-imprensa/ii-rodada-negociadora-do-acordo-de-livre-comercio-brasil-chile-santiago-7-a-10-de-agosto-de-2018","13/08/2018","4","Foco principal na inovação e abertura de mercado, com alguma regulação estatal","A nota foca em inovação, abertura de mercado digital, investimentos e infraestrutura tecnológica com regulação estatal secundária, enquadrando-se em Predominantemente Liberal (Nota 4).","Durante a II Rodada, foram concluídos os capítulos sobre Política de Concorrência, Boas Práticas Regulatórias e Micro, Pequenas e Médias Empresas e Empreendedores. Avançou-se, substancialmente, nas negociações a respeito dos demais capítulos que integram o futuro acordo: comércio de serviços; comérc | O Chile é o segundo principal parceiro comercial do Brasil na América do Sul e importante destino de investimentos brasileiros na região. Em 2017, o intercâmbio comercial bilateral alcançou US$ 8,5 bilhões, o que representa incremento de 22% em relação ao mesmo período do ano anterior. De janeiro a "
"III Rodada de Negociações do Acordo de Livre Comércio Brasil-Chile – Brasilia, 12 a 14 de setembro de 2018","https://www.gov.br/mre/pt-br/canais_atendimento/imprensa/notas-a-imprensa/iii-rodada-de-negociacoes-do-acordo-de-livre-comercio-brasil-chile-brasilia-12-a-14-de-setembro-de-2018","14/09/2018","4","Foco principal na inovação e abertura de mercado, com alguma regulação estatal","A nota foca em inovação, abertura de mercado digital, investimentos e infraestrutura tecnológica com regulação estatal secundária, enquadrando-se em Predominantemente Liberal (Nota 4).","Na rodada anterior, haviam sido finalizados os capítulos de política de concorrência, boas práticas regulatórias e micro, pequenas e médias empresas e empreendedores. | O Chile é o segundo principal parceiro comercial do Brasil na América do Sul e importante destino de investimentos brasileiros na região. Em 2017, o intercâmbio comercial bilateral alcançou US$ 8,5 bilhões, o que representa incremento de 22% em relação ao mesmo período do ano anterior. De janeiro a "
"Acordo de Livre Comércio Brasil-Chile [Declaração à imprensa]","https://www.gov.br/mre/pt-br/canais_atendimento/imprensa/notas-a-imprensa/acordo-de-livre-comercio-brasil-chile","21/11/2018","4","Foco principal na inovação e abertura de mercado, com alguma regulação estatal","A nota foca em inovação, abertura de mercado digital, investimentos e infraestrutura tecnológica com regulação estatal secundária, enquadrando-se em Predominantemente Liberal (Nota 4).","O Acordo de Livre Comércio entre o Brasil e o Chile constitui um instrumento comercial de “última geração”, moderno e ambicioso. Por meio de seus 24 Capítulos, estabelece normas que facilitarão o comércio e os investimentos entre ambos os países, tanto no setor de bens quanto no setor de ser | Destaca-se o compromisso alcançado entre o Brasil e o Chile para que, no prazo de um ano a partir da entrada em vigor do Acordo, se estabeleça a eliminação do roaming internacional para telefonia móvel e transmissão de dados, o que terá um impacto direto na facilitação e no desenvolvimento  | O Acordo inclui normas de apoio para que as micro, pequenas e médias empresas (MPMEs) possam beneficiar-se efetivamente de suas disposições. Em matéria de Contratação Pública, permitirá às MPMEs do Brasil e do Chile participarem das licitações realizadas na outra Parte, competindo em igua"
"Solicitação de atribuição do nome de domínio de primeiro nível “.Amazon”","https://www.gov.br/mre/pt-br/canais_atendimento/imprensa/notas-a-imprensa/2019/solicitacao-de-atribuicao-do-nome-de-dominio-de-primeiro-nivel-amazon","11/03/2019","1","Soberania digital do Estado, garantias democráticas, direitos fundamentais, multilateralismo, multissetorialismo","A nota enfatiza soberania digital, direitos fundamentais, multilateralismo e abordagem multissetorial na governança da internet, alinhando-se à definição de Soberania Digital (Nota 1).","Em 10 de março, o Conselho Diretor da Corporação da Internet para Atribuição de Nomes e Números (ICANN) adotou resolução a respeito da atribuição do nome de domínio de primeiro nível “.Amazon” à empresa Amazon Inc. A medida dispõe que, na ausência de um acordo entre os países amazôn | Desde 2012, por intermédio do Itamaraty, o Brasil, em coordenação com os demais países amazônicos, opõe-se firmemente à atribuição do “.Amazon” à empresa Amazon Inc. em regime de exclusividade. Na visão brasileira, devido a sua indissociável relação semântica com a Amazônia, aquele d | Nas próximas semanas, o Brasil buscará, de boa-fé, em parceria com outros países amazônicos e em diálogo com a Amazon Inc., ajudar a que se chegue a solução mutuamente aceitável e que respeite o legítimo e superior interesse público dos Estados e sociedades envolvidos. O governo brasileir"
"Solicitação de atribuição de domínio de primeiro nível “.Amazon”","https://www.gov.br/mre/pt-br/canais_atendimento/imprensa/notas-a-imprensa/2019/solicitacao-de-atribuicao-de-dominio-de-primeiro-nivel-amazon","18/04/2019","1","Soberania digital do Estado, garantias democráticas, direitos fundamentais, multilateralismo, multissetorialismo","A nota enfatiza soberania digital, direitos fundamentais, multilateralismo e abordagem multissetorial na governança da internet, alinhando-se à definição de Soberania Digital (Nota 1).","O Ministério das Relações Exteriores foi informado de que a empresa Amazon Inc. submeteu à Corporação da Internet para Atribuição de Nomes e Números (ICANN), em 17/4/2019, proposta para obter o domínio de primeiro nível .AMAZON, que, na visão do Brasil, não atende preocupações importa | Qualquer decisão que a ICANN venha a tomar deveria levar em conta a sensibilidade política envolvida na atribuição exclusivamente a interesses privados de um nome de domínio indissociavelmente relacionado à identidade de milhões de pessoas. Deveria, também, considerar plenamente o interesse "
"Comércio eletrônico na OMC","https://www.gov.br/mre/pt-br/canais_atendimento/imprensa/notas-a-imprensa/2019/comercio-eletronico-na-omc-2","03/05/2019","4","Foco principal na inovação e abertura de mercado, com alguma regulação estatal","A nota foca em inovação, abertura de mercado digital, investimentos e infraestrutura tecnológica com regulação estatal secundária, enquadrando-se em Predominantemente Liberal (Nota 4).","A proposta brasileira resultou de ampla coordenação interna entre diversos órgãos de governo. Aborda questões como proteção do consumidor e de dados pessoais, além de questões tributárias e relacionadas à segurança cibernética e à cooperação tecnológica."
"Solicitação de atribuição de domínio de primeiro nível “.Amazon”","https://www.gov.br/mre/pt-br/canais_atendimento/imprensa/notas-a-imprensa/2019/solicitacao-de-atribuicao-de-dominio-de-primeiro-nivel-amazon-2","20/05/2019","1","Soberania digital do Estado, garantias democráticas, direitos fundamentais, multilateralismo, multissetorialismo","A nota enfatiza soberania digital, direitos fundamentais, multilateralismo e abordagem multissetorial na governança da internet, alinhando-se à definição de Soberania Digital (Nota 1).","O Ministério das Relações Exteriores lamenta a decisão da Corporação da Internet para Atribuição de Nomes e Números (ICANN), adotada em 17 de maio de 2019, de atribuir o nome de domínio de primeiro nível .Amazon à empresa Amazon Inc., em regime de exclusividade e na ausência de uma solu | A decisão da ICANN, uma entidade de direito privado da qual os Estados não são membros, não leva em conta pareceres de política pública emanados do Comitê Consultivo Governamental da ICANN (GAC, na sigla em inglês), os quais reconhecem o caráter problemático e politicamente sensível do no | O Brasil tem sido um firme defensor da abordagem multissetorial para a governança da Internet, com a participação plena das múltiplas partes interessadas – governos, sociedade civil e setor privado – em seus papeis e responsabilidades respectivos. A decisão da ICANN debilita aquela abordagem, n"
"Reunião Informal de Líderes do BRICS à margem do G20 – Osaka, 28 de junho de 2019","https://www.gov.br/mre/pt-br/canais_atendimento/imprensa/notas-a-imprensa/2019/reuniao-informal-de-lideres-do-brics-a-margem-do-g20-osaka-28-de-junho-de-2019","26/06/2019","4","Foco principal na inovação e abertura de mercado, com alguma regulação estatal","A nota foca em inovação, abertura de mercado digital, investimentos e infraestrutura tecnológica com regulação estatal secundária, enquadrando-se em Predominantemente Liberal (Nota 4).","Na ocasião, os líderes do BRICS debaterão temas relacionados à agenda do G20, tais como desdobramentos recentes na economia e no sistema financeiro internacional, transições energéticas e economia digital."
"Cúpula do G20 em Osaka","https://www.gov.br/mre/pt-br/canais_atendimento/imprensa/notas-a-imprensa/2019/cupula-do-g20-em-osaka","26/06/2019","4","Foco principal na inovação e abertura de mercado, com alguma regulação estatal","A nota foca em inovação, abertura de mercado digital, investimentos e infraestrutura tecnológica com regulação estatal secundária, enquadrando-se em Predominantemente Liberal (Nota 4).","O Senhor Presidente da República participará, em 28 e 29 de junho, da XIV Cúpula do G20, em Osaka, Japão. | O programa da Cúpula prevê 4 sessões de trabalho. A primeira tratará de temas relacionados à economia mundial, bem como ao comércio e aos investimentos internacionais. A segunda debaterá inovação e economia digital, incluindo o tema da inteligência artificial. A terceira, já no dia 29, de | Alguns dos temas prioritários para a presidência japonesa do G20 são: economia digital; infraestrutura de qualidade; envelhecimento populacional (tema com implicações para a previdência social, o futuro do trabalho e a saúde); e combate ao lixo plástico no mar."
"Reunião informal de líderes do BRICS à margem da Cúpula do G20 – Comunicado conjunto de imprensa – Osaka, 28 de junho de 2019","https://www.gov.br/mre/pt-br/canais_atendimento/imprensa/notas-a-imprensa/2019/reuniao-informal-de-lideres-do-brics-a-margem-da-cupula-do-g20-comunicado-conjunto-de-imprensa-osaka-28-de-junho-de-2019","28/06/2019","1","Soberania digital do Estado, garantias democráticas, direitos fundamentais, multilateralismo, multissetorialismo","A nota enfatiza soberania digital, direitos fundamentais, multilateralismo e abordagem multissetorial na governança da internet, alinhando-se à definição de Soberania Digital (Nota 1).","2. Tomamos nota das prioridades escolhidas pelo Japão para sua presidência, inclusive comércio, ciência, tecnologia e inovação, infraestrutura, mudança do clima, cobertura universal de serviços de saúde, envelhecimento populacional e desenvolvimento sustentável. | 3. O crescimento econômico mundial aparenta estar-se estabilizando e está prevista uma moderada retomada no final do presente ano e em 2020. No entanto, o fortalecimento do crescimento continua altamente incerto, com o aumento das tensões comerciais e geopolíticas, volatilidade dos preços das c | 5. A fim de contribuir para enfrentar desafios e beneficiar-nos plenamente de oportunidades, reconhecemos a importância de, entre outros: mercados abertos; maior resiliência econômica; estabilidade financeira; políticas macroeconômicas bem concebidas e coordenadas, quando apropriado; reformas e"
"Declaração de Osaka sobre Economia Digital","https://www.gov.br/mre/pt-br/canais_atendimento/imprensa/notas-a-imprensa/2019/declaracao-de-osaka-sobre-economia-digital","29/06/2019","4","Foco principal na inovação e abertura de mercado, com alguma regulação estatal","A nota foca em inovação, abertura de mercado digital, investimentos e infraestrutura tecnológica com regulação estatal secundária, enquadrando-se em Predominantemente Liberal (Nota 4).","Nós, os Líderes da Alemanha, Arábia Saudita, Argentina, Austrália, Brasil, Canadá, China, Coréia do Sul, Estados Unidos, Federação Russa, França, Itália, Japão, México, Turquia, Reino Unido, União Europeia, Espanha, Chile, Holanda, Senegal, Singapura, Tailândia e Vietnã compartilham a | Afirmamos a importância de promover discussões políticas nacionais e internacionais para aproveitar todo o potencial dos dados e da economia digital para promover a inovação, para que possamos acompanhar o rápido crescimento da economia digital e maximizar os benefícios da digitalização e d | Hoje, juntamente com outros Membros da OMC que subscrevem a Declaração Conjunta sobre Comércio Eletrônico emitida em Davos, em 25 de janeiro de 2019, que conta com o apoio de 78 Membros da OMC, declaramos o lançamento da “Trilha de Osaka”, um processo que demonstra o nosso compromisso de promov"
"Declaração de Osaka dos Líderes do G20","https://www.gov.br/mre/pt-br/canais_atendimento/imprensa/notas-a-imprensa/2019/declaracao-de-osaka-dos-lideres-do-g20","29/06/2019","2","Foco principal na soberania e direitos, com alguma abertura para inovação","A nota foca em soberania e direitos (privacidade, proteção de dados) com abertura para cooperação em inovação e tecnologia digital, correspondendo a Predominantemente Soberanista (Nota 2).","1. Nós, os Líderes do G20, reunimo-nos em Osaka, Japão, em 28 e 29 de junho de 2019, com vistas a realizar esforços conjuntos para tratar dos principais desafios econômicos globais. Nós trabalharemos juntos para promover o crescimento econômico global, aproveitando o poder da inovação tecno"
"Comunicado conjunto dos Presidentes dos Estados Partes do MERCOSUL e Estados Associados","https://www.gov.br/mre/pt-br/canais_atendimento/imprensa/notas-a-imprensa/2019/comunicado-conjunto-dos-presidentes-dos-estados-partes-do-mercosul-e-estados-associados-2","17/07/2019","4","Foco principal na inovação e abertura de mercado, com alguma regulação estatal","A nota foca em inovação, abertura de mercado digital, investimentos e infraestrutura tecnológica com regulação estatal secundária, enquadrando-se em Predominantemente Liberal (Nota 4).","Resaltaron que la plena vigencia de las instituciones democráticas y la observancia de los derechos humanos y libertades fundamentales son condiciones esenciales para el proceso de integración regional."
"Comércio Eletrônico na Organização Mundial do Comércio –Nota Conjunta dos Ministérios das Relações Exteriores e da Economia","https://www.gov.br/mre/pt-br/canais_atendimento/imprensa/notas-a-imprensa/2019/comercio-eletronico-na-organizacao-mundial-do-comercio-nota-conjunta-dos-ministerios-das-relacoes-exteriores-e-da-economia","11/10/2019","4","Foco principal na inovação e abertura de mercado, com alguma regulação estatal","A nota foca em inovação, abertura de mercado digital, investimentos e infraestrutura tecnológica com regulação estatal secundária, enquadrando-se em Predominantemente Liberal (Nota 4).","O Brasil apresentou na segunda-feira, 7 de outubro, na Organização Mundial do Comércio (OMC), proposta acerca de disciplinas para a facilitação do comércio por meio de tecnologias digitais, a ser considerada nas negociações sobre comércio eletrônico em curso na organização. | O documento sugere diretrizes e recomendações de boas práticas para o uso de tecnologias da informação e da comunicação como meio de tornar mais eficiente a implementação das obrigações já assumidas no Acordo de Facilitação de Comércio da OMC. Trata de questões como o uso dessas tecn | A ativa participação do Brasil nas negociações sobre comércio eletrônico demonstra o inequívoco compromisso do País com a vitalidade e a relevância da OMC na economia do século 21."
"XI Cúpula do BRICS – Brasília, 13 e 14 de novembro de 2019","https://www.gov.br/mre/pt-br/canais_atendimento/imprensa/notas-a-imprensa/2019/xi-cupula-do-brics-brasilia-13-e-14-de-novembro-de-2019","11/11/2019","4","Foco principal na inovação e abertura de mercado, com alguma regulação estatal","A nota foca em inovação, abertura de mercado digital, investimentos e infraestrutura tecnológica com regulação estatal secundária, enquadrando-se em Predominantemente Liberal (Nota 4).","O Brasil exerce, este ano, a presidência de turno do BRICS, sob o lema “Crescimento Econômico para um Futuro Inovador”. As áreas prioritárias de trabalho são: ciência, tecnologia e inovação; economia digital; aproximação entre o Conselho Empresarial do BRICS e o Novo Banco de Desenvolvimen"
"XI Cúpula do BRICS – Declaração de Brasília","https://www.gov.br/mre/pt-br/canais_atendimento/imprensa/notas-a-imprensa/2019/declaracao-de-brasilia-11-cupula-do-brics","14/11/2019","1","Soberania digital do Estado, garantias democráticas, direitos fundamentais, multilateralismo, multissetorialismo","A nota enfatiza soberania digital, direitos fundamentais, multilateralismo e abordagem multissetorial na governança da internet, alinhando-se à definição de Soberania Digital (Nota 1).","2. Como líderes de nações vibrantes, reafirmamos nosso compromisso fundamental com o princípio da soberania, respeito mútuo e igualdade e com o objetivo comum de construir um mundo pacífico, estável e próspero. Esses conceitos, valores e objetivos fornecem uma base sólida e uma orientação | 3. Estamos satisfeitos com os resultados da presidência do BRICS de 2019 (Anexo 1). Recordamos as mais de cem reuniões realizadas este ano (Anexo 2). Saudamos as reuniões ministeriais e outras reuniões de alto nível realizadas este ano nas áreas de finanças, comércio, relações exteriores,  | 4. Saudamos, entre outras conquistas, o estabelecimento da Rede de Inovação do BRICS (iBRICS); a adoção da Nova Arquitetura em Ciência, Tecnologia e Inovação (CT&I), que será implementada por meio do Comitê Diretor de CT&I do BRICS, e os Termos de Referência da Plataforma de Cooperação e"
"MERCOSUL – Documentos adotados na Cúpula do Vale dos Vinhedos – Bento Gonçalves, 5 de dezembro de 2019","https://www.gov.br/mre/pt-br/canais_atendimento/imprensa/notas-a-imprensa/2019/mercosul-documentos-adotados-na-cupula-do-vale-dos-vinhedos-bento-goncalves-5-de-dezembro-de-2019","05/12/2019","1","Soberania digital do Estado, garantias democráticas, direitos fundamentais, multilateralismo, multissetorialismo","A nota enfatiza soberania digital, direitos fundamentais, multilateralismo e abordagem multissetorial na governança da internet, alinhando-se à definição de Soberania Digital (Nota 1).","Documentos adotados na Cúpula do Vale dos Vinhedos:"
"Processo de adesão à Convenção de Budapeste - Nota Conjunta do Ministério das Relações Exteriores e do Ministério da Justiça e Segurança Pública","https://www.gov.br/mre/pt-br/canais_atendimento/imprensa/notas-a-imprensa/2019/processo-de-adesao-a-convencao-de-budapeste-nota-conjunta-do-ministerio-das-relacoes-exteriores-e-do-ministerio-da-justica-e-seguranca-publica","11/12/2019","1","Soberania digital do Estado, garantias democráticas, direitos fundamentais, multilateralismo, multissetorialismo","A nota enfatiza soberania digital, direitos fundamentais, multilateralismo e abordagem multissetorial na governança da internet, alinhando-se à definição de Soberania Digital (Nota 1).","O Comitê de Ministros do Conselho da Europa convidou o Brasil a aderir à Convenção sobre Crimes Cibernéticos, também conhecida como Convenção de Budapeste, celebrada em 2001. O processo foi iniciado em julho último, quando o Governo brasileiro manifestou sua intenção de aderir ao instrume | Trata-se de iniciativa decorrente de trabalho de coordenação interinstitucional, constituído para esse fim, entre o Ministério das Relações Exteriores, a Polícia Federal (PF) e o Departamento de Recuperação de Ativos e Cooperação Jurídica Internacional (DRCI) – ambos do Ministério da Ju | O Ministro da Justiça e Segurança Pública, Sergio Moro, fez o pedido com base em pareceres técnicos da PF e do DRCI."
"III Conferência Ministerial Hemisférica de Luta contra o Terrorismo – Comunicado Conjunto","https://www.gov.br/mre/pt-br/canais_atendimento/imprensa/notas-a-imprensa/2020/iii-conferencia-ministerial-hemisferica-de-luta-contra-o-terrorismo-comunicado-conjunto","20/01/2020","2","Foco principal na soberania e direitos, com alguma abertura para inovação","A nota foca em soberania e direitos (privacidade, proteção de dados) com abertura para cooperação em inovação e tecnologia digital, correspondendo a Predominantemente Soberanista (Nota 2).","Com a participação dos seguintes Estados: | Os governos participantes:"
"Cúpula extraordinária dos líderes do G20 - Declaração sobre COVID-19","https://www.gov.br/mre/pt-br/canais_atendimento/imprensa/notas-a-imprensa/2020/cupula-extraordinaria-dos-lideres-do-g20-declaracao-sobre-covid-19","26/03/2020","3","Equilíbrio entre soberania/direitos e desenvolvimento/inovação (não puramente mercantil)","A nota apresenta equilíbrio entre cooperação em infraestrutura/tecnologia digital e preocupações com soberania, direitos ou regulação, configurando Modelo Misto (Nota 3).","Comprometemo-nos a tomar todas as medidas de saúde necessárias e buscar garantir financiamento adequado para conter a pandemia e proteger as pessoas, especialmente as mais vulneráveis. Compartilharemos informações oportunas e transparentes; trocaremos dados epidemiológicos e clínicos; compart"
"Declaração Conjunta Brasil-Uruguai sobre cooperação para estabelecimento de plataformas comuns de proteção ao consumidor","https://www.gov.br/mre/pt-br/canais_atendimento/imprensa/notas-a-imprensa/2020/declaracao-conjunta-brasil-uruguai-sobre-cooperacao-para-estabelecimento-de-plataformas-comuns-de-protecao-ao-consumidor","15/07/2020","4","Foco principal na inovação e abertura de mercado, com alguma regulação estatal","A nota foca em inovação, abertura de mercado digital, investimentos e infraestrutura tecnológica com regulação estatal secundária, enquadrando-se em Predominantemente Liberal (Nota 4).","Os governos da República Federativa do Brasil e da República Oriental do Uruguai, por intermédio, respectivamente, do Ministério da Justiça e Segurança Pública e do Ministério de Economia e Finanças, firmaram, em 13/07/2020, Convênio Interinstitucional para Implementação de Transferênci | O Uruguai é o segundo estado parte do MERCOSUL a firmar convênio para ter acesso à tecnologia e ao conhecimento da plataforma brasileira. Em 2019, concluiu-se entendimento similar com a Argentina. O plano de ação prevê assinatura, ainda neste ano, de instrumento análogo com o Paraguai."
"Assinatura do Memorando de Entendimento entre o Brasil e o Chile sobre Cooperação na área de Telecomunicações e Economia Digital","https://www.gov.br/mre/pt-br/canais_atendimento/imprensa/notas-a-imprensa/2020/assinatura-do-memorando-de-entendimento-entre-o-brasil-e-o-chile-sobre-cooperacao-na-area-de-telecomunicacoes-e-economia-digital","24/07/2020","4","Foco principal na inovação e abertura de mercado, com alguma regulação estatal","A nota foca em inovação, abertura de mercado digital, investimentos e infraestrutura tecnológica com regulação estatal secundária, enquadrando-se em Predominantemente Liberal (Nota 4).","Os Ministros das Relações Exteriores do Brasil e do Chile, Ernesto Araújo e Teodoro Ribera Neumann, assinaram hoje, em videoconferência, o Memorando de Entendimento entre o Brasil e o Chile sobre Cooperação em Telecomunicações e Economia Digital. | O instrumento permitirá aprofundar a cooperação bilateral em áreas estratégicas para os dois países, tais como conexão digital, infraestrutura de telecomunicações, conectividade e fluxo de dados entre os dois países. O Memorando prevê, ainda, a cooperação em internet das coisas, 5G, int | O documento possibilitará, ainda, fortalecer e expandir o mercado digital regional, promover a convergência entre as agendas digitais da Aliança do Pacífico e do Mercosul, bem como interconectar o mercado digital regional com os mercados digitais de outros continentes."
"V Diálogo Estratégico Brasil–Reino Unido – Comunicado Conjunto","https://www.gov.br/mre/pt-br/canais_atendimento/imprensa/notas-a-imprensa/2020/v-dialogo-estrategico-brasil-reino-unido-comunicado-conjunto","09/10/2020","2","Foco principal na soberania e direitos, com alguma abertura para inovação","A nota foca em soberania e direitos (privacidade, proteção de dados) com abertura para cooperação em inovação e tecnologia digital, correspondendo a Predominantemente Soberanista (Nota 2).","1. A 5a Reunião do Diálogo Estratégico de Alto Nível Brasil-Reino Unido foi realizada em 7 de outubro de 2020 por videoconferência. O Ministro das Relações Exteriores do Brasil, Ernesto Araújo, e o Secretário de Estado dos Negócios Estrangeiros do Reino Unido, Dominic Raab, concordaram que | 2. O Brasil e o Reino Unido passaram em revista questões da conjuntura regional e internacional, no quadro dos desafios sem precedentes enfrentados pela comunidade internacional para aliviar os efeitos da pandemia nos campos sanitário e socioeconômico. Os ministros tiveram discussões aprofundada | 3. Brasil e Reino Unido coincidiram na necessidade de atuar com firmeza para promover a recuperação da economia global no período pós-pandemia, com base na construção de economias mais sustentáveis e resilientes. Reafirmaram o mútuo compromisso com o fortalecimento das regras do sistema mult"
"Assinatura de Pacote Comercial com os EUA – Nota Conjunta do Ministério das Relações Exteriores e do Ministério da Economia","https://www.gov.br/mre/pt-br/canais_atendimento/imprensa/notas-a-imprensa/2020/nota-conjunta-do-ministerio-das-relacoes-exteriores-e-do-ministerio-da-economia-assinatura-de-pacote-comercial-com-os-eua","19/10/2020","3","Equilíbrio entre soberania/direitos e desenvolvimento/inovação (não puramente mercantil)","A nota apresenta equilíbrio entre cooperação em infraestrutura/tecnologia digital e preocupações com soberania, direitos ou regulação, configurando Modelo Misto (Nota 3).","Brasil e Estados Unidos (EUA) assinaram nesta segunda-feira, 19 de outubro, Protocolo ao Acordo de Comércio e Cooperação Econômica bilateral. Trata-se de pacote comercial ambicioso e moderno, que visa à promoção dos fluxos bilaterais de comércio e investimento. | A assinatura do pacote comercial insere-se em contexto mais amplo da política de comércio exterior brasileira, cujo principal objetivo tem sido o de criar ambiente econômico favorável aos negócios e à reinserção competitiva do Brasil na economia internacional. Pretende-se que o pacote forme  | O texto do Protocolo contém, além de disposições gerais a respeito de entrada em vigor e mecanismo de consultas sobre as obrigações adotadas pelas Partes, três Anexos que versam, respectivamente, sobre I) Facilitação de Comércio e Cooperação Aduaneira; II) Boas Práticas Regulatórias; e"
"Lançamento do Diálogo Trilateral Brasil-Estados Unidos-Japão (JUSBE)","https://www.gov.br/mre/pt-br/canais_atendimento/imprensa/notas-a-imprensa/2020/lancamento-do-dialogo-trilateral-brasil-estados-unidos-japao-jusbe","10/11/2020","2","Foco principal na soberania e direitos, com alguma abertura para inovação","A nota foca em soberania e direitos (privacidade, proteção de dados) com abertura para cooperação em inovação e tecnologia digital, correspondendo a Predominantemente Soberanista (Nota 2).","O Ministro Ernesto Araújo participou hoje (10/11/2020), em Brasília, do lançamento do Diálogo Trilateral Brasil-Estados Unidos-Japão. A seguinte declaração conjunta foi emitida na ocasião: | Altos representantes do Brasil, Japão e Estados Unidos reuniram-se para lançar o Diálogo Trilateral Brasil-EUA-Japão (JUSBE). Na esteira dos tradicionais vínculos que mantêm, baseados em valores compartilhados tais como liberdade, direitos humanos, democracia e o Estado de Direito, os três pa | Por meio do Diálogo, representantes dos três países identificaram três pilares como fundamentos do JUSBE: intensificação da coordenação de políticas sobre questões regionais; busca de uma prosperidade econômica compartilhada; e fortalecimento da governança democrática. Considerando que "
"Visita do Subsecretário para Crescimento Econômico, Energia e Meio Ambiente do Departamento de Estado dos EUA, Keith Krach, ao Brasil, de 9 a 11 de novembro de 2020","https://www.gov.br/mre/pt-br/canais_atendimento/imprensa/notas-a-imprensa/2020/visita-do-subsecretario-para-crescimento-economico-energia-e-meio-ambiente-do-departamento-de-estado-dos-eua-keith-krach-ao-brasil-de-9-a-11-de-novembro-de-2020","10/11/2020","4","Foco principal na inovação e abertura de mercado, com alguma regulação estatal","A nota foca em inovação, abertura de mercado digital, investimentos e infraestrutura tecnológica com regulação estatal secundária, enquadrando-se em Predominantemente Liberal (Nota 4).","O Brasil recebe, nos dias 9, 10 e 11 de novembro, a visita do subsecretário para Crescimento Econômico, Energia e Meio Ambiente do Departamento de Estado (DoS) dos EUA, Keith Krach. A visita constitui mais um marco no processo recente de adensamento da relação bilateral, em áreas como comércio | Na área de meio ambiente, o subsecretário Krach participou, no dia 10 de novembro, no Ministério das Relações Exteriores (MRE), do lançamento do Diálogo Ambiental Brasil-Estados Unidos, que permitirá o aprofundamento da cooperação nesse campo entre os dois países. Divulgou-se, na ocasião | As áreas prioritárias do Diálogo Ambiental alinham-se com iniciativas do governo federal para a melhora da qualidade ambiental urbana e para a conservação e o desenvolvimento sustentável da Amazônia. Ilustram, também, o objetivo comum de Brasil e EUA em promover, nos marcos do desenvolviment"
"XII Cúpula do BRICS","https://www.gov.br/mre/pt-br/canais_atendimento/imprensa/notas-a-imprensa/2020/xii-cupula-do-brics","17/11/2020","2","Foco principal na soberania e direitos, com alguma abertura para inovação","A nota foca em soberania e direitos (privacidade, proteção de dados) com abertura para cooperação em inovação e tecnologia digital, correspondendo a Predominantemente Soberanista (Nota 2).","Além do Presidente Jair Bolsonaro, participaram da Cúpula o Presidente Vladimir Putin, da Rússia, que presidiu o encontro, o Primeiro-Ministro Narendra Modi, da Índia, o Presidente Xi Jinping, da China, e o Presidente Cyril Ramaphosa, da África do Sul. | Entre outros temas, a declaração incluiu menções à importância da democracia, liberdades fundamentais, direitos humanos, direito à privacidade, soberania, empreendedorismo e transparência."
"Declaração de Moscou da XII Cúpula do BRICS","https://www.gov.br/mre/pt-br/canais_atendimento/imprensa/notas-a-imprensa/2020/declaracao-de-moscou-da-xii-cupula-do-brics","17/11/2020","1","Soberania digital do Estado, garantias democráticas, direitos fundamentais, multilateralismo, multissetorialismo","A nota enfatiza soberania digital, direitos fundamentais, multilateralismo e abordagem multissetorial na governança da internet, alinhando-se à definição de Soberania Digital (Nota 1).","2. Saudamos com satisfação que em 2020, sob a presidência da Rússia, apesar do cenário de atuais desafios globais adversos, os BRICS mantiveram a dinâmica e a continuidade de suas atividades, que visam a produzir resultados concretos para o benefício dos cidadãos. Reconhecemos os esforços d | 3. Recordamos que 2020 marca o 75o aniversário da fundação das Nações Unidas e o 75o aniversário do fim da Segunda Guerra Mundial. Nesse sentido, sempre nos lembraremos das muitas contribuições de todos os países do BRICS, incluindo a perda de vidas de soldados e civis. Reforçamos nosso co"
"Declaração de Líderes do G20 da Cúpula de Riade – 22/11/2020","https://www.gov.br/mre/pt-br/canais_atendimento/imprensa/notas-a-imprensa/2020/declaracao-de-lideres-do-g20-da-cupula-de-riade-2013-16-e-17-11-2020","22/11/2020","2","Foco principal na soberania e direitos, com alguma abertura para inovação","A nota foca em soberania e direitos (privacidade, proteção de dados) com abertura para cooperação em inovação e tecnologia digital, correspondendo a Predominantemente Soberanista (Nota 2).","Nós, os líderes do G20, reunindo-nos pela segunda vez sob a Presidência Saudita, permanecemos unidos em nossa convicção de que a ação global coordenada, a solidariedade e a cooperação multilateral são, hoje, mais necessárias do que nunca para superar os desafios atuais e concretizar as op | Mobilizamos recursos para atender às necessidades de financiamento imediatas na saúde global a fim de apoiar a pesquisa, o desenvolvimento, a fabricação e a distribuição de diagnósticos, vacinas e tratamentos seguros e eficazes contra a COVID-19. Não pouparemos esforços para garantir seu ac | Embora a economia global tenha experimentado uma forte contração em 2020 devido ao impacto da pandemia da COVID-19, a atividade econômica global tem se recuperado parcialmente, à medida em que nossas economias se reabriram de forma gradual e o impacto positivo de nossas ações políticas signif"
"Assinado Acordo sobre Comércio Eletrônico do MERCOSUL – Nota Conjunta do Ministério das Relações Exteriores e do Ministério da Economia","https://www.gov.br/mre/pt-br/canais_atendimento/imprensa/notas-a-imprensa/assinado-acordo-sobre-comercio-eletronico-do-mercosul-nota-conjunta-mre-mecon","30/04/2021","3","Equilíbrio entre soberania/direitos e desenvolvimento/inovação (não puramente mercantil)","A nota apresenta equilíbrio entre cooperação em infraestrutura/tecnologia digital e preocupações com soberania, direitos ou regulação, configurando Modelo Misto (Nota 3).","O Acordo é o mais ambicioso já concluído pelo Brasil em matéria de Comércio Eletrônico, tema que foi objeto de negociações bilaterais com o Chile e, no âmbito das negociações extrarregionais do MERCOSUL com a União Europeia. Da perspectiva brasileira, o acordo contempla uma série de dis | O objetivo do acordo é criar um ambiente mais seguro para o desenvolvimento do comércio eletrônico entre os estados partes, que beneficie tanto suas empresas quanto seus consumidores. Dentre as principais disciplinas incluídas no acordo, cabe destacar a proibição de imposição de direitos adu"
"Adesão brasileira ao projeto do cabo de fibras óticas “Humboldt” — Nota Conjunta do Ministério das Relações Exteriores e do Ministério das Comunicações","https://www.gov.br/mre/pt-br/canais_atendimento/imprensa/notas-a-imprensa/adesao-brasileira-ao-projeto-do-cabo-de-fibras-oticas-201chumboldt201d-nota-conjunta-do-ministerio-das-relacoes-exteriores-e-do-ministerio-das-comunicacoes","13/05/2021","4","Foco principal na inovação e abertura de mercado, com alguma regulação estatal","A nota foca em inovação, abertura de mercado digital, investimentos e infraestrutura tecnológica com regulação estatal secundária, enquadrando-se em Predominantemente Liberal (Nota 4).","O Brasil anunciou, hoje, sua adesão ao projeto do cabo de fibras óticas “Humboldt”, iniciativa chilena que prevê a instalação do primeiro cabo submarino para interligar a América do Sul à Oceania e à Ásia. Além do Brasil, Argentina, Austrália e Nova Zelândia já manifestaram sua particip | O cabo, que contará com sistema de 8 fibras óticas e terá capacidade inicial de transmissão de dados de até 400 Gbps, conectará Valparaíso (Chile) a Sydney (Austrália), passando por Auckland (Nova Zelândia),em um total de 14.810 quilômetros de extensão. A conexão da Austrália com a Ási | Ao ligar a América do Sul à Oceania e à Ásia, a iniciativa contribuirá para o aumento da redundância da conexão brasileira com a internet mundial, com melhoria da disponibilidade e da confiabilidade do sistema. Ademais, permitirá o aumento do volume do tráfego de dados do país com as regio"
"XIII Cúpula do BRICS – Declaração de Nova Delhi","https://www.gov.br/mre/pt-br/canais_atendimento/imprensa/notas-a-imprensa/xiii-cupula-brics-declaracao-de-nova-delhi","09/09/2021","1","Soberania digital do Estado, garantias democráticas, direitos fundamentais, multilateralismo, multissetorialismo","A nota enfatiza soberania digital, direitos fundamentais, multilateralismo e abordagem multissetorial na governança da internet, alinhando-se à definição de Soberania Digital (Nota 1).","2. Por ocasião do 15o aniversário do BRICS, reiteramos nosso compromisso com o aprimoramento da cooperação intra-BRICS sob os três pilares - política e segurança, economia e finanças e cultura e intercâmbios interpessoais. Ao recordar nossos valores compartilhados de paz, Estado de Direito, | 4. Saudamos os resultados de mais de 100 eventos realizados, incluindo as reuniões ministeriais e outras reuniões de alto nível realizadas até a presente data nas áreas de relações exteriores, segurança nacional, finanças, comércio, indústria, trabalho e emprego, agricultura, energia, sau"
"Segunda parte da Reunião Ministerial  do Conselho da OCDE","https://www.gov.br/mre/pt-br/canais_atendimento/imprensa/notas-a-imprensa/segunda-parte-da-reuniao-ministerial-do-conselho-da-ocde","07/10/2021","4","Foco principal na inovação e abertura de mercado, com alguma regulação estatal","A nota foca em inovação, abertura de mercado digital, investimentos e infraestrutura tecnológica com regulação estatal secundária, enquadrando-se em Predominantemente Liberal (Nota 4).","Na reunião, o Chanceler França enfatizou os avanços do Brasil em várias áreas de atuação do País na OCDE. Ao participar da sessão intitulada “Promoção do Comércio para Todos”, presidida pela titular do USTR, Katherine Tai, ele ressaltou a relevância do comércio internacional para o cre | À margem da reunião da OCDE, o Ministro França participou de reunião informal ministerial da OMC com vistas à preparação da 12a Conferência Ministerial da Organização, a ter lugar em Genebra de 29 de novembro a 3 de dezembro. O Ministro França e a delegação mantiveram igualmente série "
"Comunicado Conjunto Brasil-Argentina por ocasião da visita a Brasília do Ministro das Relações Exteriores, Comércio Internacional e Culto da Argentina","https://www.gov.br/mre/pt-br/canais_atendimento/imprensa/notas-a-imprensa/comunicado-conjunto-brasil-argentina-por-ocasiao-da-visita-a-brasilia-do-ministro-das-relacoes-exteriores-comercio-internacional-e-culto-da-argentina","08/10/2021","4","Foco principal na inovação e abertura de mercado, com alguma regulação estatal","A nota foca em inovação, abertura de mercado digital, investimentos e infraestrutura tecnológica com regulação estatal secundária, enquadrando-se em Predominantemente Liberal (Nota 4).","Os Ministros comprometeram-se a identificar e coordenar ações para promover a recuperação econômica na etapa pós-pandemia de COVID 19 em diferentes áreas, como integração produtiva para uma convergência virtuosa com cadeias comerciais globais, economia digital e serviços baseados no conhe | Por outro lado, os Ministros lograram o consenso necessário para definir em conjunto com os demais sócios do MERCOSUL o alcance e as características da revisão da Tarifa Externa Comum. Ressaltaram que se trata de passo importante para aumentar a competitividade dos Estados Parte e para o fortale"
"Declaração dos Líderes do G20 Roma","https://www.gov.br/mre/pt-br/canais_atendimento/imprensa/notas-a-imprensa/declaracao-dos-lideres-do-g20-roma","02/11/2021","1","Soberania digital do Estado, garantias democráticas, direitos fundamentais, multilateralismo, multissetorialismo","A nota enfatiza soberania digital, direitos fundamentais, multilateralismo e abordagem multissetorial na governança da internet, alinhando-se à definição de Soberania Digital (Nota 1).","1. Nós, os Líderes do G20, nos reunimos em Roma em 30 e 31 de outubro, para abordar os desafios globais mais urgentes da atualidade e para convergir em esforços comuns para recuperar melhor da crise causada pela pandemia de COVID-19 e fomentar o crescimento sustentável e inclusivo em nossos paí | 2. Sublinhando o papel crucial do multilateralismo na busca de soluções compartilhadas e eficazes, concordamos em fortalecer ainda mais nossa resposta comum à pandemia e preparar o caminho para uma recuperação global, com atenção especial às necessidades dos mais vulneráveis. Tomamos medida | 3. Economia global . Ao longo de 2021, a atividade econômica global tem se recuperado em um ritmo sólido, graças à aplicação de vacinas e ao apoio contínuo de políticas públicas. No entanto, a recuperação permanece altamente variável entre os países e dentro deles, e exposta a riscos ne"
"Aprovação pelo Senado Federal da  Convenção de Budapeste sobre o Crime Cibernético","https://www.gov.br/mre/pt-br/canais_atendimento/imprensa/notas-a-imprensa/aprovacao-pelo-senado-federal-da-convencao-de-budapeste-sobre-o-crime-cibernetico","17/12/2021","1","Soberania digital do Estado, garantias democráticas, direitos fundamentais, multilateralismo, multissetorialismo","A nota enfatiza soberania digital, direitos fundamentais, multilateralismo e abordagem multissetorial na governança da internet, alinhando-se à definição de Soberania Digital (Nota 1).","O Ministério das Relações Exteriores recebeu com satisfação a notícia da aprovação, pelo Senado Federal, do projeto de decreto legislativo 255/2021, referente à adesão do Brasil à Convenção sobre o Crime Cibernético, celebrada em Budapeste, na Hungria, em 2001. | A decisão é passo importante na direção do fortalecimento dos meios disponíveis para prevenir e enfrentar os crimes cibernéticos, fenômeno que tem aumentado em quantidade e complexidade no mundo todo. | O alcance geográfico dos crimes cibernéticos e a velocidade operacional daqueles que os cometem desafiam mecanismos tradicionais de aplicação da lei e de cooperação jurídica em todo o mundo."
"LIX Cúpula de Chefes de Estado do MERCOSUL e Estados Associados e LIX Reunião Ordinária do Conselho do Mercado Comum - Comunicado de Imprensa de Argentina, Brasil e Paraguai","https://www.gov.br/mre/pt-br/canais_atendimento/imprensa/notas-a-imprensa/lix-cupula-de-chefes-de-estado-do-mercosul-e-estados-associados-e-lix-reuniao-ordinaria-do-conselho-do-mercado-comum-comunicado-de-imprensa-de-argentina-brasil-e-paraguai","17/12/2021","2","Foco principal na soberania e direitos, com alguma abertura para inovação","A nota foca em soberania e direitos (privacidade, proteção de dados) com abertura para cooperação em inovação e tecnologia digital, correspondendo a Predominantemente Soberanista (Nota 2).","Reafirmam o compromisso fundamental do bloco com a defesa e o fortalecimento da democracia, o respeito aos direitos humanos e o estado de direito."
"Comunicado Conjunto Dos Presidentes Dos Estados Partes Do Mercosul E Estados Associados","https://www.gov.br/mre/pt-br/canais_atendimento/imprensa/notas-a-imprensa/comunicado-conjunto-dos-presidentes-dos-estados-partes-do-mercosul-e-estados-associados-1","17/12/2021","2","Foco principal na soberania e direitos, com alguma abertura para inovação","A nota foca em soberania e direitos (privacidade, proteção de dados) com abertura para cooperação em inovação e tecnologia digital, correspondendo a Predominantemente Soberanista (Nota 2).","1. Reafirmaram que a plena vigência das instituições democráticas e o estado de direito, assim como a observância dos direitos humanos e liberdades fundamentais são condições essenciais para o processo de integração regional."
"Nota conjunta do Ministério das Relações Exteriores, da Casa Civil e do Ministério da Economia - Brasil é convidado a iniciar processo de acessão à OCDE","https://www.gov.br/mre/pt-br/canais_atendimento/imprensa/notas-a-imprensa/nota-conjunta-do-ministerio-das-relacoes-exteriores-da-casa-civil-e-do-ministerio-da-economia-brasil-e-convidado-a-iniciar-processo-de-acessao-a-ocde","25/01/2022","2","Foco principal na soberania e direitos, com alguma abertura para inovação","A nota foca em soberania e direitos (privacidade, proteção de dados) com abertura para cooperação em inovação e tecnologia digital, correspondendo a Predominantemente Soberanista (Nota 2).","O Brasil está em plena consonância com os valores fundamentais da OCDE, expressos na Declaração sobre a Nova Visão do Sexagésimo Aniversário da OCDE e na Declaração Ministerial do Conselho de 2021, tais como a defesa dos princípios de livre mercado, o fortalecimento da democracia, a modern | O convite feito ao Brasil é resultado de intensos trabalhos, incluindo gestões diplomáticas realizadas junto ao secretariado e a membros da OCDE. Representa um marco histórico para o país, cuja aproximação com a Organização começou em 1991, por iniciativa da primeira missão do Itamaraty a | O País já se encontra em estágio avançado de convergência com a OCDE, tendo aderido a 103 dos seus 251 instrumentos normativos. Somente na atual gestão do Presidente Jair Bolsonaro, foram 38 adesões, média superior a 12 ao ano, o que expressa a nova priorização atribuída à adoção, pelo"
"Seminário “A Cadeia Internacional de Semicondutores e o Brasil”","https://www.gov.br/mre/pt-br/canais_atendimento/imprensa/notas-a-imprensa/seminario-201ca-cadeia-internacional-de-semicondutores-e-o-brasil201d","26/04/2022","4","Foco principal na inovação e abertura de mercado, com alguma regulação estatal","A nota foca em inovação, abertura de mercado digital, investimentos e infraestrutura tecnológica com regulação estatal secundária, enquadrando-se em Predominantemente Liberal (Nota 4).","O Ministério das Relações Exteriores e a Fundação Alexandre de Gusmão (FUNAG) realizarão, em 27 de abril de 2022, o seminário “A Cadeia Internacional de Semicondutores e o Brasil”, evento que contará com a participação do Ministro das Relações Exteriores, Embaixador Carlos Alberto Franc | Por sua propriedade físico-química singular e sua aplicação múltipla, trata-se de componente central para o pleno funcionamento da economia digital. A crise impactou a indústria nacional e, em particular, a indústria automotiva. Recuperação sustentada da produção automotiva depende, entre | Ao reunir representantes de diferentes elos da cadeia produtiva e de distintas partes do mundo, o seminário promovido pelo Itamaraty proporcionará discussão aprofundada sobre os desafios logísticos enfrentados pelo setor, o quadro regulatório e as políticas adotadas por diversos países. Serã"
"Declaração Conjunta do BRICS sobre o tema: “Fortalecer a Solidariedade e a Cooperação do BRICS; Responder às novas Características e Desafios da Situação Internacional”","https://www.gov.br/mre/pt-br/canais_atendimento/imprensa/notas-a-imprensa/declaracao-conjunta-do-brics-sobre-o-tema-201cfortalecer-a-solidariedade-e-a-cooperacao-do-brics-responder-as-novas-caracteristicas-e-desafios-da-situacao-internacional201d","19/05/2022","1","Soberania digital do Estado, garantias democráticas, direitos fundamentais, multilateralismo, multissetorialismo","A nota enfatiza soberania digital, direitos fundamentais, multilateralismo e abordagem multissetorial na governança da internet, alinhando-se à definição de Soberania Digital (Nota 1).","1. Os Ministros das Relações Exteriores/Relações Internacionais da República Federativa do Brasil, da Federação da Rússia, da República da Índia, da República Popular da China e da República da África do Sul reuniram-se em 19 de maio de 2022, em formato virtual, sob a Presidência da Ch | 3. Os Ministros reiteraram seu compromisso com o multilateralismo por meio da defesa do direito internacional, inclusive os propósitos e princípios consagrados na Carta das Nações Unidas como sua pedra angular indispensável, e com o papel central das Nações Unidas em um sistema internacional  | 4. Os Ministros reiteraram seu compromisso com o reforço e aprimora mento d a governança global , promovendo um sistema mais ágil, eficaz, eficient e, representativo e responsável, com a realização consulta s e colaboração inclusivas para o benefício de todos com base no respeito à soberan"
"Declaração de Pequim da XIV Cúpula do BRICS","https://www.gov.br/mre/pt-br/canais_atendimento/imprensa/notas-a-imprensa/declaracao-de-pequim-da-xiv-cupula-do-brics","24/06/2022","1","Soberania digital do Estado, garantias democráticas, direitos fundamentais, multilateralismo, multissetorialismo","A nota enfatiza soberania digital, direitos fundamentais, multilateralismo e abordagem multissetorial na governança da internet, alinhando-se à definição de Soberania Digital (Nota 1).","Preâmbulo"
"Declaração Conjunta sobre Cooperação em Cadeias de Suprimentos Globais","https://www.gov.br/mre/pt-br/canais_atendimento/imprensa/notas-a-imprensa/declaracao-conjunta-sobre-cooperacao-em-cadeias-de-suprimentos-globais","21/07/2022","2","Foco principal na soberania e direitos, com alguma abertura para inovação","A nota foca em soberania e direitos (privacidade, proteção de dados) com abertura para cooperação em inovação e tecnologia digital, correspondendo a Predominantemente Soberanista (Nota 2).","Em fórum ministerial, realizado no dia 20 de julho de 2022, os Ministros de Relações Exteriores e de Comércio Exterior de Brasil, Alemanha, Austrália, Canadá, Espanha, Estados Unidos, França, Índia, Indonésia, Itália, Japão, México, Países Baixos, Reino Unido, República da Coreia, Repu | Os choques nas cadeias de suprimentos globais provocados por pandemias, guerras e conflitos, impactos climáticos extremos e desastres naturais colocaram em grande destaque a necessidade urgente de fortalecer ainda mais as cadeias de suprimentos, trabalhar para reduzir e acabar com interrupções de | Austrália, Brasil, Canadá, República Democrática do Congo, União Europeia, França, Alemanha, Índia, Indonésia, Itália, Japão, México, Países Baixos, República da Coreia, Singapura, Espanha, Reino Unido e Estados Unidos ( doravante denominados ""Participantes""), após engajamento no Fóru"
"Nota conjunta do Ministério das Relações Exteriores, da Casa Civil, do Ministério da Economia, da Secretaria-Geral da Presidência e da Secretaria de Governo - Conselho Brasil-OCDE","https://www.gov.br/mre/pt-br/canais_atendimento/imprensa/notas-a-imprensa/nota-conjunta-do-ministerio-das-relacoes-exteriores-da-casa-civil-do-ministerio-da-economia-da-secretaria-geral-da-presidencia-e-da-secretaria-de-governo-conselho-brasil-ocde","06/10/2022","4","Foco principal na inovação e abertura de mercado, com alguma regulação estatal","A nota foca em inovação, abertura de mercado digital, investimentos e infraestrutura tecnológica com regulação estatal secundária, enquadrando-se em Predominantemente Liberal (Nota 4).","O Memorando avalia o grau de alinhamento das legislações, das políticas e das práticas nacionais do país candidato aos padrões estabelecidos pela OCDE em 32 diferentes áreas ─ incluindo comércio, investimento, economia digital, saúde, educação, meio ambiente, concorrência, turismo, energ | O Conselho Brasil-OCDE entende que a convergência aos padrões da OCDE é parte da estratégia de fortalecimento da inserção internacional do Brasil, aprimoramento de nossas políticas públicas e estímulo a reformas estruturais."
"G20 Bali Leaders’ Declaration – Bali, Indonésia – 15 e 16 de novembro de 2022","https://www.gov.br/mre/pt-br/canais_atendimento/imprensa/notas-a-imprensa/g20-bali-leaders2019-declaration-bali-indonesia-15-e-16-de-novembro-de-2022","17/11/2022","3","Equilíbrio entre soberania/direitos e desenvolvimento/inovação (não puramente mercantil)","A nota apresenta equilíbrio entre cooperação em infraestrutura/tecnologia digital e preocupações com soberania, direitos ou regulação, configurando Modelo Misto (Nota 3).","4. It is essential to uphold international law and the multilateral system that safeguards peace and stability. This includes defending all the Purposes and Principles enshrined in the Charter of the United Nations and adhering to international humanitarian law, including the protection of civilians | 5. At today’s critical moment for the global economy, it is essential that the G20 undertakes tangible, precise, swift and necessary actions, using all available policy tools, to address common challenges, including through international macro policy cooperation and concrete collaborations. In doing"
"Atos assinados por ocasião da viagem do senhor Presidente da República à República Argentina - Buenos Aires, 23 de janeiro de 2023","https://www.gov.br/mre/pt-br/canais_atendimento/imprensa/notas-a-imprensa/atos-assinados-por-ocasiao-da-viagem-do-senhor-presidente-da-republica-a-republica-argentina-buenos-aires-23-de-janeiro-de-2023","23/01/2023","1","Soberania digital do Estado, garantias democráticas, direitos fundamentais, multilateralismo, multissetorialismo","A nota enfatiza soberania digital, direitos fundamentais, multilateralismo e abordagem multissetorial na governança da internet, alinhando-se à definição de Soberania Digital (Nota 1).","Por ocasião da visita do senhor Presidente da República à República Argentina, foram assinados os seguintes atos, no dia 23 de janeiro de 2023:"
"Declaração Conjunta entre a República Federativa do Brasil e a República Popular da China sobre o Aprofundamento da Parceria Estratégica Global - Pequim, 14 de abril de 2023","https://www.gov.br/mre/pt-br/canais_atendimento/imprensa/notas-a-imprensa/declaracao-conjunta-entre-a-republica-federativa-do-brasil-e-a-republica-popular-da-china-sobre-o-aprofundamento-da-parceria-estrategica-global-pequim-14-de-abril-de-2023","14/04/2023","1","Soberania digital do Estado, garantias democráticas, direitos fundamentais, multilateralismo, multissetorialismo","A nota enfatiza soberania digital, direitos fundamentais, multilateralismo e abordagem multissetorial na governança da internet, alinhando-se à definição de Soberania Digital (Nota 1).","2. A parte brasileira expressou calorosas congratulações pela realização das primeiras sessões da 14a Assembleia Popular Nacional e do 14o Comitê Central da Conferência Consultiva Política do Povo Chinês e pela reeleição de Xi Jinping como Presidente da República Popular da China e como  | 3. As partes recordaram e avaliaram positivamente os êxitos alcançados no desenvolvimento da parceria Brasil-China desde o estabelecimento das relações diplomáticas. Expressaram a vontade das duas partes de aproveitar o 30o aniversário da Parceria Estratégica Brasil-China este ano e do 50o an | 4. As duas partes consideraram que, no atual contexto de rápidas mudanças e marcadas turbulências internacionais, é preciso renovar os esforços em prol dos valores comuns da humanidade: paz, desenvolvimento, equidade, justiça, democracia e liberdade. Reiteraram o compromisso com a defesa do di"
"Lista e íntegra dos atos assinados no Grande Palácio do Povo, por ocasião da visita do Presidente Luiz Inácio Lula da Silva à República Popular da China","https://www.gov.br/mre/pt-br/canais_atendimento/imprensa/notas-a-imprensa/lista-e-integra-dos-atos-assinados-no-grande-palacio-do-povo-por-ocasiao-da-visita-do-presidente-luiz-inacio-lula-da-silva-a-republica-popular-da-china","14/04/2023","2","Foco principal na soberania e direitos, com alguma abertura para inovação","A nota foca em soberania e direitos (privacidade, proteção de dados) com abertura para cooperação em inovação e tecnologia digital, correspondendo a Predominantemente Soberanista (Nota 2).","II - PROTOCOLO COMPLEMENTAR SOBRE O DESENVOLVIMENTO CONJUNTO DO CBERS-6 ENTRE O GOVERNO DA REPÚBLICA FEDERATIVA DO BRASIL E O GOVERNO DA REPÚBLICA POPULAR DA CHINA AO 'ACORDO-QUADRO SOBRE COOPERAÇÃO EM APLICAÇÕES PACÍFICAS DE CIÊNCIA E TECNOLOGIA DO ESPAÇO EXTERIOR ENTRE O GOVERNO DA REPÚB | III - MEMORANDO DE ENTENDIMENTO SOBRE COOPERAÇÃO EM PESQUISA E INOVAÇÃO ENTRE O MINISTÉRIO DA CIÊNCIA, TECNOLOGIA E INOVAÇÃO DA REPÚBLICA FEDERATIVA DO BRASIL E O MINISTÉRIO DA CIÊNCIA E TECNOLOGIA DA REPÚBLICA POPULAR DA CHINA | IV - MEMORANDO DE ENTENDIMENTO ENTRE O MINISTÉRIO DA CIÊNCIA, TECNOLOGIA E INOVAÇÃO DA REPÚBLICA FEDERATIVA DO BRASIL E O MINISTÉRIO DA INDÚSTRIA E TECNOLOGIA DA INFORMAÇÃO DA REPÚBLICA POPULAR DA CHINA SOBRE COOPERAÇÃO EM TECNOLOGIAS DA INFORMAÇÃO E COMUNICAÇÃO"
"Lista e íntegra dos atos assinados no Centro Cultural de Belém, em 22 de abril de 2023, por ocasião da visita do Presidente Luiz Inácio Lula da Silva a Portugal","https://www.gov.br/mre/pt-br/canais_atendimento/imprensa/notas-a-imprensa/lista-e-integra-dos-atos-assinados-no-centro-cultural-de-belem-em-22-de-abril-de-2023-por-ocasiao-da-visita-do-presidente-luiz-inacio-lula-da-silva-a-portugal","22/04/2023","2","Foco principal na soberania e direitos, com alguma abertura para inovação","A nota foca em soberania e direitos (privacidade, proteção de dados) com abertura para cooperação em inovação e tecnologia digital, correspondendo a Predominantemente Soberanista (Nota 2).","No contexto da visita do presidente Luiz Inácio Lula da Silva a Portugal, foram firmados 13 novos instrumentos de cooperação durante a XIII Cimeira Luso-Brasileira, realizada no Centro Cultural de Belém, em 22 de abril de 2023 . Foram contempladas áreas como: educação; proteção de testemunh"
"Lista e íntegra dos atos assinados por ocasião da visita do Presidente Luiz Inácio Lula da Silva ao Reino da Espanha","https://www.gov.br/mre/pt-br/canais_atendimento/imprensa/notas-a-imprensa/lista-e-integra-dos-atos-assinados-por-ocasiao-da-visita-do-presidente-luiz-inacio-lula-da-silva-ao-reino-da-espanha","26/04/2023","3","Equilíbrio entre soberania/direitos e desenvolvimento/inovação (não puramente mercantil)","A nota apresenta equilíbrio entre cooperação em infraestrutura/tecnologia digital e preocupações com soberania, direitos ou regulação, configurando Modelo Misto (Nota 3).","III) Carta de Intenções na Área de Ciência, Tecnologia e Inovação entre o Ministério da Ciência, Tecnologia e Inovação da República Federativa do Brasil, o Ministério de Ciência e Inovação do Reino da Espanha, a Financiadora de Estudos e Projetos, o Centro para o Desenvolvimento Tecno"
"Consenso de Brasília – 30 de maio de 2023","https://www.gov.br/mre/pt-br/canais_atendimento/imprensa/notas-a-imprensa/consenso-de-brasilia-2013-30-de-maio-de-2023","30/05/2023","2","Foco principal na soberania e direitos, com alguma abertura para inovação","A nota foca em soberania e direitos (privacidade, proteção de dados) com abertura para cooperação em inovação e tecnologia digital, correspondendo a Predominantemente Soberanista (Nota 2).","2.  Reafirmaram a visão comum de que a América do Sul constitui uma região de paz e cooperação, baseada no diálogo e no respeito à diversidade dos nossos povos, comprometida com a democracia e os direitos humanos, o desenvolvimento sustentável e a justiça social, o Estado de direito e a est | 3.  Coincidiram em que o mundo enfrenta múltiplos desafios, em um cenário de crise climática, ameaças à paz e à segurança internacional, pressões sobre as cadeias de alimentos e energia, riscos de novas pandemias, aumento de desigualdades sociais e ameaças à estabilidade institucional e de | 4.  Concordaram que a integração regional deve ser parte das soluções para enfrentar os desafios compartilhados da construção de um mundo pacífico; do fortalecimento da democracia; da promoção do desenvolvimento econômico e social; do combate à pobreza, à fome e a todas as formas de desi"
"Declaração Conjunta do Cabo da Boa Esperança – Ministros das Relações Exteriores e Relações Internacionais do BRICS – Cidade do Cabo, África do Sul, 1º de junho de 2023","https://www.gov.br/mre/pt-br/canais_atendimento/imprensa/notas-a-imprensa/declaracao-conjunta-do-cabo-da-boa-esperanca-2013-ministros-das-relacoes-exteriores-e-relacoes-internacionais-do-brics-2013-cidade-do-cabo-africa-do-sul-1o-de-junho-de-2023","02/06/2023","1","Soberania digital do Estado, garantias democráticas, direitos fundamentais, multilateralismo, multissetorialismo","A nota enfatiza soberania digital, direitos fundamentais, multilateralismo e abordagem multissetorial na governança da internet, alinhando-se à definição de Soberania Digital (Nota 1).","1. Os Ministros das Relações Exteriores e Relações Internacionais do BRICS se reuniram em 1o de junho de 2023 na Cidade do Cabo, África do Sul. Os Ministros trocaram impressões sobre as principais tendências e questões globais e regionais. Reafirmaram seu compromisso de fortalecer a estrutur | 2. Os Ministros reiteraram o compromisso de fortalecer o multilateralismo e defender o direito internacional, inclusive os propósitos e princípios consagrados na Carta das Nações Unidas (ONU), como sua pedra angular indispensável, e o papel central da ONU em um sistema internacional no qual Est | 3. Os Ministros expressaram preocupação com o uso de medidas coercitivas unilaterais, que são incompatíveis com os princípios da Carta da ONU e produzem efeitos negativos, notadamente no mundo em desenvolvimento. Reiteraram seu compromisso de aprimorar e melhorar a governança global, promovend"
"Discurso do Ministro das Relações Exteriores por ocasião da LXII Reunião Ordinária do Conselho do Mercado Comum (CMC) - Sessão com Estados Partes - Puerto Iguazú, 3 de julho de 2023","https://www.gov.br/mre/pt-br/canais_atendimento/imprensa/notas-a-imprensa/discurso-do-ministro-das-relacoes-exteriores-por-ocasiao-da-lxii-reuniao-ordinaria-do-conselho-do-mercado-comum-cmc-puerto-iguazu-3-de-julho-de-2023","03/07/2023","2","Foco principal na soberania e direitos, com alguma abertura para inovação","A nota foca em soberania e direitos (privacidade, proteção de dados) com abertura para cooperação em inovação e tecnologia digital, correspondendo a Predominantemente Soberanista (Nota 2).","É uma grande alegria estar em Puerto Iguazú participando desta reunião do Conselho do Mercado Comum e, amanhã, da reunião de Cúpula que encerrará os trabalhos da presidência “pro tempore” argentina."
"Comunicado Conjunto dos Estados Partes Argentina, Brasil e Paraguai","https://www.gov.br/mre/pt-br/canais_atendimento/imprensa/notas-a-imprensa/comunicado-conjunto-dos-presidentes-dos-estados-partes-do-mercosur-argentina-brasil-e-paraguai","04/07/2023","1","Soberania digital do Estado, garantias democráticas, direitos fundamentais, multilateralismo, multissetorialismo","A nota enfatiza soberania digital, direitos fundamentais, multilateralismo e abordagem multissetorial na governança da internet, alinhando-se à definição de Soberania Digital (Nota 1).","Os Presidentes dos Estados Partes do MERCOSUL, Alberto Ángel Fernández, pela República Argentina; Luiz Inácio Lula da Silva, pela República Federativa do Brasil, e Mario Abdo Benítez, pela República do Paraguai, participaram da LXII Cúpula de Presidentes do MERCOSUL, realizada em 4 de julho  | Durante a reunião, os Presidentes renovaram o compromisso do MERCOSUL com o fortalecimento da democracia, do Estado de Direito e do respeito aos direitos humanos e destacaram a importância da agenda econômica, comercial, social e cultural do bloco em benefício de seus cidadãos e cidadãs. | Os presidentes também concordaram com a necessidade de abrir um espaço de reflexão política sobre a modernização do bloco, incluindo o fortalecimento da agenda interna para uma maior integração de suas economias, bem como a estratégia de inserção internacional, de forma consensual e solid"
"Declaração Conjunta sobre a Aliança Digital América Latina e Caribe - União Europeia","https://www.gov.br/mre/pt-br/canais_atendimento/imprensa/notas-a-imprensa/declaracao-conjunta-sobre-a-alianca-digital-america-latina-e-caribe-uniao-europeia-traducao-nao-oficial","17/07/2023","2","Foco principal na soberania e direitos, com alguma abertura para inovação","A nota foca em soberania e direitos (privacidade, proteção de dados) com abertura para cooperação em inovação e tecnologia digital, correspondendo a Predominantemente Soberanista (Nota 2).","Brasil, União Europeia, Argentina, Bahamas, Barbados, Chile, Colômbia, Costa Rica, República Dominicana, Equador, El Salvador, Guatemala, Honduras, Jamaica, México, Panamá, Paraguai, Peru, Suriname, Trinidad e Tobago e Uruguai acordaram aprofundar nossa parceria por meio da criação de uma Ali | A Aliança Digital ALC-UE é um mecanismo de cooperação informal, baseado em valores, aberto a todos os países da América Latina e do Caribe (ALC) e aos estados membros da UE, que podem participar através dos respectivos governos e agências relacionadas com a agenda digital. A UE participa no  | A Aliança Digital ALC-UE oferece fórum regular para diálogo birregional e cooperação em questões digitais para o benefício de nossos cidadãos. Ela estabelece estrutura estratégica para promover a cooperação futura, bem como para a substancial cooperação digital entre ALC e UE ora em and"
"Declaração da Cúpula CELAC-UE 2023","https://www.gov.br/mre/pt-br/canais_atendimento/imprensa/notas-a-imprensa/declaracao-da-cupula-celac-ue-2023","18/07/2023","3","Equilíbrio entre soberania/direitos e desenvolvimento/inovação (não puramente mercantil)","A nota apresenta equilíbrio entre cooperação em infraestrutura/tecnologia digital e preocupações com soberania, direitos ou regulação, configurando Modelo Misto (Nota 3).","(versão original em inglês)"
"Declaração Presidencial por ocasião da Cúpula da Amazônia – IV Reunião de Presidentes dos Estados Partes no Tratado de Cooperação Amazônica","https://www.gov.br/mre/pt-br/canais_atendimento/imprensa/notas-a-imprensa/declaracao-presidencial-por-ocasiao-da-cupula-da-amazonia-2013-iv-reuniao-de-presidentes-dos-estados-partes-no-tratado-de-cooperacao-amazonica","08/08/2023","1","Soberania digital do Estado, garantias democráticas, direitos fundamentais, multilateralismo, multissetorialismo","A nota enfatiza soberania digital, direitos fundamentais, multilateralismo e abordagem multissetorial na governança da internet, alinhando-se à definição de Soberania Digital (Nota 1).","Convencidos de que a cooperação, a visão integrada e a ação coletiva são fundamentais para fazer frente aos desafios políticos, sociais, econômicos e ambientais da região amazônica, em particular aqueles relacionados à crise climática, à perda da biodiversidade, à poluição da água e"
"XIX Reunião do Conselho de Ministros da ALADI","https://www.gov.br/mre/pt-br/canais_atendimento/imprensa/notas-a-imprensa/xix-reuniao-do-conselho-de-ministros-da-aladi","18/08/2023","4","Foco principal na inovação e abertura de mercado, com alguma regulação estatal","A nota foca em inovação, abertura de mercado digital, investimentos e infraestrutura tecnológica com regulação estatal secundária, enquadrando-se em Predominantemente Liberal (Nota 4).","Realizou-se, em 18 de agosto, em Montevidéu, a Décima Nona Reunião do Conselho de Ministros de Relações Exteriores da Associação Latino-Americana de Integração (ALADI), com a participação de chanceleres e autoridades dos 13 países-membros da Associação. A delegação brasileira foi lid | O encontro serviu para avaliar as atividades da Associação à luz dos múltiplos desafios globais da atualidade. O tema central da reunião foi a economia digital na integração regional, e foram aprovadas seis resoluções que definem linhas de ação para os próximos anos em temas como facilit | Em declaração emanada da reunião, chanceleres e altas autoridades dos países-membros reafirmaram a importância da ALADI como ferramenta para ampliar o comércio intrarregional, por meio de novas oportunidades e aperfeiçoamento de regras, e promover o bem-estar de seus povos. Também destacaram"
"Declaração de Joanesburgo II - Sandton, Gauteng, África do Sul - 23 de agosto de 2023","https://www.gov.br/mre/pt-br/canais_atendimento/imprensa/notas-a-imprensa/declaracao-de-joanesburgo-ii-sandton-gauteng-africa-do-sul-23-de-agosto-de-2023","24/08/2023","3","Equilíbrio entre soberania/direitos e desenvolvimento/inovação (não puramente mercantil)","A nota apresenta equilíbrio entre cooperação em infraestrutura/tecnologia digital e preocupações com soberania, direitos ou regulação, configurando Modelo Misto (Nota 3).","BRICS and Africa: Partnership for Mutually Accelerated Growth,Sustainable Development and Inclusive Multilateralism | 1. We, the Leaders of the Federative Republic of Brazil, the Russian Federation, the Republic of India, the People's Republic of China and the Republic of South Africa met in Sandton, South Africa, from 22 to 24 August 2023 for the XV BRICS Summit held under the theme: ""BRICS and Africa: Partnership | 2. We reaffirm our commitment to the BRICS spirit of mutual respect and understanding, sovereign equality, solidarity, democracy, openness, inclusiveness, strengthened collaboration and consensus. As we build upon 15 years of BRICS Summits, we further commit ourselves to strengthening the framework "
"Atos assinados por ocasião da visita de Estado do senhor Presidente da República, Luiz Inácio Lula da Silva, a Angola","https://www.gov.br/mre/pt-br/canais_atendimento/imprensa/notas-a-imprensa/atos-assinados-por-ocasiao-da-visita-de-estado-do-senhor-presidente-da-republica-luiz-inacio-lula-da-silva-a-angola","25/08/2023","1","Soberania digital do Estado, garantias democráticas, direitos fundamentais, multilateralismo, multissetorialismo","A nota enfatiza soberania digital, direitos fundamentais, multilateralismo e abordagem multissetorial na governança da internet, alinhando-se à definição de Soberania Digital (Nota 1).","- ACORDO ENTRE A REPÚBLICA FEDERATIVA DO BRASIL E A REPÚBLICA DE ANGOLA SOBRE O EXERCÍCIO DE ATIVIDADES PROFISSIONAIS REMUNERADAS PELOS DEPENDENTES DO PESSOAL DIPLOMÁTICO, CONSULAR, MILITAR, ADMINISTRATIVO E TÉCNICO DAS MISSÕES DIPLOMÁTICAS E POSTOS CONSULARES;"
"Adesão do Brasil à Parceria Internacional para a Informação e a Democracia","https://www.gov.br/mre/pt-br/canais_atendimento/imprensa/notas-a-imprensa/adesao-do-brasil-a-parceria-internacional-para-a-informacao-e-a-democracia","31/08/2023","2","Foco principal na soberania e direitos, com alguma abertura para inovação","A nota foca em soberania e direitos (privacidade, proteção de dados) com abertura para cooperação em inovação e tecnologia digital, correspondendo a Predominantemente Soberanista (Nota 2).","Ao promover marcos legais domésticos e padrões internacionais para o exercício da liberdade de expressão e o acesso a informações confiáveis, o Brasil busca combater a desinformação e o discurso de ódio, proteger o trabalho de jornalistas e profissionais de imprensa e promover o respeito a | O Brasil integra grupos de países que lideram, em diferentes foros multilaterais, e em particular no âmbito das Nações Unidas, iniciativas dedicadas ao direito à privacidade, à liberdade de expressão, à proteção de jornalistas, ao acesso à informação e aos impactos de novas tecnologias "
"Declaração de Líderes do G20 de Nova Delhi - Nova Delhi, Índia - 9 e 10 de setembro de 2023","https://www.gov.br/mre/pt-br/canais_atendimento/imprensa/notas-a-imprensa/declaracao-de-lideres-do-g20-de-nova-delhi-nova-delhi-india-9-e-10-de-setembro-de-2023","09/09/2023","3","Equilíbrio entre soberania/direitos e desenvolvimento/inovação (não puramente mercantil)","A nota apresenta equilíbrio entre cooperação em infraestrutura/tecnologia digital e preocupações com soberania, direitos ou regulação, configurando Modelo Misto (Nota 3).","3. G20 cooperation is essential in determining the course the world takes. Headwinds to global economic growth and stability persist. Years of cascading challenges and crises have reversed gains in the 2030 Agenda and its Sustainable Development Goals (SDGs). Global greenhouse gas (GHG) emissions co"
"Declaração de Havana sobre “os desafios atuais para o desenvolvimento: o papel da ciência, da tecnologia e da inovação” (em inglês)","https://www.gov.br/mre/pt-br/canais_atendimento/imprensa/notas-a-imprensa/declaracao-de-havana-sobre-201cos-desafios-atuais-para-o-desenvolvimento-o-papel-da-ciencia-da-tecnologia-e-da-inovacao201d-em-ingles","16/09/2023","4","Foco principal na inovação e abertura de mercado, com alguma regulação estatal","A nota foca em inovação, abertura de mercado digital, investimentos e infraestrutura tecnológica com regulação estatal secundária, enquadrando-se em Predominantemente Liberal (Nota 4).","3.    We deeply mourn the loss of life and materials caused by the recent natural disasters in Libya and Morocco. We convey our heartfelt condolences to the respective peoples and governments, and to the loved ones of the victims in both nations. | 4.    We note with deep concern that the major challenges generated by the current unfair international economic order for developing countries have reached their most acute expression in current times due, inter alia, to the persistent negative effects of the COVID-19 pandemic, even though the Publ"
"Reunião de Chanceleres do BRICS à margem da 78ª Sessão da Assembleia Geral das Nações Unidas – Comunicado Conjunto – Nova York, 20 de setembro de 2023","https://www.gov.br/mre/pt-br/canais_atendimento/imprensa/notas-a-imprensa/reuniao-dos-chanceleres-do-brics-a-margem-da-78a-sessao-da-assembleia-geral-das-nacoes-unidas-2013-comunicado-a-imprensa-2013-nova-york-20-de-setembro-de-2023","20/09/2023","3","Equilíbrio entre soberania/direitos e desenvolvimento/inovação (não puramente mercantil)","A nota apresenta equilíbrio entre cooperação em infraestrutura/tecnologia digital e preocupações com soberania, direitos ou regulação, configurando Modelo Misto (Nota 3).","2.          The Ministers exchanged views on major global and regional issues on the United Nations (UN) agenda in the political, security, economic, financial, and sustainable development spheres, as well as on intra-BRICS activities. The Ministers discussed the possibilities for mutual support of  | 3.             The Ministers reiterated their commitment to strengthening multilateralism and upholding international law, including the Purposes and Principles enshrined in the Charter of the United Nations (UN) as its indispensable cornerstone, and the central role of the UN in an international sy | 4.             The Ministers reiterated concern about the use of unilateral coercive measures which are incompatible with the Principles of the UN Charter and produce negative effects notably in the developing world. They reiterated their commitment to enhancing and improving global governance by pr"
"11ª Reunião da Comissão Ministerial Trilateral do Fórum de Diálogo Índia-Brasil-África do Sul (IBAS) - Nova York, 22 de setembro de 2023","https://www.gov.br/mre/pt-br/canais_atendimento/imprensa/notas-a-imprensa/11a-reuniao-da-comissao-ministerial-trilateral-do-forum-de-dialogo-india-brasil-africa-do-sul-ibas-nova-york-22-de-setembro-de-2023","22/09/2023","3","Equilíbrio entre soberania/direitos e desenvolvimento/inovação (não puramente mercantil)","A nota apresenta equilíbrio entre cooperação em infraestrutura/tecnologia digital e preocupações com soberania, direitos ou regulação, configurando Modelo Misto (Nota 3).","2. The Ministers recalled that IBSA was created 20 years ago to promote coordination on global issues between three large pluralistic, multi-cultural and multi-ethnic democracies of Asia, South America and Africa, and to enhance trilateral cooperation in sectoral areas, providing a new framework to  | 4. The Ministers recalled that India, Brazil and South Africa are focused on pursuing sustainable development, overcoming development challenges, and upholding independent foreign policies. They believe that the values and principles of IBSA serve as a bridge between developing and developed countri"
"Declaração Ministerial da 47ª reunião anual do G77 - Nova York, 22 de setembro de 2023","https://www.gov.br/mre/pt-br/canais_atendimento/imprensa/notas-a-imprensa/declaracao-ministerial-no-contexto-da-47a-reuniao-annual-do-g77-nova-york-22-de-setembro-de-2023","23/09/2023","3","Equilíbrio entre soberania/direitos e desenvolvimento/inovação (não puramente mercantil)","A nota apresenta equilíbrio entre cooperação em infraestrutura/tecnologia digital e preocupações com soberania, direitos ou regulação, configurando Modelo Misto (Nota 3).","1.         The Ministers for Foreign Affairs of the States members of the Group of 77 and China met on 22 September 2023, at the UN Headquarters in New York on the occasion of their forty-seventh annual meeting. The Ministers discussed the repercussions of current geo-political tensions, reviewed th | 2.         The Ministers reaffirmed full respect for the purposes and principles of the Charter of the United Nations and international law. They reaffirmed in this regard the need to respect the principles of equality among States, national sovereignty, territorial integrity and political independe | 4.         The Ministers reaffirmed that there can be no sustainable development without peace and no peace without sustainable development. They stressed the importance of building a culture of peace by strengthening multilateralism based on international law, developing friendly relations among na"
"Comunicado conjunto por ocasião da conclusão da visita do Presidente do Brasil à Arábia Saudita – Riade, 30 de novembro de 2023","https://www.gov.br/mre/pt-br/canais_atendimento/imprensa/notas-a-imprensa/comunicado-conjunto-por-ocasiao-da-conclusao-da-visita-do-presidente-do-brasil-a-arabia-saudita-2013-riade-30-de-novembro-de-2023","01/12/2023","3","Equilíbrio entre soberania/direitos e desenvolvimento/inovação (não puramente mercantil)","A nota apresenta equilíbrio entre cooperação em infraestrutura/tecnologia digital e preocupações com soberania, direitos ou regulação, configurando Modelo Misto (Nota 3).","(Versão original em inglês)"
"Comunicado Conjunto dos Presidentes dos Estados Partes do Mercosul e Bolívia","https://www.gov.br/mre/pt-br/canais_atendimento/imprensa/notas-a-imprensa/comunicado-conjunto-dos-presidentes-dos-estados-partes-do-mercosul-e-bolivia","07/12/2023","2","Foco principal na soberania e direitos, com alguma abertura para inovação","A nota foca em soberania e direitos (privacidade, proteção de dados) com abertura para cooperação em inovação e tecnologia digital, correspondendo a Predominantemente Soberanista (Nota 2).","Os Presidentes dos Estados Partes do MERCOSUL, Luiz Inácio Lula da Silva, pela República Federativa do Brasil, Alberto Ángel Fernández, pela República Argentina; Santiago Peña Palacios, pela República do Paraguai, e Luis Lacalle Pou, pela República Oriental do Uruguai, assim como o president | Coincidiram na necessidade de dinamizar o bloco, tendo em vista os aspectos da agenda interna e externa do bloco, com um enfoque integral e pragmático."
"Declaração Especial dos Presidentes do MERCOSUL sobre Democracia e Integridade da Informação em Ambientes Digitais","https://www.gov.br/mre/pt-br/canais_atendimento/imprensa/notas-a-imprensa/declaracao-especial-dos-presidentes-do-mercosul-sobre-democracia-e-integridade-da-informacao-em-ambientes-digitais","08/12/2023","1","Soberania digital do Estado, garantias democráticas, direitos fundamentais, multilateralismo, multissetorialismo","A nota enfatiza soberania digital, direitos fundamentais, multilateralismo e abordagem multissetorial na governança da internet, alinhando-se à definição de Soberania Digital (Nota 1).","SUBLINHARAM a importância fundamental do acesso à informação e da liberdade de expressão, opinião, comunicação e manifestação de pensamento, em caráter de princípios e direitos humanos e liberdades fundamentais de sociedades democráticas, particularmente no ambiente digital; | REITERARAM a centralidade da democracia para o processo de integração regional e os compromissos assumidos em tal sentido pelo MERCOSUL, em particular, por meio do Tratado de Assunção, do Protocolo de Ouro Preto, do Protocolo de Ushuaia e do Protocolo Constitutivo do PARLASUL; | DECIDIRAM trabalhar juntos para reduzir as desigualdades digitais, considerando que a luta contra a desinformação está diretamente relacionada com a inclusão digital significativa e a redução das diversas brechas digitais, incluída a de gênero;"
"Adoção do Documento “Áreas de Cooperação Prática” no âmbito da Parceria de Diálogo Setorial Brasil-Asean","https://www.gov.br/mre/pt-br/canais_atendimento/imprensa/notas-a-imprensa/adocao-do-documento-201careas-de-cooperacao-pratica201d-no-ambito-da-parceria-de-dialogo-setorial-brasil-asean","15/12/2023","1","Soberania digital do Estado, garantias democráticas, direitos fundamentais, multilateralismo, multissetorialismo","A nota enfatiza soberania digital, direitos fundamentais, multilateralismo e abordagem multissetorial na governança da internet, alinhando-se à definição de Soberania Digital (Nota 1).","O Comitê Conjunto de Cooperação Setorial Brasil-Associação das Nações do Sudeste Asiático (ASEAN), em sua segunda reunião, realizada em Jacarta, em 14 de dezembro de 2023, adotou o documento “ Áreas de Cooperação Prática 2024-2028 "". O documento contempla temas e setores prioritários p | A adoção do documento reforça a crescente interação do Brasil com a ASEAN e seus países-membros. Em visita a Jacarta, em 9 de outubro de 2023, o ministro Mauro Vieira participou da 1a Reunião Trilateral Brasil-ASEAN, tendo inaugurado formalmente a Parceria de Diálogo Setorial com a Associaç | As áreas de cooperação prática incluem inovação, energias renováveis, inclusão digital, educação, saúde, meio ambiente, segurança alimentar e nutricional, comércio e investimentos, entre outras."
"Discurso do Ministro Mauro Vieira por ocasião da reunião de ministros de Relações Exteriores do G20 – Rio de Janeiro, 21 de fevereiro de 2024","https://www.gov.br/mre/pt-br/canais_atendimento/imprensa/notas-a-imprensa/discurso-do-ministro-mauro-vieira-por-ocasiao-da-reuniao-de-ministros-de-relacoes-exteriores-do-g20-2013-rio-de-janeiro-21-de-fevereiro-de-2024","21/02/2024","1","Soberania digital do Estado, garantias democráticas, direitos fundamentais, multilateralismo, multissetorialismo","A nota enfatiza soberania digital, direitos fundamentais, multilateralismo e abordagem multissetorial na governança da internet, alinhando-se à definição de Soberania Digital (Nota 1).","Gostaria, antes de mais nada, de dar as boas-vindas a todos ao Brasil para a primeira Reunião de Ministros das Relações Exteriores do G20 deste ano. O Rio de Janeiro ocupa um lugar especial no coração de todos os brasileiros. Espero que suas agendas permitam   algum tempo para visitar esta bela"
"Declaração Conjunta e Declaração de Seguimento da Parceria Estratégica Renovada Brasil - Espanha","https://www.gov.br/mre/pt-br/canais_atendimento/imprensa/notas-a-imprensa/declaracao-conjunta-e-declaracao-de-seguimento-da-parceria-estrategica-renovada-brasil-espanha","06/03/2024","1","Soberania digital do Estado, garantias democráticas, direitos fundamentais, multilateralismo, multissetorialismo","A nota enfatiza soberania digital, direitos fundamentais, multilateralismo e abordagem multissetorial na governança da internet, alinhando-se à definição de Soberania Digital (Nota 1).","Declaração Conjunta Brasil - Espanha:"
"Atos adotados por ocasião da visita ao Brasil do Presidente da França, Emmanuel Macron - 28 de março de 2024","https://www.gov.br/mre/pt-br/canais_atendimento/imprensa/notas-a-imprensa/atos-adotados-por-ocasiao-da-visita-do-presidente-da-franca-emmanuel-macron-ao-brasil","28/03/2024","1","Soberania digital do Estado, garantias democráticas, direitos fundamentais, multilateralismo, multissetorialismo","A nota enfatiza soberania digital, direitos fundamentais, multilateralismo e abordagem multissetorial na governança da internet, alinhando-se à definição de Soberania Digital (Nota 1).","Atos adotados por ocasião da visita ao Brasil do Presidente da França, Emmanuel Macron - 28 de março de 2024:"
"Declaração Conjunta dos Presidentes de Brasil e Colômbia","https://www.gov.br/mre/pt-br/canais_atendimento/imprensa/notas-a-imprensa/declaracao-conjunta-dos-presidentes-de-brasil-e-colombia","17/04/2024","1","Soberania digital do Estado, garantias democráticas, direitos fundamentais, multilateralismo, multissetorialismo","A nota enfatiza soberania digital, direitos fundamentais, multilateralismo e abordagem multissetorial na governança da internet, alinhando-se à definição de Soberania Digital (Nota 1).","O Presidente da República da Colômbia, Sua Excelência Gustavo Petro Urrego, recebeu o Presidente da República Federativa do Brasil, Sua Excelência Luiz Inácio Lula da Silva, por ocasião de sua Visita Oficial a Bogotá, no âmbito da qual participarão da inauguração da 36a edição da Feira | Os Chefes de Estado da Colômbia e do Brasil coincidiram na importância histórica desta reunião e aplaudiram o excelente estado das relações bilaterais. Em virtude de suas identidades políticas e culturais, visões e valores compartilhados, celebraram sua convergência pela busca da paz e da d | Anunciaram igualmente sua decisão de elevar as relações bilaterais ao nível de sócios estratégicos. Nesse sentido, instruíram os Chanceleres a empreender a revisão das iniciativas, acordo e instrumentos existentes com vistas a maximizar o potencial das relações bilaterais. Como resultado d"
"Atos adotados por ocasião da visita do presidente Luiz Inácio Lula da Silva à Colômbia — Bogotá, 17 de abril de 2024","https://www.gov.br/mre/pt-br/canais_atendimento/imprensa/notas-a-imprensa/atos-adotados-por-ocasiao-da-visita-do-presidente-luiz-inacio-lula-da-silva-a-colombia-2014-bogota-17-de-abril-de-2024","18/04/2024","2","Foco principal na soberania e direitos, com alguma abertura para inovação","A nota foca em soberania e direitos (privacidade, proteção de dados) com abertura para cooperação em inovação e tecnologia digital, correspondendo a Predominantemente Soberanista (Nota 2).","IV – Acordo de Cooperação entre o Ministério das Comunicações da República Federativa do Brasil e o Ministério de Tecnologias da Informação e Comunicações da República da Colômbia  [ PT | ES ]"
"Atos adotados por ocasião da visita da Ministra de Relações Internacionais e Cooperação da África do Sul, Naledi Pandor","https://www.gov.br/mre/pt-br/canais_atendimento/imprensa/notas-a-imprensa/atos-adotados-por-ocasiao-da-visita-da-chanceler-da-africa-do-sul-brasilia-23-de-abril-de-2024","23/04/2024","3","Equilíbrio entre soberania/direitos e desenvolvimento/inovação (não puramente mercantil)","A nota apresenta equilíbrio entre cooperação em infraestrutura/tecnologia digital e preocupações com soberania, direitos ou regulação, configurando Modelo Misto (Nota 3).","I. Memorando de Entendimento entre O Instituto Rio Branco do Ministério das Relações Exteriores da República Federativa do Brasil e a Academia Diplomática & Escola Internacional do Departamento de Relações Internacionais e Cooperação da República da África do Sul [ pt / en ] | MEMORANDO DE ENTENDIMENTO ENTRE O INSTITUTO RIO BRANCO DO MINISTÉRIO DAS RELAÇÕES EXTERIORES DA REPÚBLICA FEDERATIVA DO BRASIL E A ACADEMIA DIPLOMÁTICA & ESCOLA INTERNACIONAL DO DEPARTAMENTO DE RELAÇÕES INTERNACIONAIS E COOPERAÇÃO DA REPÚBLICA DA ÁFRICA DO SUL"
"Comunicado Conjunto sobre o Fortalecimento da  Parceria Estratégica e Global Brasil -Japão","https://www.gov.br/mre/pt-br/canais_atendimento/imprensa/notas-a-imprensa/comunicado-conjunto-sobre-o-fortalecimento-da-parceria-estrategica-e-global-brasil-japao","03/05/2024","1","Soberania digital do Estado, garantias democráticas, direitos fundamentais, multilateralismo, multissetorialismo","A nota enfatiza soberania digital, direitos fundamentais, multilateralismo e abordagem multissetorial na governança da internet, alinhando-se à definição de Soberania Digital (Nota 1).","1. A convite do Presidente do Brasil, Luiz Inácio Lula da Silva, o Primeiro-Ministro do Japão, Fumio Kishida, visitou o Brasil de 3 a 4 de maio de 2024, acompanhado de significativa delegação empresarial. Os líderes celebraram os dez anos da Parceria Estratégica e Global, estabelecida em 2014,"
"Declaração Conjunta dos Presidentes do Estado Plurinacional da Bolívia e da República Federativa do Brasil - Santa Cruz, 9 de julho de 2024","https://www.gov.br/mre/pt-br/canais_atendimento/imprensa/notas-a-imprensa/declaracao-conjunta-dos-presidentes-do-estado-plurinacional-da-bolivia-e-da-republica-federativa-do-brasil-santa-cruz-9-de-julho-de-2024","09/07/2024","1","Soberania digital do Estado, garantias democráticas, direitos fundamentais, multilateralismo, multissetorialismo","A nota enfatiza soberania digital, direitos fundamentais, multilateralismo e abordagem multissetorial na governança da internet, alinhando-se à definição de Soberania Digital (Nota 1).","Na oportunidade, os chefes de Estado destacaram o alto nível das relações diplomáticas, que se refletem na reativação dos mecanismos de diálogo bilateral, bem como nos princípios da irmandade e da fraternidade entre nossos povos."
"Comunicado Conjunto da XXIX Reunião Ordinária do Conselho de Ministros da Comunidade dos Países de Língua Portuguesa - São Tomé, 19 de julho de 2024","https://www.gov.br/mre/pt-br/canais_atendimento/imprensa/notas-a-imprensa/comunicado-conjunto-da-xxix-reuniao-ordinaria-do-conselho-de-ministros-da-comunidade-dos-paises-de-lingua-portuguesa-sao-tome-19-de-julho-de-2024","19/07/2024","1","Soberania digital do Estado, garantias democráticas, direitos fundamentais, multilateralismo, multissetorialismo","A nota enfatiza soberania digital, direitos fundamentais, multilateralismo e abordagem multissetorial na governança da internet, alinhando-se à definição de Soberania Digital (Nota 1).","1. A XXIX Reunião Ordinária do Conselho de Ministros da Comunidade dos Países de Língua Portuguesa (CPLP) decorreu em São Tomé, no dia 19 de julho de 2024, e contou com a participação dos Ministros dos Negócios Estrangeiros e das Relações Exteriores, ou seus representantes, da República "
"Declaração Conjunta dos Presidentes da República Federativa do Brasil, Luiz Inácio Lula da Silva, e da República do Chile, Gabriel Boric Font","https://www.gov.br/mre/pt-br/canais_atendimento/imprensa/notas-a-imprensa/declaracao-conjunta-dos-presidentes-da-republica-federativa-do-brasil-luiz-inacio-lula-da-silva-e-da-republica-do-chile-gabriel-boric-font","05/08/2024","1","Soberania digital do Estado, garantias democráticas, direitos fundamentais, multilateralismo, multissetorialismo","A nota enfatiza soberania digital, direitos fundamentais, multilateralismo e abordagem multissetorial na governança da internet, alinhando-se à definição de Soberania Digital (Nota 1).","Os chefes de Estado do Brasil e do Chile apreciaram a consolidação da amizade histórica que une as duas nações, baseada em princípios compartilhados, como a democracia; a promoção da paz; a proteção e o respeito aos direitos humanos; a igualdade e a inclusão social, o comércio sustentáv"
"Participação do Brasil na Cúpula do Futuro","https://www.gov.br/mre/pt-br/canais_atendimento/imprensa/notas-a-imprensa/participacao-do-brasil-na-cupula-do-futuro","22/09/2024","1","Soberania digital do Estado, garantias democráticas, direitos fundamentais, multilateralismo, multissetorialismo","A nota enfatiza soberania digital, direitos fundamentais, multilateralismo e abordagem multissetorial na governança da internet, alinhando-se à definição de Soberania Digital (Nota 1).","Realiza-se hoje, 22/9, em Nova York, a abertura da Cúpula do Futuro, reunião de chefes de Estado e governo convocada pelo Secretário-Geral das Nações Unidas. Na ocasião, foi adotado o Pacto para o Futuro, que estabelece princípios e compromissos dos membros da ONU para um novo multilateralism | O Pacto aborda temas como desenvolvimento sustentável; direitos humanos; paz e segurança internacionais; ciência, tecnologia e cooperação digital; juventude e gerações futuras; e reforma da governança global. Em anexo ao Pacto, também foram adotados a Declaração sobre Gerações Futuras e | Em seu discurso na Cúpula do Futuro, o Presidente Luiz Inácio Lula da Silva ressaltou que a reunião traduz o interesse dos Estados Membros em transformar as Nações Unidas para que ela seja capaz de contribuir efetivamente para a paz e a segurança internacionais, os direitos humanos e o desenvo"
"Segunda reunião de ministros das Relações Exteriores do G20 – Chamado à Ação sobre a Reforma da Governança Global - Nova York, 25 de setembro","https://www.gov.br/mre/pt-br/canais_atendimento/imprensa/notas-a-imprensa/segunda-reuniao-de-ministros-das-relacoes-exteriores-do-g20-2013-chamado-a-acao-sobre-a-reforma-da-governanca-global-nova-york-25-de-setembro","25/09/2024","1","Soberania digital do Estado, garantias democráticas, direitos fundamentais, multilateralismo, multissetorialismo","A nota enfatiza soberania digital, direitos fundamentais, multilateralismo e abordagem multissetorial na governança da internet, alinhando-se à definição de Soberania Digital (Nota 1).","Foi realizada em 25 de setembro, em Nova York, a segunda reunião de ministros das Relações Exteriores da presidência brasileira do G20, grupo formado pelas maiores economias do mundo, além da União Africana e da União Europeia. O encontro, que contou com a participação do Presidente Luiz In | Criadas nos anos 1940, as principais organizações internacionais refletem um cenário que não mais existe. Por isso, o grupo defendeu que estas instituições atualizem suas práticas e estruturas de governança a fim de melhor representar a diversidade dos seus membros e enfrentar os graves desa"
"Reunião de ministros das Relações Exteriores do IBAS à margem da 79ª AGNU – Nova York, 26 de setembro de 2024 – comunicado à imprensa","https://www.gov.br/mre/pt-br/canais_atendimento/imprensa/notas-a-imprensa/reuniao-de-ministros-das-relacoes-exteriores-do-ibas-a-margem-da-79a-agnu-2013-nova-york-26-de-setembro-de-2024-2013-comunicado-a-imprensa","26/09/2024","1","Soberania digital do Estado, garantias democráticas, direitos fundamentais, multilateralismo, multissetorialismo","A nota enfatiza soberania digital, direitos fundamentais, multilateralismo e abordagem multissetorial na governança da internet, alinhando-se à definição de Soberania Digital (Nota 1).","2. Os ministros lembraram que o IBAS foi criado há mais de 20 anos para promover a coordenação em questões globais entre três grandes democracias pluralistas, multiculturais e multiétnicas da Ásia, América do Sul e África, e para aprimorar a cooperação trilateral em áreas setoriais, forn"
"XVI Cúpula do BRICS – Kazan, Rússia, 22 a 24 de outubro de 2024 - Declaração Final","https://www.gov.br/mre/pt-br/canais_atendimento/imprensa/notas-a-imprensa/xvi-cupula-do-brics-2013-kazan-russia-22-a-24-de-outubro-de-2024-declaracao-final","23/10/2024","1","Soberania digital do Estado, garantias democráticas, direitos fundamentais, multilateralismo, multissetorialismo","A nota enfatiza soberania digital, direitos fundamentais, multilateralismo e abordagem multissetorial na governança da internet, alinhando-se à definição de Soberania Digital (Nota 1).","Fortalecendo o multilateralismo para o desenvolvimento e a segurança globais justos | 1. Nós, os Líderes dos países do BRICS, nos reunimos em Kazan, Federação Russa, de 22 a 24 de outubro de 2024, para a XVI Cúpula do BRICS, realizada sob o tema: ""Fortalecendo o multilateralismo para o desenvolvimento e a segurança globais justos""."
"Declaração sobre Infraestrutura Pública Digital, IA e Dados para Governança – Comunicado conjunto de Brasil, África do Sul e Índia","https://www.gov.br/mre/pt-br/canais_atendimento/imprensa/notas-a-imprensa/declaracao-sobre-infraestrutura-publica-digital-ia-e-dados-para-governanca-2013-comunicado-conjunto-de-brasil-africa-do-sul-e-india","19/11/2024","2","Foco principal na soberania e direitos, com alguma abertura para inovação","A nota foca em soberania e direitos (privacidade, proteção de dados) com abertura para cooperação em inovação e tecnologia digital, correspondendo a Predominantemente Soberanista (Nota 2).","Declaração sobre Infraestrutura Pública Digital, Inteligência Artificial e Dados para Governança – Comunicado conjunto de Brasil, África do Sul e Índia | O crescimento global, pouco acima de 3%, é o mais baixo desde o início do século, enquanto uma média de quase 4% prevaleceu até a pandemia. Ao mesmo tempo, a tecnologia avança a um ritmo vertiginoso e, se adequadamente aplicada, nos oferece uma oportunidade histórica de aumentar o crescimento | Acelerar o progresso em direção aos ODS requer uma transformação digital inclusiva. As experiências de vários países do G20 demonstraram que uma infraestrutura pública digital (IPD) bem planejada, incrementada por inteligência artificial (IA), pode possibilitar o uso de dados para o desenvo"
"Reunião de líderes do IBAS – Comunicado de Imprensa – Rio de Janeiro, 19 de novembro de 2024","https://www.gov.br/mre/pt-br/canais_atendimento/imprensa/notas-a-imprensa/reuniao-de-lideres-do-ibas-2013-comunicado-de-imprensa-2013-rio-de-janeiro-19-de-novembro-de-2024","19/11/2024","1","Soberania digital do Estado, garantias democráticas, direitos fundamentais, multilateralismo, multissetorialismo","A nota enfatiza soberania digital, direitos fundamentais, multilateralismo e abordagem multissetorial na governança da internet, alinhando-se à definição de Soberania Digital (Nota 1).","1. Nós, os líderes de Brasil, Índia e África do Sul, reunidos no Fórum IBAS, criado há mais de 20 anos para promover a coordenação em questões globais entre três grandes democracias pluralistas, multiculturais e multiétnicas da Ásia, América do Sul e África, e para reforçar a cooperac | 2. Ressaltamos a importância dos princípios, normas e valores do IBAS, incluindo o multilateralismo reformado, a democracia, o respeito, a promoção e a proteção dos direitos humanos e das liberdades fundamentais para todos, o direito humanitário internacional, a igualdade soberana, a integrid | 4. Expressamos a nossa preocupação com a escalada das tensões geopolíticas e a erupção de conflitos em várias partes do mundo e enfatizamos a urgência de nos empenharmos na busca pela paz. Sublinhamos a urgência de valorizar o diálogo e a diplomacia como instrumentos primordiais para a res"
"Atos adotados por ocasião da visita de estado ao Brasil do Presidente da China, Xi Jinping – 20 de novembro de 2024","https://www.gov.br/mre/pt-br/canais_atendimento/imprensa/notas-a-imprensa/atos-adotados-por-ocasiao-da-visita-de-estado-ao-brasil-do-presidente-da-china-xi-jinping-2013-20-de-novembro-de-2024-1","20/11/2024","4","Foco principal na inovação e abertura de mercado, com alguma regulação estatal","A nota foca em inovação, abertura de mercado digital, investimentos e infraestrutura tecnológica com regulação estatal secundária, enquadrando-se em Predominantemente Liberal (Nota 4).","Atos adotados e anúncios no contexto da visita de estado ao Brasil do Presidente da China, Xi Jinping, em 20 de novembro de 2024, nas áreas de agricultura, comércio, investimentos, infraestrutura, indústria, energia, mineração, finanças, ciência e tecnologia, comunicações, desenvolvimento "
"Comunicado conjunto Brasil - Emirados Árabes Unidos por ocasião da reunião de líderes do G20","https://www.gov.br/mre/pt-br/canais_atendimento/imprensa/notas-a-imprensa/comunicado-conjunto-brasil-emirados-arabes-unidos-por-ocasiao-da-reuniao-de-lideres-do-g20","27/11/2024","2","Foco principal na soberania e direitos, com alguma abertura para inovação","A nota foca em soberania e direitos (privacidade, proteção de dados) com abertura para cooperação em inovação e tecnologia digital, correspondendo a Predominantemente Soberanista (Nota 2).","2. Na importante ocasião deste ano de celebração do 50o aniversário do estabelecimento de relações diplomáticas entre os Emirados Árabes Unidos e a República Federativa do Brasil, ambos os lados reafirmaram sua dedicação em fortalecer ainda mais o relacionamento bilateral nos próximos an | Juntos, ambos os países continuarão a aprofundar ainda mais a parceria estratégica por meio da exploração de novas oportunidades de cooperação, particularmente em áreas de potencial considerável, tais como inovação, energia renovável e mudança climática, inteligência artificial, tecno"
"Comunicado Conjunto dos Presidentes dos Estados Partes do Mercosul","https://www.gov.br/mre/pt-br/canais_atendimento/imprensa/notas-a-imprensa/comunicado-conjunto-dos-presidentes-dos-estados-partes-do-mercosul","06/12/2024","2","Foco principal na soberania e direitos, com alguma abertura para inovação","A nota foca em soberania e direitos (privacidade, proteção de dados) com abertura para cooperação em inovação e tecnologia digital, correspondendo a Predominantemente Soberanista (Nota 2).","Os Presidentes dos Estados Partes do MERCOSUL, Luis Lacalle Pou, pela República Oriental do Uruguai; Javier Milei, pela República Argentina; Luis Alberto Arce Catacora, pelo Estado Plurinacional da Bolívia; Luiz Inácio Lula da Silva, pela República Federativa do Brasil; e Santiago Peña, pela R"
"Diálogo Digital Brasil – União Europeia – Comunicado Conjunto – Bruxelas, 12 de fevereiro","https://www.gov.br/mre/pt-br/canais_atendimento/imprensa/notas-a-imprensa/dialogo-digital-brasil-2013-uniao-europeia-2013-comunicado-conjunto-2013-bruxelas-12-de-fevereiro","12/02/2025","1","Soberania digital do Estado, garantias democráticas, direitos fundamentais, multilateralismo, multissetorialismo","A nota enfatiza soberania digital, direitos fundamentais, multilateralismo e abordagem multissetorial na governança da internet, alinhando-se à definição de Soberania Digital (Nota 1).","Com base na sólida Parceria Estratégica Brasil - União Europeia, os representantes da União Europeia e do governo do Brasil reuniram-se para a 13a Edição do Diálogo Digital bilateral em 12 de fevereiro de 2025, em Bruxelas. | Este Diálogo acontece em um momento crítico, marcado por avanços rápidos sem precedentes em tecnologias digitais, em particular da Inteligência Artificial (IA) e de plataformas digitais, com potencial transformador e desafios regulatórios e preocupações éticas associados. | Ambas as partes reafirmaram seu compromisso de promover o desenvolvimento digital significativo e de facilitar ambiente favorável à inovação na área digital, bem como de preservar princípios democráticos e direitos humanos."
"I Comissão Permanente Bilateral Brasil-Espanha – Ata Final – Madri, 17 de fevereiro","https://www.gov.br/mre/pt-br/canais_atendimento/imprensa/notas-a-imprensa/i-comissao-permanente-bilateral-brasil-espanha-2013-ata-final-2013-madri-17-de-fevereiro","17/02/2025","1","Soberania digital do Estado, garantias democráticas, direitos fundamentais, multilateralismo, multissetorialismo","A nota enfatiza soberania digital, direitos fundamentais, multilateralismo e abordagem multissetorial na governança da internet, alinhando-se à definição de Soberania Digital (Nota 1).","Aos 17 dias do mês de fevereiro de 2025, foi realizada em Madri a reunião inaugural da Comissão Permanente Bilateral Brasil-Espanha, presidida pelo  pelo Ministro das Relações Exteriores da República Federativa do Brasil, Mauro Vieira, e pelo Ministro de Assuntos Exteriores, União Europeia e  | 1. Subcomissão de Assuntos Políticos Bilaterais, Regionais e Multilaterais"
"Discurso do Ministro Mauro Vieira por ocasião da segunda sessão da reunião de Ministros das Relações Exteriores do G20 – Joanesburgo, 21/02/25","https://www.gov.br/mre/pt-br/canais_atendimento/imprensa/notas-a-imprensa/discurso-do-ministro-mauro-vieira-por-ocasiao-da-segunda-sessao-da-reuniao-de-ministros-das-relacoes-exteriores-do-g20-2013-joanesburgo-21-02-25","21/02/2025","2","Foco principal na soberania e direitos, com alguma abertura para inovação","A nota foca em soberania e direitos (privacidade, proteção de dados) com abertura para cooperação em inovação e tecnologia digital, correspondendo a Predominantemente Soberanista (Nota 2).","Permita-me agradecer-lhe, Ministro Lamola, a recepção oferecida por Vossa Excelência e pelo prefeito de Joanesburgo, Sr. Dada Morero, ontem. O tema escolhido para a Presidência da África do Sul no G20 — ""Solidariedade, Igualdade, Sustentabilidade"" — e a referência ao “Espírito Ubuntu”, na Not"
"Discurso proferido pelo Ministro Mauro Vieira por ocasião da 1ª reunião de Sherpas do BRICS – Brasília, 25 de fevereiro","https://www.gov.br/mre/pt-br/canais_atendimento/imprensa/notas-a-imprensa/discurso-proferido-pelo-ministro-mauro-vieira-por-ocasiao-da-1a-reuniao-de-sherpas-do-brics-2013-brasilia-25-de-fevereiro","25/02/2025","1","Soberania digital do Estado, garantias democráticas, direitos fundamentais, multilateralismo, multissetorialismo","A nota enfatiza soberania digital, direitos fundamentais, multilateralismo e abordagem multissetorial na governança da internet, alinhando-se à definição de Soberania Digital (Nota 1).","It is an honor to welcome you to this inaugural meeting of Brazil’s BRICS chairship. We convene at a pivotal moment — one of profound transformation, where the principles of multilateralism and cooperation are being tested by crises that demand urgent and collective action. | The international order is undergoing significant shifts. Deepening geopolitical tensions, rising inequalities, and rapid technological and economic changes are challenging traditional governance structures. Longstanding institutions struggle to adapt, while emerging economies rightly demand a more "
"Assinatura de acordo de cooperação entre a Polícia Federal e a EUROPOL – Nota Conjunta MRE/MJSP","https://www.gov.br/mre/pt-br/canais_atendimento/imprensa/notas-a-imprensa/assinatura-de-acordo-de-cooperacao-entre-a-policia-federal-e-a-europol-2013-nota-conjunta-mre-mjsp","05/03/2025","1","Soberania digital do Estado, garantias democráticas, direitos fundamentais, multilateralismo, multissetorialismo","A nota trata de soberania digital, direitos e governança multilateral sem ênfase em inovação mercantil, enquadrando-se em Soberania Digital (Nota 1).","O ministro da Justiça e Segurança Pública, Ricardo Lewandowski, e o Comissário Europeu para Assuntos Internos e Migração, Magnus Brunner assinaram, nesta quarta-feira (5), acordo de cooperação entre a Polícia Federal (PF) e a Agência da União Europeia para a Cooperação Policial (EUROPOL"
"Seminário sobre economia de dados e desenvolvimento nacional – Nota Conjunta MRE/MDIC","https://www.gov.br/mre/pt-br/canais_atendimento/imprensa/notas-a-imprensa/seminario-sobre-economia-de-dados-e-desenvolvimento-nacional-2013-nota-conjunta-mre-mdic","18/03/2025","4","Foco principal na inovação e abertura de mercado, com alguma regulação estatal","A nota foca em inovação, abertura de mercado digital, investimentos e infraestrutura tecnológica com regulação estatal secundária, enquadrando-se em Predominantemente Liberal (Nota 4).","No âmbito da presidência brasileira do BRICS, realizou-se, no dia 18 de março, o seminário virtual “Alavancando a economia de dados na comunidade de economia digital do BRICS” (“Leveraging data economy across the BRICS’ digital economy community”), reunindo pesquisadores, formuladores de políti | O evento, organizado pelo Ministério das Relações Exteriores (MRE) e pelo Ministério do Desenvolvimento, Indústria, Comércio e Serviços (MDIC) do Brasil, procurou chamar atenção para a economia de dados como fator habilitador da transformação da indústria, inclusive para aplicações de  | Durante o seminário, foram discutidos a criação de espaços e mercados de dados e o papel dos dados na transformação digital de empresas e governos. A valorização estratégica dos dados é essencial para reduzir assimetrias econômicas e garantir que os benefícios desse novo modelo de negóc"
"Declaração Conjunta por ocasião da Visita de Estado do Presidente do Chile, Gabriel Boric, ao Brasil","https://www.gov.br/mre/pt-br/canais_atendimento/imprensa/notas-a-imprensa/declaracao-conjunta-por-ocasiao-da-visita-de-estado-do-presidente-do-chile-gabriel-boric-ao-brasil","24/04/2025","1","Soberania digital do Estado, garantias democráticas, direitos fundamentais, multilateralismo, multissetorialismo","A nota enfatiza soberania digital, direitos fundamentais, multilateralismo e abordagem multissetorial na governança da internet, alinhando-se à definição de Soberania Digital (Nota 1).","Em 24 de abril de 2025, o Presidente da República do Chile, Gabriel Boric Font, concluiu Visita de Estado ao Brasil, a convite do Presidente Luiz Inácio Lula da Silva. A visita iniciou-se em 22 abril, Dia da Amizade Brasil-Chile, quando os Presidentes celebraram os 189 anos do estabelecimento de r"
"Declaração da Presidência da Reunião de Ministros das Relações Exteriores dos Países Membros do BRICS","https://www.gov.br/mre/pt-br/canais_atendimento/imprensa/notas-a-imprensa/declaracao-da-presidencia-da-reuniao-de-ministros-das-relacoes-exteriores-relacoes-internacionais-dos-paises-membros-do-brics","29/04/2025","1","Soberania digital do Estado, garantias democráticas, direitos fundamentais, multilateralismo, multissetorialismo","A nota enfatiza soberania digital, direitos fundamentais, multilateralismo e abordagem multissetorial na governança da internet, alinhando-se à definição de Soberania Digital (Nota 1).","1. Os Ministros das Relações Exteriores do BRICS reuniram-se em 28 e 29 de abril de 2025, na cidade do Rio de Janeiro. Eles trocaram opiniões sobre as principais tendências e questões globais e regionais. Reafirmaram seu compromisso de fortalecer a estrutura da Parceria Estratégica do BRICS so | 3. Os Ministros reiteraram seu firme compromisso com o multilateralismo e com o direito internacional, incluindo os Propósitos e Princípios consagrados na Carta das Nações Unidas, em sua totalidade e interconexão, como seu alicerce indispensável, bem como o papel central da ONU em um sistema i | 4. Recordando que 2025 marca o octogésimo aniversário do fim da Segunda Guerra Mundial, conflito que trouxe profundo sofrimento à humanidade, particularmente na Europa, África, Ásia, Pacífico e outras partes do mundo, os Ministros manifestaram seu pleno apoio à Resolução 79/272 da Assemblei"
"Declaração Conjunta por ocasião da visita de Estado do Presidente Luiz Inácio Lula da Silva a Pequim – 12 e 13 de maio de 2025","https://www.gov.br/mre/pt-br/canais_atendimento/imprensa/notas-a-imprensa/declaracao-conjunta-por-ocasiao-da-visita-de-estado-do-presidente-luiz-inacio-lula-da-silva-a-pequim-12-e-13-de-maio-de-2025","13/05/2025","1","Soberania digital do Estado, garantias democráticas, direitos fundamentais, multilateralismo, multissetorialismo","A nota enfatiza soberania digital, direitos fundamentais, multilateralismo e abordagem multissetorial na governança da internet, alinhando-se à definição de Soberania Digital (Nota 1).","Declaração Conjunta entre a República Federativa do Brasil e a República Popular da China sobre o Fortalecimento da Comunidade de Futuro Compartilhado Brasil-China por um Mundo mais Justo e um Planeta mais Sustentável e a Defesa Conjunta do Multilateralismo | A convite do Presidente da República Popular da China, Xi Jinping, o Presidente da República Federativa do Brasil, Luiz Inácio Lula da Silva, participou da IV Reunião Ministerial do Fórum CELAC-China na China e realizou uma visita de Estado à China, entre os dias 10 e 14 de maio de 2025. | 2. As partes concordaram em fortalecer a Comunidade de Futuro Compartilhado Brasil-China por um Mundo mais Justo e um Planeta mais Sustentável. Destacaram os avanços concretos alcançados desde a visita de Estado do Presidente Xi Jinping ao Brasil, em novembro de 2024, com avanços positivos e res"
"Participação do Ministro Mauro Vieira em reuniões ministeriais da OCDE e da OMC em Paris","https://www.gov.br/mre/pt-br/canais_atendimento/imprensa/notas-a-imprensa/participacao-do-ministro-mauro-vieira-em-reunioes-ministeriais-da-ocde-e-da-omc-em-paris","02/06/2025","3","Equilíbrio entre soberania/direitos e desenvolvimento/inovação (não puramente mercantil)","A nota apresenta equilíbrio entre cooperação em infraestrutura/tecnologia digital e preocupações com soberania, direitos ou regulação, configurando Modelo Misto (Nota 3).","O Ministro Mauro Vieira participará, nos dias 3 e 4 de junho, em Paris, da Reunião do Conselho Ministerial da Organização para a Cooperação e Desenvolvimento Econômico (OCDE) e de reunião em nível ministerial (miniministerial) da Organização Mundial do Comércio (OMC). | Na ministerial da OCDE, o Ministro Mauro Vieira estará presente na cerimônia de abertura e em sessões de trabalho sobre temas como sistema de comércio internacional e economia digital. O Brasil, embora não seja membro da OCDE, participa formalmente de 35 comitês ou instâncias da organização | A miniministerial da OMC, por sua vez, será ocasião para debater o sistema multilateral de comércio baseado em regras e reafirmar a importância atribuída pelo Brasil à plena restauração do sistema de solução de controvérsias e à promoção de um comércio agrícola internacional mais jus"
"Comunicado Conjunto da Cúpula Brasil–Caribe","https://www.gov.br/mre/pt-br/canais_atendimento/imprensa/notas-a-imprensa/comunicado-conjunto-da-cupula-brasil2013caribe","13/06/2025","1","Soberania digital do Estado, garantias democráticas, direitos fundamentais, multilateralismo, multissetorialismo","A nota enfatiza soberania digital, direitos fundamentais, multilateralismo e abordagem multissetorial na governança da internet, alinhando-se à definição de Soberania Digital (Nota 1).","1. Nós, os líderes do Brasil e países do Caribe, reunimo-nos em Brasília, em 13 de junho de 2025, para tratar de temas de interesse comum e fortalecer os canais de diálogo e de cooperação mutuamente benéfica. A participação expressiva de Chefes de Estado e de Governo, altas autoridades e d | 3. Nesse sentido, reafirmamos nosso compromisso com o fortalecimento da Comunidade de Estados Latino-Americanos e Caribenhos (CELAC) como principal mecanismo de consulta política que reúne todos os países da região. Estamos determinados a avançar no processo de integração regional, promovendo"
"Declaração dos Líderes do BRICS sobre Governança Global da Inteligência Artificial","https://www.gov.br/mre/pt-br/canais_atendimento/imprensa/notas-a-imprensa/declaracao-dos-lideres-do-brics-sobre-governanca-global-da-inteligencia-artificial","06/07/2025","1","Soberania digital do Estado, garantias democráticas, direitos fundamentais, multilateralismo, multissetorialismo","A nota enfatiza soberania digital, direitos fundamentais, multilateralismo e abordagem multissetorial na governança da internet, alinhando-se à definição de Soberania Digital (Nota 1).","A Inteligência Artificial (IA) representa uma oportunidade única para impulsionar o desenvolvimento em direção a um futuro mais equitativo, promovendo a inovação, aumentando a produtividade, avançando práticas sustentáveis e melhorando a vida das pessoas em todo o planeta de maneira concret | Para atingir esse objetivo, a governança global da IA deve mitigar riscos potenciais e atender às necessidades de todos os países, especialmente os do Sul Global. Ela deve operar conforme estruturas regulatórias nacionais e a Carta das Nações Unidas, respeitar a soberania, bem como ser represe"
"Declaração de Líderes do BRICS — Rio de Janeiro, 06 de julho de 2025","https://www.gov.br/mre/pt-br/canais_atendimento/imprensa/notas-a-imprensa/declaracao-de-lideres-do-brics-2014-rio-de-janeiro-06-de-julho-de-2025","06/07/2025","1","Soberania digital do Estado, garantias democráticas, direitos fundamentais, multilateralismo, multissetorialismo","A nota enfatiza soberania digital, direitos fundamentais, multilateralismo e abordagem multissetorial na governança da internet, alinhando-se à definição de Soberania Digital (Nota 1).","."
"Parceria do BRICS para a Eliminação de Doenças Socialmente Determinadas","https://www.gov.br/mre/pt-br/canais_atendimento/imprensa/notas-a-imprensa/parceria-do-brics-para-a-eliminacao-de-doencas-socialmente-determinadas","07/07/2025","3","Equilíbrio entre soberania/direitos e desenvolvimento/inovação (não puramente mercantil)","A nota apresenta equilíbrio entre cooperação em infraestrutura/tecnologia digital e preocupações com soberania, direitos ou regulação, configurando Modelo Misto (Nota 3).","2. Reconhecendo que colocar os determinantes sociais da saúde no centro de uma agenda para a eliminação das DSDs é uma abordagem oportuna, necessária e politicamente poderosa, especialmente quando liderada pelos países do BRICS, que representam uma parcela significativa da população global e | 3. Reconhecendo que as DSDs afetam desproporcionalmente populações em situação vulnerável e estão intrinsecamente relacionadas à pobreza, desigualdade e exclusão social, exigindo respostas abrangentes e multissetoriais que ultrapassam medidas estritamente relacionadas à saúde, tais como va"
"Declaração conjunta por ocasião da visita de Estado do Primeiro-Ministro da Índia ao Brasil","https://www.gov.br/mre/pt-br/canais_atendimento/imprensa/notas-a-imprensa/declaracao-conjunta-por-ocasiao-da-visita-de-estado-do-primeiro-ministro-da-india-ao-brasil","08/07/2025","1","Soberania digital do Estado, garantias democráticas, direitos fundamentais, multilateralismo, multissetorialismo","A nota enfatiza soberania digital, direitos fundamentais, multilateralismo e abordagem multissetorial na governança da internet, alinhando-se à definição de Soberania Digital (Nota 1).","."
"Comunicado Conjunto entre a República Federativa do Brasil e a República da Indonésia  sobre o Fortalecimento da Parceria Estratégica Brasil–Indonésia","https://www.gov.br/mre/pt-br/canais_atendimento/imprensa/notas-a-imprensa/comunicado-conjunto-entre-a-republica-federativa-do-brasil-e-a-republica-da-indonesia-sobre-o-fortalecimento-da-parceria-estrategica-brasil2013indonesia","09/07/2025","1","Soberania digital do Estado, garantias democráticas, direitos fundamentais, multilateralismo, multissetorialismo","A nota enfatiza soberania digital, direitos fundamentais, multilateralismo e abordagem multissetorial na governança da internet, alinhando-se à definição de Soberania Digital (Nota 1).","1. A convite de Sua Excelência o Senhor Luiz Inácio Lula da Silva, Presidente da República Federativa do Brasil, Sua Excelência o Senhor Prabowo Subianto, Presidente da República da Indonésia, realizou Visita de Estado ao Brasil em 9 de julho de 2025. A Visita de Estado comprova a amizade dura"
"Participação do Presidente Luiz Inácio Lula da Silva na Reunião de Alto Nível sobre Democracia, em Santiago","https://www.gov.br/mre/pt-br/canais_atendimento/imprensa/notas-a-imprensa/participacao-do-presidente-luiz-inacio-lula-da-silva-na-reuniao-de-alto-nivel-sobre-democracia-em-santiago","19/07/2025","1","Soberania digital do Estado, garantias democráticas, direitos fundamentais, multilateralismo, multissetorialismo","A nota enfatiza soberania digital, direitos fundamentais, multilateralismo e abordagem multissetorial na governança da internet, alinhando-se à definição de Soberania Digital (Nota 1).","O Presidente Luiz Inácio Lula da Silva participará, em 21 de julho de 2025, em Santiago, de reunião de alto nível sobre defesa da democracia, organizada pelo Presidente da República do Chile, Gabriel Boric. Estão igualmente confirmadas as presenças dos líderes de Colômbia, Espanha e Uruguai | O evento consistirá em reunião reservada entre os Presidentes, seguida de almoço e de encontro com representantes da sociedade civil, do meio acadêmico e de centros de reflexão (think tanks). As discussões estarão organizadas em torno de três eixos centrais: defesa da democracia e do multila"
"Reunião de Alto Nível ""Democracia Sempre"" - Declaração Conjunta - Santiago, 21 de julho de 2025","https://www.gov.br/mre/pt-br/canais_atendimento/imprensa/notas-a-imprensa/reuniao-de-alto-nivel-democracia-sempre-declaracao-conjunta-santiago-21-07-2025","21/07/2025","1","Soberania digital do Estado, garantias democráticas, direitos fundamentais, multilateralismo, multissetorialismo","A nota enfatiza soberania digital, direitos fundamentais, multilateralismo e abordagem multissetorial na governança da internet, alinhando-se à definição de Soberania Digital (Nota 1).","Tras la Reunión de Alto Nivel “Democracia Siempre”, realizada en Santiago de Chile el 21 de julio de 2025, los Jefes de Estado y de Gobierno aquí reunidos reafirmamos nuestro compromiso con la defensa de la democracia, el multilateralismo y el trabajo conjunto para abordar las causas profundas y e | Somos plenamente conscientes de que el mundo atraviesa un período de profunda incertidumbre, en el que los valores democráticos son desafiados de forma permanente. Frente a ello, creemos que es un imperativo ético y político impulsar una estrategia común para enfrentar fenómenos globales como  | ● Promover un multilateralismo renovado, más eficaz, incluyente y participativo, respetuoso de los principios del Derecho Internacional y de la incorporación efectiva de la ciudadanía en la toma de decisiones."
"Declaração Conjunta dos Presidentes da República Federativa do Brasil e da República do Equador","https://www.gov.br/mre/pt-br/canais_atendimento/imprensa/notas-a-imprensa/declaracao-conjunta-dos-presidentes-da-republica-federativa-do-brasil-e-da-republica-do-equador","20/08/2025","1","Soberania digital do Estado, garantias democráticas, direitos fundamentais, multilateralismo, multissetorialismo","A nota enfatiza soberania digital, direitos fundamentais, multilateralismo e abordagem multissetorial na governança da internet, alinhando-se à definição de Soberania Digital (Nota 1).","."
"Declaração de Bogotá — V Reunião de Presidentes dos Estados Partes do Tratado de Cooperação Amazônica","https://www.gov.br/mre/pt-br/canais_atendimento/imprensa/notas-a-imprensa/declaracao-de-bogota","23/08/2025","1","Soberania digital do Estado, garantias democráticas, direitos fundamentais, multilateralismo, multissetorialismo","A nota trata de soberania digital, direitos e governança multilateral sem ênfase em inovação mercantil, enquadrando-se em Soberania Digital (Nota 1).","Reafirmando os princípios consagrados no TCA, assim como os compromissos assumidos em reuniões presidenciais e ministeriais anteriores, em particular os contidos na Declaração de Belém, adotada na IV Reunião de Presidentes dos Estados Partes do TCA, e na Declaração de Brasília, adotada dura"
"Eleição do novo diretor-geral da UNESCO, Khaled El-Enany","https://www.gov.br/mre/pt-br/canais_atendimento/imprensa/notas-a-imprensa/eleicao-do-novo-diretor-geral-da-unesco-khaled-el-enany","06/10/2025","1","Soberania digital do Estado, garantias democráticas, direitos fundamentais, multilateralismo, multissetorialismo","A nota enfatiza soberania digital, direitos fundamentais, multilateralismo e abordagem multissetorial na governança da internet, alinhando-se à definição de Soberania Digital (Nota 1).","O governo brasileiro congratula-se com os demais estados membros da Organização das Nações Unidas para a Educação, a Ciência e a Cultura (UNESCO) pela eleição do dr. Khaled El-Enany, do Egito, ao cargo de diretor-geral daquela Organização. A eleição, ocorrida hoje durante a 222a sessão"
"Seleção de projeto brasileiro ao Prêmio UNESCO para o Uso de Tecnologias da Informação e da Comunicação na Educação","https://www.gov.br/mre/pt-br/canais_atendimento/imprensa/notas-a-imprensa/selecao-de-projeto-brasileiro-ao-premio-unesco-para-o-uso-de-tecnologias-da-informacao-e-da-comunicacao-na-educacao","09/10/2025","4","Foco principal na inovação e abertura de mercado, com alguma regulação estatal","A nota foca em inovação, abertura de mercado digital, investimentos e infraestrutura tecnológica com regulação estatal secundária, enquadrando-se em Predominantemente Liberal (Nota 4).","O governo brasileiro recebeu, com satisfação, a seleção do projeto “Piauí Inteligência Artificial” para a edição de 2025 do Prêmio UNESCO-Rei Hamad Bin Isa Al-Khalifa para o Uso de Tecnologias da Informação e da Comunicação na Educação. | O projeto foi um dos quatro laureados do Prêmio, ao qual concorreram 86 iniciativas internacionais, propostas por mais de 50 estados membros e organizações não-governamentais. O júri internacional avaliador destacou o projeto “Piauí Inteligência Artificial” como modelo abrangente e inclusivo, | A seleção do projeto brasileiro, baseado na análise crítica sobre a aplicação da IA e no apoio à equidade e à inclusão, reflete a importância atribuída pelo Brasil às tecnologias digitais como aliadas do desenvolvimento social e educacional."
"Seleção de brasileiro ao Prêmio da UNESCO para Pesquisa Científica sobre Ética na Inteligência Artificial","https://www.gov.br/mre/pt-br/canais_atendimento/imprensa/notas-a-imprensa/selecao-de-brasileiro-ao-premio-da-unesco-para-pesquisa-cientifica-sobre-etica-na-inteligencia-artificial","06/11/2025","4","Foco principal na inovação e abertura de mercado, com alguma regulação estatal","A nota foca em inovação, abertura de mercado digital, investimentos e infraestrutura tecnológica com regulação estatal secundária, enquadrando-se em Predominantemente Liberal (Nota 4).","O governo brasileiro recebeu, com grande satisfação, o anúncio da seleção do professor Virgílio Almeida para a edição inaugural do Prêmio UNESCO-Uzbequistão para Pesquisa Científica sobre Ética na Inteligência Artificial. Criada em 2024, a premiação é oferecida pela UNESCO, em parcer | Professor e pesquisador da Universidade Federal de Minas Gerais (UFMG), Virgílio Almeida defende a adoção de abordagens éticas para a tecnologia digital, enfatizando que ela deve servir ao bem público. Seu trabalho está voltado a avaliar os impactos da inteligência artificial sobre o comporta | A premiação do professor Virgílio Almeida reflete o compromisso do governo brasileiro com a governança inclusiva e com o uso ético e responsável da inteligência artificial e de tecnologias digitais na atualidade, com o objetivo de torná-las ferramentas essenciais para o desenvolvimento socio"
"XIII Diálogo de Alto Nível sobre Direitos Humanos entre o Brasil e a União Europeia - Declaração Conjunta","https://www.gov.br/mre/pt-br/canais_atendimento/imprensa/notas-a-imprensa/xiii-dialogo-de-alto-nivel-sobre-direitos-humanos-entre-o-brasil-e-a-ue-declaracao-conjunta","07/11/2025","2","Foco principal na soberania e direitos, com alguma abertura para inovação","A nota foca em soberania e direitos (privacidade, proteção de dados) com abertura para cooperação em inovação e tecnologia digital, correspondendo a Predominantemente Soberanista (Nota 2).","O XIII Diálogo de Alto Nível sobre Direitos Humanos entre a União Europeia e o Brasil ocorreu em 7 de novembro de 2025, em Bruxelas. O Diálogo foi presidido, pelo lado da UE, pela Representante Especial da UE para os Direitos Humanos, Kajsa Ollongren, e pelo lado brasileiro, pelo Secretário de  | O Diálogo proporcionou uma nova oportunidade para uma discussão abrangente e proveitosa sobre questões bilaterais e multilaterais relacionadas com o respeito e a promoção dos direitos humanos, que são valores centrais da Parceria Estratégica UE-Brasil. | Ambas as partes abordaram temas de interesse comum, incluindo a proteção de defensores e defensoras dos direitos humanos, igualdade de gênero e direitos das mulheres, pessoas LGBTQIA+, povos indígenas, migrantes e refugiados, combate ao racismo e ao discurso de ódio, liberdade de expressão e p"
"Marco da Parceria Estratégica entre o Japão e o MERCOSUL","https://www.gov.br/mre/pt-br/canais_atendimento/imprensa/notas-a-imprensa/marco-da-parceria-estrategica-entre-o-japao-e-o-mercosul","20/12/2025","4","Foco principal na inovação e abertura de mercado, com alguma regulação estatal","A nota foca em inovação, abertura de mercado digital, investimentos e infraestrutura tecnológica com regulação estatal secundária, enquadrando-se em Predominantemente Liberal (Nota 4).","A primeira rodada de consultas no âmbito da Parceria Estratégica deve ocorrer no início de 2026, sob a presidência pro tempore do Paraguai, com vistas a estreitar os laços comerciais e de investimento entre o MERCOSUL e o Japão."
