data,titulo,classificacao,justificativa,link
24/10/2024,Governador do RJ diz que traficantes atiraram contra pessoas nas ruas,NÃO,Não foram encontrados indicadores de instabilidade política,https://agenciabrasil.ebc.com.br/geral/noticia/2024-10/governo-do-rio-diz-que-bandidos-atiraram-contra-pessoas-nas-ruas
24/10/2024,STF autoriza funcionamento de lixões até fim do prazo de licenciamento,NÃO,Não foram encontrados indicadores de instabilidade política,https://agenciabrasil.ebc.com.br/justica/noticia/2024-10/stf-autoriza-funcionamento-de-lixoes-ate-fim-do-prazo-de-licenciamento
24/10/2024,Governo autoriza contratação de moradias em oito estados,NÃO,Não foram encontrados indicadores de instabilidade política,https://agenciabrasil.ebc.com.br/geral/noticia/2024-10/governo-autoriza-contratacao-de-moradias-em-oito-estados
24/10/2024,"Ao lado de Campos Neto, Haddad defende fortalecimento de marco fiscal",NÃO,Não foram encontrados indicadores de instabilidade política,https://agenciabrasil.ebc.com.br/economia/noticia/2024-10/ao-lado-de-campos-neto-haddad-defende-fortalecimento-de-marco-fiscal
24/10/2024,Polícia paulista aponta envolvimento de 4 pessoas em ataque a prefeito,NÃO,Não foram encontrados indicadores de instabilidade política,https://agenciabrasil.ebc.com.br/politica/noticia/2024-10/policia-paulista-aponta-envolvimento-de-4-pessoas-em-ataque-a-prefeito
24/10/2024,"Haddad: inflação deve ficar dentro da meta, mesmo com repique",NÃO,Não foram encontrados indicadores de instabilidade política,https://agenciabrasil.ebc.com.br/economia/noticia/2024-10/haddad-inflacao-deve-ficar-dentro-da-meta-mesmo-com-repique
24/10/2024,EBC: edital para produção audiovisual prevê regionalização e inclusão,NÃO,Não foram encontrados indicadores de instabilidade política,https://agenciabrasil.ebc.com.br/geral/noticia/2024-10/ebc-edital-para-producao-audiovisual-preve-regionalizacao-e-inclusao
24/10/2024,Cármen Lúcia convida eleitores a votarem no segundo turno,NÃO,Não foram encontrados indicadores de instabilidade política,https://agenciabrasil.ebc.com.br/justica/noticia/2024-10/carmen-lucia-convida-eleitores-votarem-no-segundo-turno
24/10/2024,Ex-pugilista Maguila morre aos 66 anos de idade,NÃO,Não foram encontrados indicadores de instabilidade política,https://agenciabrasil.ebc.com.br/esportes/noticia/2024-10/ex-pugilista-maguila-morre-aos-66-anos-de-idade
24/10/2024,"Sem margem equatorial, Brasil pode ter que importar petróleo em 2034",NÃO,Não foram encontrados indicadores de instabilidade política,https://agenciabrasil.ebc.com.br/economia/noticia/2024-10/sem-margem-equatorial-brasil-pode-ter-que-importar-petroleo-em-2034
24/10/2024,Inscrições no Enem para pessoas privadas de liberdade terminam amanhã,NÃO,Não foram encontrados indicadores de instabilidade política,https://agenciabrasil.ebc.com.br/educacao/noticia/2024-10/inscricoes-no-enem-para-pessoas-privadas-de-liberdade-terminam-amanha
24/10/2024,Azeite de oliva: 29 marcas já tiveram a venda proibida neste ano,NÃO,Notícia não é sobre política brasileira,https://agenciabrasil.ebc.com.br/geral/noticia/2024-10/azeite-de-oliva-29-marcasministerio-tiveram-a-venda-proibida-neste-ano
24/10/2024,Enem 2024: 60% das inscrições são de mulheres,NÃO,Não foram encontrados indicadores de instabilidade política,https://agenciabrasil.ebc.com.br/educacao/noticia/2024-10/mulheres-sao-60-dos-inscritos-no-enem-2024
24/10/2024,Copa do Brasil: Atlético-MG decidirá título em casa contra o Flamengo,NÃO,Notícia não é sobre política brasileira,https://agenciabrasil.ebc.com.br/esportes/noticia/2024-10/copa-do-brasil-atletico-mg-decidira-titulo-em-casa-contra-o-flamengo
24/10/2024,Petrobras utiliza nova rota ferroviária para abastecer o Centro-Oeste,NÃO,Notícia não é sobre política brasileira,https://agenciabrasil.ebc.com.br/geral/noticia/2024-10/petrobras-utiliza-nova-rota-ferroviaria-para-abastecer-o-centro-oeste
24/10/2024,PF prende em Niterói dois homens em ação contra crimes eleitorais,NÃO,Não foram encontrados indicadores de instabilidade política,https://agenciabrasil.ebc.com.br/politica/noticia/2024-10/pf-prende-em-niteroi-dois-homens-em-acao-contra-crimes-eleitorais
24/10/2024,Planetário de Brasília tem exposição sobre nanossatélite feito na UnB,NÃO,Notícia não é sobre política brasileira,https://agenciabrasil.ebc.com.br/geral/noticia/2024-10/planetario-de-brasilia-tem-exposicao-sobre-nanossatelite-feito-na-unb
24/10/2024,Tribunal do Rio fará audiência de custódia de 20 torcedores do Penãrol,NÃO,Não foram encontrados indicadores de instabilidade política,https://agenciabrasil.ebc.com.br/geral/noticia/2024-10/tribunal-do-rio-fara-audiencia-de-custodia-de-20-torcedores-do-penarol
24/10/2024,Lewandowski assina portarias de demarcação de territórios Guarani,NÃO,Não foram encontrados indicadores de instabilidade política,https://agenciabrasil.ebc.com.br/justica/noticia/2024-10/lewandowski-assina-portarias-de-demarcacao-de-territorios-guarani
24/10/2024,Sobe para três número de mortos após ação policial no Rio,NÃO,Não foram encontrados indicadores de instabilidade política,https://agenciabrasil.ebc.com.br/geral/noticia/2024-10/sobe-para-tres-numero-de-mortos-apos-acao-policial-no-rio
24/10/2024,"Brics vai convidar Cuba, Bolívia, Turquia, Nigéria e mais nove países",NÃO,Não foram encontrados indicadores de instabilidade política,https://agenciabrasil.ebc.com.br/internacional/noticia/2024-10/brics-vai-convidar-cuba-bolivia-turquia-nigeria-e-mais-nove-paises
24/10/2024,Veículos da EBC terão cobertura especial das eleições neste domingo,NÃO,Não foram encontrados indicadores de instabilidade política,https://agenciabrasil.ebc.com.br/justica/noticia/2024-10/veiculos-da-ebc-terao-cobertura-especial-das-eleicoes-neste-domingo
24/10/2024,Produção de petróleo da União ultrapassa 89 mil barris por dia,NÃO,Notícia não é sobre política brasileira,https://agenciabrasil.ebc.com.br/economia/noticia/2024-10/producao-de-petroleo-da-uniao-ultrapassa-89-mil-barris-por-dia
24/10/2024,Putin oferece ao Brasil novo mandato no banco dos Brics com Dilma,NÃO,Não foram encontrados indicadores de instabilidade política,https://agenciabrasil.ebc.com.br/internacional/noticia/2024-10/putin-oferece-ao-brasil-novo-mandato-no-banco-dos-brics-com-dilma
24/10/2024,Polícia espanhola detém 4 pessoas por campanha de ódio contra Vini Jr,NÃO,Não foram encontrados indicadores de instabilidade política,https://agenciabrasil.ebc.com.br/esportes/noticia/2024-10/policia-espanola-detem-4-pessoas-por-campanha-de-odio-contra-vini-jr
24/10/2024,"""Não mato nem uma formiga"", diz Rivaldo Barbosa ao STF",NÃO,Não foram encontrados indicadores de instabilidade política,https://agenciabrasil.ebc.com.br/justica/noticia/2024-10/nao-mato-nem-uma-formiga-diz-rivaldo-barbosa-ao-stf
24/10/2024,Regiões Norte e Nordeste lideram consumo de macarrão no país,NÃO,Não foram encontrados indicadores de instabilidade política,https://agenciabrasil.ebc.com.br/geral/noticia/2024-10/regioes-norte-e-nordeste-lideram-consumo-de-macarrao-no-pais
24/10/2024,Evento em São Paulo faz intercâmbio comercial entre Brasil e África,NÃO,Não foram encontrados indicadores de instabilidade política,https://agenciabrasil.ebc.com.br/geral/noticia/2024-10/evento-em-sao-paulo-faz-intercambio-comercial-entre-brasil-e-africa
24/10/2024,Cúpula ampliada do Brics pede maior protagonismo do Sul Global,NÃO,Não foram encontrados indicadores de instabilidade política,https://agenciabrasil.ebc.com.br/economia/noticia/2024-10/cupula-ampliada-do-brics-pede-maior-protagonismo-do-sul-global
24/10/2024,Ação policial no Rio termina com pelo menos dois mortos,NÃO,Não foram encontrados indicadores de instabilidade política,https://agenciabrasil.ebc.com.br/geral/noticia/2024-10/acao-policial-no-rio-termina-com-pelo-menos-dois-mortos
24/10/2024,Intenção de Consumo das Famílias tem quarta queda consecutiva,NÃO,Não foram encontrados indicadores de instabilidade política,https://agenciabrasil.ebc.com.br/economia/noticia/2024-10/intencao-de-consumo-das-familias-tem-quarta-queda-consecutiva
24/10/2024,Real Madrid e Barcelona preparados para Superclássico no sábado,NÃO,Notícia não é sobre política brasileira,https://agenciabrasil.ebc.com.br/esportes/noticia/2024-10/real-madrid-e-barcelona-preparados-para-superclassico-no-sabado
24/10/2024,Reino Unido proibirá vapes descartáveis a partir de junho,NÃO,Não foram encontrados indicadores de instabilidade política,https://agenciabrasil.ebc.com.br/internacional/noticia/2024-10/reino-unido-proibira-vapes-descartaveis-partir-de-junho
24/10/2024,Morre em Brasília cineasta Vladimir Carvalho,NÃO,Não foram encontrados indicadores de instabilidade política,https://agenciabrasil.ebc.com.br/cultura/noticia/2024-10/morre-em-brasilia-cineasta-e-professor-vladimir-carvalho
24/10/2024,Ministro quer parte da taxação de grandes fortunas para a defesa civil,NÃO,Não foram encontrados indicadores de instabilidade política,https://agenciabrasil.ebc.com.br/geral/noticia/2024-10/ministro-quer-parte-da-taxacao-de-grandes-fortunas-para-defesa-civil
24/10/2024,População pode opinar sobre plano de adaptação às mudanças climáticas,NÃO,Não foram encontrados indicadores de instabilidade política,https://agenciabrasil.ebc.com.br/meio-ambiente/noticia/2024-10/populacao-pode-opinar-sobre-plano-de-adaptacao-as-mudancas-climaticas
24/10/2024,"Brasil critica omissão de países com ""atrocidade"" em Gaza",NÃO,Não foram encontrados indicadores de instabilidade política,https://agenciabrasil.ebc.com.br/internacional/noticia/2024-10/brasil-critica-omissao-de-paises-com-o-que-ocorre-na-faixa-de-gaza
24/10/2024,Confrontos armados na zona norte do Rio deixam morto e cinco feridos,NÃO,Não foram encontrados indicadores de instabilidade política,https://agenciabrasil.ebc.com.br/geral/noticia/2024-10/confrontos-armados-na-zona-norte-do-rio-deixam-morto-e-cinco-feridos
24/10/2024,Prevenção de dengue deve ir além de mensagens sobre hábitos e cuidados,NÃO,Não foram encontrados indicadores de instabilidade política,https://agenciabrasil.ebc.com.br/saude/noticia/2024-10/prevencao-de-dengue-deve-ir-alem-de-mensagens-sobre-habitos-e-cuidados
24/10/2024,PF investiga desembargadores por suspeita de venda de decisões em MS,NÃO,Não foram encontrados indicadores de instabilidade política,https://agenciabrasil.ebc.com.br/justica/noticia/2024-10/pf-investiga-desembargadores-por-suspeita-de-venda-de-decis%C3%B5es-em-MSdos
24/10/2024,Cinco pessoas morreram na queda de aeronave no interior de SP,NÃO,Notícia não é sobre política brasileira,https://agenciabrasil.ebc.com.br/geral/noticia/2024-10/cinco-pessoas-morreram-na-queda-de-aeronave-no-interior-de-sp
24/10/2024,Cinzas de queimadas e lama do RS formam mural em São Paulo,NÃO,Não foram encontrados indicadores de instabilidade política,https://agenciabrasil.ebc.com.br/meio-ambiente/noticia/2024-10/cinzas-de-queimadas-e-lama-do-rs-formam-mural-em-sao-paulo
24/10/2024,Mangue conservado transforma pescadores em guias de turismo,NÃO,Não foram encontrados indicadores de instabilidade política,https://agenciabrasil.ebc.com.br/meio-ambiente/noticia/2024-10/mangue-conservado-transforma-pescadores-em-guias-de-turismo
24/10/2024,Manguezais têm potencial de gerar R$ 49 bilhões em crédito de carbono,NÃO,Não foram encontrados indicadores de instabilidade política,https://agenciabrasil.ebc.com.br/meio-ambiente/noticia/2024-10/manguezais-tem-potencial-de-gerar-r-49-bilhoes-em-credito-de-carbono
24/10/2024,Ataque de Israel mata soldados libaneses; França quer apoio ao Líbano,NÃO,"Notícia sobre outro país, não instabilidade política brasileira",https://agenciabrasil.ebc.com.br/internacional/noticia/2024-10/ataque-de-israel-mata-soldados-libaneses-franca-quer-apoio-ao-libano
24/10/2024,"Prévia da inflação oficial fica em 0,54% em outubro",NÃO,Notícia não é sobre política brasileira,https://agenciabrasil.ebc.com.br/economia/noticia/2024-10/previa-da-inflacao-oficial-fica-em-054-em-outubro
24/10/2024,Aeronave cai no interior de SP; não há confirmação de vítimas,NÃO,Notícia não é sobre política brasileira,https://agenciabrasil.ebc.com.br/geral/noticia/2024-10/aeronave-cai-no-interior-de-sp-nao-ha-confirmacao-de-vitimas
24/10/2024,Enem 2024: número de inscritos supera em 10% total de 2023,NÃO,Notícia não é sobre política brasileira,https://agenciabrasil.ebc.com.br/educacao/noticia/2024-10/enem-2024-numero-de-inscritos-supera-em-10-total-de-2023
24/10/2024,G20 aprova plano de reforma de bancos de desenvolvimento,NÃO,Não foram encontrados indicadores de instabilidade política,https://agenciabrasil.ebc.com.br/economia/noticia/2024-10/g20-aprova-plano-de-reforma-de-bancos-de-desenvolvimento
24/10/2024,"Com fundo da Ancine, EBC lança edital para produção de conteúdo",NÃO,Não foram encontrados indicadores de instabilidade política,https://agenciabrasil.ebc.com.br/cultura/noticia/2024-10/com-fundo-da-ancine-ebc-lanca-edital-para-produ%C3%A7%C3%A3o-de-conteudo
24/10/2024,Receita abre consulta a lote da malha fina do Imposto de Renda,NÃO,Notícia não é sobre política brasileira,https://agenciabrasil.ebc.com.br/economia/noticia/2024-10/receita-abre-consulta-lote-da-malha-fina-do-imposto-de-renda
24/10/2024,Mega-Sena sorteia nesta quinta-feira prêmio acumulado em R$ 55 milhões,NÃO,Notícia não é sobre política brasileira,https://agenciabrasil.ebc.com.br/geral/noticia/2024-10/mega-sena-sorteia-nesta-quinta-feira-premio-acumulado-em-r-55-milhoes
24/10/2024,"Buscando a liderança, Sport recebe lanterna Guarani na Ilha do Retiro",NÃO,Notícia não é sobre política brasileira,https://agenciabrasil.ebc.com.br/esportes/noticia/2024-10/buscando-lideranca-sport-recebe-lanterna-guarani-na-ilha-do-retiro
24/10/2024,Caixa paga Bolsa Família a beneficiários com NIS de final 5,NÃO,Notícia não é sobre política brasileira,https://agenciabrasil.ebc.com.br/economia/noticia/2024-10/caixa-paga-bolsa-familia-beneficiarios-com-nis-de-final-5
24/10/2024,Capitais do agronegócio no Centro-Oeste acumulam problemas sociais,NÃO,Não foram encontrados indicadores de instabilidade política,https://agenciabrasil.ebc.com.br/politica/noticia/2024-10/capitais-do-agronegocio-no-centro-oeste-acumulam-problemas-sociais
24/10/2024,Quase 200 crianças e adolescentes são agredidos por dia no Brasil,NÃO,Não foram encontrados indicadores de instabilidade política,https://agenciabrasil.ebc.com.br/direitos-humanos/noticia/2024-10/quase-200-criancas-e-adolescentes-sao-agredidos-por-dia-no-brasil
24/10/2024,Botafogo goleia Peñarol por 5 a 0 e coloca pé na final da Libertadores,NÃO,Notícia não é sobre política brasileira,https://agenciabrasil.ebc.com.br/esportes/noticia/2024-10/botafogo-goleia-penarol-por-5-0-e-coloca-pe-na-final-da-libertadores
24/10/2024,Operário-PR complica América-MG e ainda sonha com acesso na Série B,NÃO,Notícia não é sobre política brasileira,https://agenciabrasil.ebc.com.br/esportes/noticia/2024-10/operario-pr-complica-america-mg-e-ainda-sonha-com-acesso-na-serie-b
24/10/2024,"“Rei”, “futebol” e “craque”, as palavras que resumem o legado de Pelé",NÃO,Notícia não é sobre política brasileira,https://agenciabrasil.ebc.com.br/esportes/noticia/2024-10/rei-futebol-e-craque-palavras-que-resumem-o-legado-de-pele
24/10/2024,"Brasil deve ter imposto para produtos nocivos à saúde, defende Bird",NÃO,Não foram encontrados indicadores de instabilidade política,https://agenciabrasil.ebc.com.br/saude/noticia/2024-10/brasil-deve-ter-imposto-para-produtos-nocivos-saude-defende-bird
24/10/2024,Fux suspende restrições para exploração de loterias por estados,NÃO,Não foram encontrados indicadores de instabilidade política,https://agenciabrasil.ebc.com.br/justica/noticia/2024-10/fux-suspende-restricoes-para-exploracao-de-loterias-por-estados
25/10/2024,G20: governo e empresários se alinham sobre reforma da OMC,NÃO,Não foram encontrados indicadores de instabilidade política,https://agenciabrasil.ebc.com.br/economia/noticia/2024-10/g20-governo-e-empresarios-se-alinham-sobre-na-reforma-da-omc
25/10/2024,Medida Provisória mantém isenção a medicamentos importados,NÃO,Não foram encontrados indicadores de instabilidade política,https://agenciabrasil.ebc.com.br/economia/noticia/2024-10/medida-provisoria-mantem-isencao-medicamentos-importados
25/10/2024,Amistoso Brasil x Colômbia neste sábado abre preparação para Copa 2027,NÃO,Notícia não é sobre política brasileira,https://agenciabrasil.ebc.com.br/esportes/noticia/2024-10/amistoso-brasil-x-colombia-neste-sabado-abre-preparacao-para-copa-2027
25/10/2024,Ex-assessor de Brazão nega ter dado arma para assassinato de Marielle,NÃO,Não foram encontrados indicadores de instabilidade política,https://agenciabrasil.ebc.com.br/justica/noticia/2024-10/ex-assessor-de-brazao-nega-ter-dado-arma-para-assassinato-de-marielle
25/10/2024,Estudo aponta falhas em tratamento tradicional contra drogas,NÃO,Não foram encontrados indicadores de instabilidade política,https://agenciabrasil.ebc.com.br/saude/noticia/2024-10/estudo-aponta-falhas-em-tratamento-tradicional-contra-drogas
25/10/2024,Polícia prende no Rio armazenador de pornografia infantil,NÃO,Não foram encontrados indicadores de instabilidade política,https://agenciabrasil.ebc.com.br/geral/noticia/2024-10/policia-prende-no-rio-armazenador-de-pornografia-infantil
25/10/2024,"Dólar ultrapassa R$ 5,70 e fecha no maior valor em quase três meses",NÃO,Notícia não é sobre política brasileira,https://agenciabrasil.ebc.com.br/economia/noticia/2024-10/dolar-ultrapassa-r-570-e-fecha-no-maior-valor-em-quase-3-meses
25/10/2024,Mendonça decide que Deolane não é obrigada a depor na CPI das Apostas,NÃO,Não foram encontrados indicadores de instabilidade política,https://agenciabrasil.ebc.com.br/justica/noticia/2024-10/mendonca-decide-que-deolane-nao-e-obrigada-depor-na-cpi-das-apostas
25/10/2024,Enem 2024: Ubes pede passe-livre a estudantes nos dois dias de provas,NÃO,Não foram encontrados indicadores de instabilidade política,https://agenciabrasil.ebc.com.br/educacao/noticia/2024-10/enem-2024-ubes-pede-passe-livre-estudantes-nos-dois-dias-de-provas
25/10/2024,Aneel reduz para amarela bandeira tarifária de energia em novembro,NÃO,Notícia não é sobre política brasileira,https://agenciabrasil.ebc.com.br/economia/noticia/2024-10/aneel-reduz-para-amarela-bandeira-tarifaria-de-energia-em-novembro
25/10/2024,Família de Maguila doa cérebro de ex-pugilista para estudo,NÃO,Não foram encontrados indicadores de instabilidade política,https://agenciabrasil.ebc.com.br/esportes/noticia/2024-10/familia-de-maguila-doa-cerebro-de-ex-pugilista-para-estudo
25/10/2024,Rivaldo Barbosa diz que se sente humilhado por usar algemas nos pés,NÃO,Não foram encontrados indicadores de instabilidade política,https://agenciabrasil.ebc.com.br/justica/noticia/2024-10/rivaldo-barbosa-diz-que-se-sente-humilhado-por-usar-algemas-nos-pes
25/10/2024,"Fãs, familiares e amigos se despedem de Maguila em velório na Alesp",NÃO,Não foram encontrados indicadores de instabilidade política,https://agenciabrasil.ebc.com.br/geral/noticia/2024-10/fas-familiares-e-amigos-se-despedem-de-maguila-em-velorio-na-alesp
25/10/2024,"Com ampliação, Brics ganha peso na política global e une diferentes",NÃO,Não foram encontrados indicadores de instabilidade política,https://agenciabrasil.ebc.com.br/internacional/noticia/2024-10/com-ampliacao-brics-ganha-peso-na-politica-global-e-une-diferentes
25/10/2024,"Santos Dumont vai operar sem restrições durante o G20, diz FAB",NÃO,Não foram encontrados indicadores de instabilidade política,https://agenciabrasil.ebc.com.br/geral/noticia/2024-10/santos-dumont-vai-operar-sem-restricoes-durante-o-g20-diz-fab
25/10/2024,Eleitores de SP terão transporte metropolitano gratuito no 2º turno,NÃO,Não foram encontrados indicadores de instabilidade política,https://agenciabrasil.ebc.com.br/politica/noticia/2024-10/eleitores-de-sp-terao-transporte-metropolitano-gratuito-no-2o-turno
25/10/2024,Seleção vai se preparar em Belém para próximos jogos das Eliminatórias,NÃO,Notícia não é sobre política brasileira,https://agenciabrasil.ebc.com.br/esportes/noticia/2024-10/selecao-vai-se-preparar-em-belem-para-proximos-jogos-das-eliminatorias
25/10/2024,Povo Pataxó denuncia violência e cerco a terras na Bahia,NÃO,Não foram encontrados indicadores de instabilidade política,https://agenciabrasil.ebc.com.br/geral/noticia/2024-10/povo-pataxo-denuncia-violencia-e-cerco-a-terras-na-bahia
25/10/2024,Estado de São Paulo terá segundo turno em 18 cidades,NÃO,Não foram encontrados indicadores de instabilidade política,https://agenciabrasil.ebc.com.br/geral/noticia/2024-10/estado-de-sao-paulo-tera-segundo-turno-em-18-cidades
25/10/2024,Chuva causou três mortes em SP; bombeiros procuram dois desaparecidos,NÃO,Notícia não é sobre política brasileira,https://agenciabrasil.ebc.com.br/geral/noticia/2024-10/chuva-causou-tres-mortes-em-sp-bombeiros-procuram-dois-desaparecidos
25/10/2024,Israel propõe nova trégua que prevê cessar-fogo permanente em Gaza,NÃO,Notícia não é sobre política brasileira,https://agenciabrasil.ebc.com.br/geral/noticia/2024-10/israel-propoe-nova-tregua-que-preve-cessar-fogo-permanente-em-gaza
25/10/2024,Lula faz exames em Brasília e apresenta quadro estável,NÃO,Não foram encontrados indicadores de instabilidade política,https://agenciabrasil.ebc.com.br/politica/noticia/2024-10/lula-faz-exames-em-brasilia-e-apresenta-quadro-estavel
25/10/2024,Tragédia de Mariana: governo e mineradoras assinam acordo de R$ 132 bi,NÃO,Não foram encontrados indicadores de instabilidade política,https://agenciabrasil.ebc.com.br/politica/noticia/2024-10/tragedia-de-mariana-governo-e-mineradoras-assinam-acordo-de-r-132-bi
25/10/2024,Segurança pública é desafio comum às capitais do Nordeste com 2° turno,NÃO,Não foram encontrados indicadores de instabilidade política,https://agenciabrasil.ebc.com.br/geral/noticia/2024-10/segundo-turno-nordeste
25/10/2024,"Venezuela acusa Brasil de barrar sua entrada no Brics: ""agressão""",NÃO,Não foram encontrados indicadores de instabilidade política,https://agenciabrasil.ebc.com.br/internacional/noticia/2024-10/venezuela-diz-que-foi-agressao-Brasil-barrar-sua-entrada-no-brics
25/10/2024,Fiocruz aponta sinais de queda em alta recente da covid-19 no país,NÃO,Notícia não é sobre política brasileira,https://agenciabrasil.ebc.com.br/saude/noticia/2024-10/fiocruz-aponta-sinais-de-queda-em-alta-recente-da-covid-19-no-pais
25/10/2024,"Morre Zé Carlos, ex-lateral do São Paulo e da Seleção Brasileira",NÃO,Não foram encontrados indicadores de instabilidade política,https://agenciabrasil.ebc.com.br/geral/noticia/2024-10/morre-ze-carlos-ex-lateral-do-sao-paulo-e-da-selecao-brasileira
25/10/2024,Credencial de estacionamento para idoso e PCD ganha versão digital,NÃO,Notícia não é sobre política brasileira,https://agenciabrasil.ebc.com.br/geral/noticia/2024-10/credencial-de-estacionamento-para-idoso-e-pcd-ganha-versao-digital
25/10/2024,"Eficiência de operações policiais no Rio é de apenas 1,4%, diz estudo",NÃO,Notícia não é sobre política brasileira,https://agenciabrasil.ebc.com.br/geral/noticia/2024-10/eficiencia-de-operacoes-policiais-no-rio-e-de-apenas-14-diz-estudo
25/10/2024,Temporais causam estragos no Sul do país e deixam milhares sem energia,NÃO,Notícia não é sobre política brasileira,https://agenciabrasil.ebc.com.br/geral/noticia/2024-10/temporais-causam-estragos-no-sul-do-pais-e-deixam-milhares-sem-energia
25/10/2024,Tribunal Superior Eleitoral fará mais um teste na urna eletrônica,NÃO,Não foram encontrados indicadores de instabilidade política,https://agenciabrasil.ebc.com.br/justica/noticia/2024-10/tribunal-superior-eleitoral-fara-mais-um-teste-na-urna-eletronica
25/10/2024,"Acnur denuncia ataques na fronteira Líbano-Síria, rota de refugiados",NÃO,Não foram encontrados indicadores de instabilidade política,https://agenciabrasil.ebc.com.br/internacional/noticia/2024-10/acnur-denuncia-ataques-na-fronteira-libano-siria-rota-de-refugiados
25/10/2024,Eleitor surdo ou com deficiência auditiva terá Central de Libras em SP,NÃO,Não foram encontrados indicadores de instabilidade política,https://agenciabrasil.ebc.com.br/geral/noticia/2024-10/eleitor-surdo-ou-com-deficiencia-auditiva-tera-central-de-libras-em-sp
25/10/2024,Provas de Proficiência em Língua Portuguesa terminam hoje,NÃO,Não foram encontrados indicadores de instabilidade política,https://agenciabrasil.ebc.com.br/educacao/noticia/2024-10/provas-para-se-obter-certificado-de-proficiencia-terminam-hoje
25/10/2024,Ataques israelenses matam 163 socorristas no Líbano em um ano,NÃO,"Notícia sobre outro país, não instabilidade política brasileira",https://agenciabrasil.ebc.com.br/internacional/noticia/2024-10/ataques-israelenses-matam-163-socorristas-no-libano-em-um-ano
25/10/2024,"Planeta pode aquecer 3,1ºC a 3,6ºC com emissões de gases",NÃO,Não foram encontrados indicadores de instabilidade política,https://agenciabrasil.ebc.com.br/meio-ambiente/noticia/2024-10/planeta-pode-aquecer-31oc-36oc-com-emissoes-de-gases
25/10/2024,Morte do jornalista Vladimir Herzog completa hoje 49 anos,NÃO,"Notícia sobre evento histórico/comemorativo, não instabilidade atual",https://agenciabrasil.ebc.com.br/geral/noticia/2024-10/morte-do-jornalista-vladimir-herzog-completa-hoje-49-anos
25/10/2024,Tempestade tropical Trami mata 46 nas Filipinas,NÃO,Não foram encontrados indicadores de instabilidade política,https://agenciabrasil.ebc.com.br/internacional/noticia/2024-10/tempestade-tropical-trami-mata-46-nas-filipinas
25/10/2024,Horário eleitoral gratuito termina nesta sexta-feira,NÃO,Não foram encontrados indicadores de instabilidade política,https://agenciabrasil.ebc.com.br/justica/noticia/2024-10/horario-eleitoral-gratuito-termina-nesta-sexta-feira
25/10/2024,"Total de mulheres responsáveis por domicílios cresce, revela Censo",NÃO,Notícia não é sobre política brasileira,https://agenciabrasil.ebc.com.br/economia/noticia/2024-10/total-de-mulheres-responsaveis-por-domicilios-cresce-revela-censo
25/10/2024,"Brasil teve 1,3 milhão de óbitos de agosto de 2021 a julho de 2022",NÃO,Não foram encontrados indicadores de instabilidade política,https://agenciabrasil.ebc.com.br/geral/noticia/2024-10/brasil-teve-13-milhao-de-obitos-de-agosto-de-2021-julho-de-2022
25/10/2024,Voo da Operação Raízes do Cedro aterrissou hoje com 239 pessoas em SP,NÃO,Não foram encontrados indicadores de instabilidade política,https://agenciabrasil.ebc.com.br/internacional/noticia/2024-10/voo-da-operacao-raizes-do-cedro-aterrizou-hoje-com-239-pessoas-em-sp
25/10/2024,Ataque israelense mata três jornalistas no sul do Líbano,NÃO,"Notícia sobre outro país, não instabilidade política brasileira",https://agenciabrasil.ebc.com.br/internacional/noticia/2024-10/ataque-israelense-mata-tres-jornalistas-no-sul-do-libano
25/10/2024,"Três pessoas morrem por queda de muro, após fortes ventos no rio",NÃO,Notícia não é sobre política brasileira,https://agenciabrasil.ebc.com.br/geral/noticia/2024-10/tres-pessoas-morrem-por-queda-de-muro-apos-fortes-ventos-no-rio
25/10/2024,"Cineastas, ex-alunos e amigos celebram legado de Vladimir Carvalho",NÃO,Notícia não é sobre política brasileira,https://agenciabrasil.ebc.com.br/geral/noticia/2024-10/cineastas-ex-alunos-e-amigos-celebram-legado-de-vladimir-carvalho
25/10/2024,Goiás e Amazonas jogam pela Série B com transmissão da TV Brasil,NÃO,Notícia não é sobre política brasileira,https://agenciabrasil.ebc.com.br/esportes/noticia/2024-10/goias-e-amazonas-jogam-pela-serie-b-com-transmissao-da-tv-brasil
25/10/2024,Caixa paga Bolsa Família a beneficiários com NIS de final 6,NÃO,Notícia não é sobre política brasileira,https://agenciabrasil.ebc.com.br/geral/noticia/2024-10/caixa-paga-bolsa-familia-beneficiarios-com-nis-de-final-6
25/10/2024,Sport goleia Guarani e continua vivo na luta pelo título da Série B,NÃO,Notícia não é sobre política brasileira,https://agenciabrasil.ebc.com.br/esportes/noticia/2024-10/sport-goleia-guarani-e-continua-vivo-na-luta-pelo-titulo-da-serie-b
25/10/2024,B20 discute regulação da IA e empresas de tecnologia pedem diálogo,NÃO,Não foram encontrados indicadores de instabilidade política,https://agenciabrasil.ebc.com.br/economia/noticia/2024-10/b20-discute-regulacao-da-ia-e-empresas-de-tecnologia-pedem-dialogo
25/10/2024,Temporal em SP derruba árvores e deixa moradores sem luz,NÃO,Notícia não é sobre política brasileira,https://agenciabrasil.ebc.com.br/geral/noticia/2024-10/temporal-em-sp-derruba-arvores-e-deixa-moradores-sem-luz
25/10/2024,Supremo assume conciliação de acordo sobre desastre em Mariana,NÃO,Não foram encontrados indicadores de instabilidade política,https://agenciabrasil.ebc.com.br/justica/noticia/2024-10/supremo-assume-conciliacao-de-acordo-sobre-desastre-em-mariana
25/10/2024,Aneel e concessionárias de energia de SP adotam ações para 2º turno,NÃO,Notícia não é sobre política brasileira,https://agenciabrasil.ebc.com.br/geral/noticia/2024-10/aneel-e-concessionarias-de-energia-de-sp-adotam-acoes-para-2o-turno
25/10/2024,"STF marca para 9 de dezembro audiência pública sobre ""uberização""",NÃO,Não foram encontrados indicadores de instabilidade política,https://agenciabrasil.ebc.com.br/justica/noticia/2024-10/stf-marca-para-9-de-dezembro-audiencia-publica-sobre-uberizacao
25/10/2024,Mega-Sena acumula e prêmio está estimado em R$ 85 milhões,NÃO,Notícia não é sobre política brasileira,https://agenciabrasil.ebc.com.br/geral/noticia/2024-10/premio-da-mega-sena-acumula-e-esta-estimado-em-r-85-milhoes
25/10/2024,Mario Moreira é reeleito e ficará na presidência da Fiocruz até 2028,NÃO,Não foram encontrados indicadores de instabilidade política,https://agenciabrasil.ebc.com.br/saude/noticia/2024-10/mario-moreira-e-reeleito-e-ficara-na-presidencia-da-fiocruz-ate-2028
26/10/2024,"Voto é poderoso instrumento de transformação social, diz Cármen Lúcia",NÃO,Não foram encontrados indicadores de instabilidade política,https://agenciabrasil.ebc.com.br/justica/noticia/2024-10/voto-e-poderoso-instrumento-de-transformacao-social-diz-carmen-lucia
26/10/2024,Netanyahu: Israel escolheu alvos no Irã com base no interesse nacional,NÃO,"Notícia sobre outro país, não instabilidade política brasileira",https://agenciabrasil.ebc.com.br/internacional/noticia/2024-10/netanyahu-israel-escolheu-alvos-no-ira-com-base-no-interesse-nacional
26/10/2024,Acidente com ônibus mata 19 pessoas no México,NÃO,Não foram encontrados indicadores de instabilidade política,https://agenciabrasil.ebc.com.br/internacional/noticia/2024-10/acidente-com-onibus-mata-19-pessoas-no-mexico
26/10/2024,Segundo turno tem reforço de segurança no estado do Rio,NÃO,Não foram encontrados indicadores de instabilidade política,https://agenciabrasil.ebc.com.br/justica/noticia/2024-10/segundo-turno-tem-reforco-de-seguranca-no-estado-do-rio
26/10/2024,Companhias aéreas cancelam voos após ataques contra o Irã,NÃO,Notícia não é sobre política brasileira,https://agenciabrasil.ebc.com.br/internacional/noticia/2024-10/companhias-aereas-cancelam-voos-apos-ataques-contra-o-ira
26/10/2024,Mulheres ocupam 28% dos cargos de secretariado no país,POSSIVEL,Indicador único: violência política,https://agenciabrasil.ebc.com.br/geral/noticia/2024-10/mulheres-ocupam-28-dos-cargos-de-secretariado-em-governos-estaduais
26/10/2024,Governo brasileiro diz ver com preocupação ataque de Israel ao Irã,NÃO,"Notícia sobre outro país, não instabilidade política brasileira",https://agenciabrasil.ebc.com.br/internacional/noticia/2024-10/governo-brasileiro-diz-ver-com-preocupacao-ataque-de-israel-ao-ira
26/10/2024,UFRJ terá Centro Brasil-Brics de Inovação para Neoindustrialização,NÃO,Não foram encontrados indicadores de instabilidade política,https://agenciabrasil.ebc.com.br/economia/noticia/2024-10/ufrj-tera-centro-brasil-brics-de-inovacao-para-neoindustrializacao
26/10/2024,Caso Marielle: julgamento de Lessa e Élcio será na próxima quarta,NÃO,Não foram encontrados indicadores de instabilidade política,https://agenciabrasil.ebc.com.br/justica/noticia/2024-10/caso-marielle-julgamento-de-lessa-e-elcio-sera-na-proxima-quarta
26/10/2024,Técnicos medalhistas em Paris têm premiação divulgada pelo CPB,NÃO,Não foram encontrados indicadores de instabilidade política,https://agenciabrasil.ebc.com.br/esportes/noticia/2024-10/tecnicos-medalhistas-em-paris-tem-premiacao-divulgada-pelo-cpb
26/10/2024,Eleições 2024: TSE verifica sistemas para segundo turno,NÃO,Não foram encontrados indicadores de instabilidade política,https://agenciabrasil.ebc.com.br/justica/noticia/2024-10/eleicoes-2024-tse-verifica-sistemas-para-segundo-turno
26/10/2024,Qualificar ensino fundamental é desafio para o próximo prefeito de BH,NÃO,Não foram encontrados indicadores de instabilidade política,https://agenciabrasil.ebc.com.br/politica/noticia/2024-10/qualificar-ensino-fundamental-e-desafio-para-o-proximo-prefeito-de-bh
26/10/2024,EBC chega aos 17 anos com missão de fortalecer a democracia,NÃO,Não foram encontrados indicadores de instabilidade política,https://agenciabrasil.ebc.com.br/geral/noticia/2024-10/ebc-chega-aos-17-anos-com-missao-de-fortalecer-democracia
26/10/2024,Osasco e Fluminense vencem segunda na Superliga Feminina de Vôlei,NÃO,Não foram encontrados indicadores de instabilidade política,https://agenciabrasil.ebc.com.br/esportes/noticia/2024-10/osasco-e-fluminense-vencem-segunda-na-superliga-feminina-de-volei
26/10/2024,Autoridades palestinas denunciam detenção de médicos em hospital,NÃO,"Notícia sobre outro país, não instabilidade política brasileira",https://agenciabrasil.ebc.com.br/internacional/noticia/2024-10/autoridades-palestinas-denunciam-detencao-de-medicos-em-hospital
26/10/2024,Caso Samarco: acordo extingue Fundação Renova e fixa nova governança,NÃO,Não foram encontrados indicadores de instabilidade política,https://agenciabrasil.ebc.com.br/meio-ambiente/noticia/2024-10/caso-samarco-acordo-extingue-fundacao-renova-e-fixa-nova-governanca
26/10/2024,Grande São Paulo tem mais de 24 mil imóveis sem energia elétrica,NÃO,Não foram encontrados indicadores de instabilidade política,https://agenciabrasil.ebc.com.br/geral/noticia/2024-10/grande-sao-paulo-tem-mais-de-24-mil-imoveis-sem-energia-eletrica
26/10/2024,Justiça do Rio converte em preventiva prisão de torcedores uruguaios,NÃO,Não foram encontrados indicadores de instabilidade política,https://agenciabrasil.ebc.com.br/justica/noticia/2024-10/justica-do-rio-converte-em-preventiva-prisao-de-torcedores-uruguaios
26/10/2024,Entenda o cálculo das notas do Enem 2024,NÃO,Não foram encontrados indicadores de instabilidade política,https://agenciabrasil.ebc.com.br/educacao/noticia/2024-10/entenda-o-calculo-das-notas-do-enem-2024
26/10/2024,Seis estados não oferecem voto a presos provisórios,NÃO,Não foram encontrados indicadores de instabilidade política,https://agenciabrasil.ebc.com.br/politica/noticia/2024-10/seis-estados-nao-oferecem-voto-presos-provisorios-0
26/10/2024,Israel ataca alvos militares no Irã,NÃO,Notícia não é sobre política brasileira,https://agenciabrasil.ebc.com.br/internacional/noticia/2024-10/israel-ataca-alvos-militares-no-ira
26/10/2024,Eleições 2024: relembre as regras para o segundo turno da votação,NÃO,Não foram encontrados indicadores de instabilidade política,https://agenciabrasil.ebc.com.br/justica/noticia/2024-10/eleicoes-2024-relembre-regras-para-o-segundo-turno-da-votacao
26/10/2024,População LGBTQIA+ denuncia mais casos de violência no país,NÃO,Não foram encontrados indicadores de instabilidade política,https://agenciabrasil.ebc.com.br/direitos-humanos/noticia/2024-10/populacao-lgbtqia-denuncia-mais-casos-de-violencia-no-pais
26/10/2024,Eleições: gestão integrada é desafio para a prefeitura de São Paulo,NÃO,Não foram encontrados indicadores de instabilidade política,https://agenciabrasil.ebc.com.br/politica/noticia/2024-10/eleicoes-gestao-integrada-e-desafio-para-prefeitura-de-sao-paulo
26/10/2024,Brasil enfrenta Colômbia no início da preparação para Copa de 2027,NÃO,Notícia não é sobre política brasileira,https://agenciabrasil.ebc.com.br/esportes/noticia/2024-10/brasil-enfrenta-colombia-no-inicio-da-preparacao-para-copa-de-2027
26/10/2024,Mega-Sena sorteia neste sábado prêmio acumulado em R$ 85 milhões,NÃO,Notícia não é sobre política brasileira,https://agenciabrasil.ebc.com.br/geral/noticia/2024-10/mega-sena-sorteia-neste-sabado-premio-acumulado-em-r-85-milhoes
26/10/2024,Goiás derrota Amazonas e continua vivo na luta pelo acesso,NÃO,Notícia não é sobre política brasileira,https://agenciabrasil.ebc.com.br/esportes/noticia/2024-10/goias-derrota-amazonas-e-continua-vivo-na-luta-pelo-acesso
26/10/2024,Defesa Civil de São Paulo confirma quarta morte após temporal,NÃO,Notícia não é sobre política brasileira,https://agenciabrasil.ebc.com.br/geral/noticia/2024-10/defesa-civil-de-sao-paulo-confirma-quarta-morte-apos-temporal
26/10/2024,Lula assina MP que prevê apoio financeiro a produtores rurais gaúchos,NÃO,Não foram encontrados indicadores de instabilidade política,https://agenciabrasil.ebc.com.br/economia/noticia/2024-10/lula-assina-mp-que-preve-apoio-financeiro-produtores-rurais-gauchos
27/10/2024,Boulos diz que resultado das urnas é sinal de recuperação da esquerda,NÃO,Não foram encontrados indicadores de instabilidade política,https://agenciabrasil.ebc.com.br/politica/noticia/2024-10/boulos-diz-que-resultado-das-urnas-e-sinal-de-recuperacao-da-esquerda
27/10/2024,Ricardo Nunes agradece vitória após campanha polarizada,NÃO,Não foram encontrados indicadores de instabilidade política,https://agenciabrasil.ebc.com.br/politica/noticia/2024-10/ricardo-nunes-agradece-vitoria-apos-campanha-polarizada
27/10/2024,Apenas duas mulheres foram eleitas para prefeituras de capitais,NÃO,Não foram encontrados indicadores de instabilidade política,https://agenciabrasil.ebc.com.br/politica/noticia/2024-10/apenas-2-mulheres-foram-eleitas-para-prefeituras-de-capitais
27/10/2024,Paulistas reelegem cinco prefeitos no 2º turno das eleições municipais,NÃO,Não foram encontrados indicadores de instabilidade política,https://agenciabrasil.ebc.com.br/politica/noticia/2024-10/paulistas-reelegem-cinco-prefeitos-no-2o-turno-das-eleicoes-municipais
27/10/2024,Fuad Nomam é eleito prefeito de Belo Horizonte,NÃO,Não foram encontrados indicadores de instabilidade política,https://agenciabrasil.ebc.com.br/politica/noticia/2024-10/fuad-nomam-psd-e-eleito-prefeito-de-belo-horizonte
27/10/2024,Eleição em Petrópolis confirma Hingo Hammes como próximo prefeito,NÃO,Não foram encontrados indicadores de instabilidade política,https://agenciabrasil.ebc.com.br/politica/noticia/2024-10/eleicao-em-petropolis-confirma-hingo-hammes-como-proximo-prefeito
27/10/2024,"Em Niterói, Rodrigo Neves voltará à prefeitura para 3º mandato",NÃO,Não foram encontrados indicadores de instabilidade política,https://agenciabrasil.ebc.com.br/politica/noticia/2024-10/em-niteroi-rodrigo-neves-voltara-prefeitura-para-3o-mandato
27/10/2024,Ricardo Nunes é eleito prefeito de São Paulo,NÃO,Não foram encontrados indicadores de instabilidade política,https://agenciabrasil.ebc.com.br/politica/noticia/2024-10/ricardo-nunes-e-eleito-prefeito-de-sao-paulo
27/10/2024,Evandro Leitão é eleito no segundo turno para prefeitura de Fortaleza,NÃO,Não foram encontrados indicadores de instabilidade política,https://agenciabrasil.ebc.com.br/politica/noticia/2024-10/evandro-leitao-e-eleito-no-segundo-turno-para-prefeitura-de-fortaleza
27/10/2024,Sandro Mabel é eleito para prefeitura de Goiânia,NÃO,Não foram encontrados indicadores de instabilidade política,https://agenciabrasil.ebc.com.br/politica/noticia/2024-10/sandro-mabel-e-eleito-para-prefeitura-de-goiania
27/10/2024,Eduardo Pimentel será o novo prefeito de Curitiba,NÃO,Não foram encontrados indicadores de instabilidade política,https://agenciabrasil.ebc.com.br/politica/noticia/2024-10/eduardo-pimentel-sera-o-novo-prefeito-de-curitiba
27/10/2024,Natal elege Paulinho Freire no segundo turno,NÃO,Não foram encontrados indicadores de instabilidade política,https://agenciabrasil.ebc.com.br/politica/noticia/2024-10/natal-elege-paulinho-freire-no-segundo-turno
27/10/2024,Centro Integrado divulga registros de ocorrências nas eleições,NÃO,Não foram encontrados indicadores de instabilidade política,https://agenciabrasil.ebc.com.br/politica/noticia/2024-10/centro-integrado-divulga-registros-de-ocorrencias-nas-eleicoes
27/10/2024,Emília Corrêa é eleita prefeita de Aracaju,NÃO,Não foram encontrados indicadores de instabilidade política,https://agenciabrasil.ebc.com.br/politica/noticia/2024-10/emilia-correa-pl-e-eleita-prefeita-de-aracaju-se
27/10/2024,Adriane Lopes é reeleita prefeita de Campo Grande,NÃO,Não foram encontrados indicadores de instabilidade política,https://agenciabrasil.ebc.com.br/politica/noticia/2024-10/adriane-lopes-e-reeleita-prefeita-de-campo-grande
27/10/2024,"Eleições em São Paulo foram tranquilas, diz presidente do TRE",NÃO,Não foram encontrados indicadores de instabilidade política,https://agenciabrasil.ebc.com.br/politica/noticia/2024-10/eleicoes-em-sao-paulo-foram-tranquilas
27/10/2024,Cicero Lucena vence segundo turno das eleições em João Pessoa,NÃO,Não foram encontrados indicadores de instabilidade política,https://agenciabrasil.ebc.com.br/politica/noticia/2024-10/cicero-lucena-vence-segundo-turno-das-eleicoes-em-joao-pessoa
27/10/2024,Palmas elege Eduardo Siqueira Campos no segundo turno,NÃO,Não foram encontrados indicadores de instabilidade política,https://agenciabrasil.ebc.com.br/politica/noticia/2024-10/palmas-elege-eduardo-siqueira-campos-no-segundo-turno
27/10/2024,Léo Moraes vence de virada segundo turno das eleições em Porto Velho,NÃO,Não foram encontrados indicadores de instabilidade política,https://agenciabrasil.ebc.com.br/politica/noticia/2024-10/leo-moraes-vence-de-virada-segundo-turno-das-eleicoes-em-porto-velho
27/10/2024,Abilio Brunini é eleito prefeito de Cuiabá,NÃO,Não foram encontrados indicadores de instabilidade política,https://agenciabrasil.ebc.com.br/politica/noticia/2024-10/abilio-brunini-e-eleito-prefeito-de-cuiaba
27/10/2024,David Almeida é reeleito em Manaus,NÃO,Não foram encontrados indicadores de instabilidade política,https://agenciabrasil.ebc.com.br/politica/noticia/2024-10/david-almeida-e-reeleito-em-manaus
27/10/2024,Igor Normando é eleito prefeito de Belém,NÃO,Não foram encontrados indicadores de instabilidade política,https://agenciabrasil.ebc.com.br/politica/noticia/2024-10/igor-normando-e-eleito-prefeito-de-belem
27/10/2024,Justiça Eleitoral desconhece orientação de voto do PCC em São Paulo,NÃO,Não foram encontrados indicadores de instabilidade política,https://agenciabrasil.ebc.com.br/politica/noticia/2024-10/justica-eleitoral-desconhece-orientacao-de-voto-do-pcc-em-sao-paulo
27/10/2024,Domingo de eleições: três candidatos são conduzidos a delegacias,NÃO,Não foram encontrados indicadores de instabilidade política,https://agenciabrasil.ebc.com.br/geral/noticia/2024-10/domingo-de-eleicoes-tres-candidatos-sao-conduzidos-delegacias
27/10/2024,TRE troca 58 urnas no estado de São Paulo,NÃO,Não foram encontrados indicadores de instabilidade política,https://agenciabrasil.ebc.com.br/politica/noticia/2024-10/tre-troca-58-urnas-no-estado-de-sao-paulo
27/10/2024,Nova ferramenta promete ajudar empresárias a ampliar negócios,NÃO,Não foram encontrados indicadores de instabilidade política,https://agenciabrasil.ebc.com.br/geral/noticia/2024-10/nova-ferramenta-promete-ajudar-empresarias-ampliar-negocios
27/10/2024,Ministério Público vai investigar torcidas que agem como facções,NÃO,Notícia não é sobre política brasileira,https://agenciabrasil.ebc.com.br/geral/noticia/2024-10/ministerio-publico-vai-investigar-torcidas-que-agem-como-faccoes
27/10/2024,Ataques israelenses matam pelo menos 45 palestinos em Gaza,NÃO,"Notícia sobre outro país, não instabilidade política brasileira",https://agenciabrasil.ebc.com.br/internacional/noticia/2024-10/ataques-israelenses-matam-pelo-menos-45-palestinos-em-gaza
27/10/2024,Governo espanhol investigará insultos racistas no futebol,NÃO,Notícia não é sobre política brasileira,https://agenciabrasil.ebc.com.br/esportes/noticia/2024-10/governo-espanhol-investigara-insultos-racistas-no-futebol
27/10/2024,Cruzeiro lamenta morte de torcedor em emboscada,NÃO,Não foram encontrados indicadores de instabilidade política,https://agenciabrasil.ebc.com.br/geral/noticia/2024-10/cruzeiro-lamenta-morte-de-torcedor-em-emboscada
27/10/2024,Lucas Pinheiro termina em 4º lugar na Copa do Mundo de esqui alpino,NÃO,Notícia não é sobre política brasileira,https://agenciabrasil.ebc.com.br/esportes/noticia/2024-10/lucas-pinheiro-termina-em-4o-lugar-na-copa-do-mundo-de-esqui-alpino
27/10/2024,Presidente do TSE diz que eleição tem “clima de muita tranquilidade”,NÃO,Não foram encontrados indicadores de instabilidade política,https://agenciabrasil.ebc.com.br/justica/noticia/2024-10/presidente-do-tse-diz-que-eleicao-tem-clima-de-muita-tranquilidade
27/10/2024,Acompanhe a apuração das eleições pela Agência Brasil e veículos EBC,NÃO,Não foram encontrados indicadores de instabilidade política,https://agenciabrasil.ebc.com.br/geral/noticia/2024-10/agencia-brasil-divulga-apuracao-do-2o-turno-partir-das-17-horas
27/10/2024,"Brasil envia mais 16,8 toneladas de donativos ao Líbano",NÃO,Não foram encontrados indicadores de instabilidade política,https://agenciabrasil.ebc.com.br/geral/noticia/2024-10/brasil-envia-mais-168-toneladas-de-donativos-ao-libano
27/10/2024,"No primeiro jogo após prata olímpica, Brasil empata com a Colômbia",NÃO,Notícia não é sobre política brasileira,https://agenciabrasil.ebc.com.br/esportes/noticia/2024-10/no-primeiro-jogo-apos-prata-olimpica-brasil-empata-com-colombia
27/10/2024,Governo do Japão pode perder maioria parlamentar nas eleições,NÃO,"Notícia sobre outro país, não instabilidade política brasileira",https://agenciabrasil.ebc.com.br/internacional/noticia/2024-10/governo-do-japao-pode-perder-maioria-parlamentar-nas-eleicoes
27/10/2024,"Ex-presidente da Bolívia, Evo Morales afirma ter sofrido atentado",NÃO,Não foram encontrados indicadores de instabilidade política,https://agenciabrasil.ebc.com.br/internacional/noticia/2024-10/ex-presidente-da-bolivia-evo-morales-afirma-ter-sofrido-atentado
27/10/2024,SP: torcedor morto em briga de torcidas na Fernão Dias tinha 30 anos,NÃO,Notícia não é sobre política brasileira,https://agenciabrasil.ebc.com.br/geral/noticia/2024-10/sp-torcedor-morto-em-briga-de-torcidas-na-fernao-dias-tinha-30-anos
27/10/2024,"Em Niterói, 38 pessoas são conduzidas à delegacia por crime eleitoral",NÃO,Não foram encontrados indicadores de instabilidade política,https://agenciabrasil.ebc.com.br/politica/noticia/2024-10/em-niteroi-38-pessoas-sao-conduzidas-delegacia-por-crime-eleitoral
27/10/2024,Eleições 2024: mais de 23 mil militares atuam na segurança,NÃO,Não foram encontrados indicadores de instabilidade política,https://agenciabrasil.ebc.com.br/politica/noticia/2024-10/eleicoes-2024-mais-de-23-mil-militares-atuam-na-seguranca
27/10/2024,"Rio precisa reduzir letalidade policial em 66%, diz Fórum de Segurança",NÃO,Não foram encontrados indicadores de instabilidade política,https://agenciabrasil.ebc.com.br/direitos-humanos/noticia/2024-10/rio-precisa-reduzir-letalidade-policial-em-66-diz-forum-de-seguranca
27/10/2024,"Mais de 2,72 milhões de uruguaios escolhem novo presidente hoje",NÃO,Não foram encontrados indicadores de instabilidade política,https://agenciabrasil.ebc.com.br/internacional/noticia/2024-10/mais-de-272-milhoes-de-uruguaios-escolhem-novo-presidente-hoje
27/10/2024,Conselho da ONU deve se reunir para discutir ataque de Israel ao Irã,NÃO,"Notícia sobre outro país, não instabilidade política brasileira",https://agenciabrasil.ebc.com.br/internacional/noticia/2024-10/conselho-da-onu-deve-se-reunir-para-discutir-ataque-de-israel-ao-ira
27/10/2024,Eleições no estado de São Paulo ocorrem dentro da normalidade,NÃO,Não foram encontrados indicadores de instabilidade política,https://agenciabrasil.ebc.com.br/politica/noticia/2024-10/eleicoes-no-estado-de-sao-paulo-ocorrem-dentro-da-normalidade
27/10/2024,Azerbaijão: conheça o país que será centro das negociações climáticas,NÃO,Notícia não é sobre política brasileira,https://agenciabrasil.ebc.com.br/internacional/noticia/2024-10/azerbaijao-conheca-o-pais-que-sera-centro-das-negociacoes-climaticas
27/10/2024,Segundo turno das eleições tem chuva e dia nublado em parte do país,NÃO,Não foram encontrados indicadores de instabilidade política,https://agenciabrasil.ebc.com.br/geral/noticia/2024-10/segundo-turno-das-eleicoes-tem-chuva-e-dia-nublado-em-parte-do-pais
27/10/2024,Apenas duas cidades do estado do Rio têm 2° turno,NÃO,Não foram encontrados indicadores de instabilidade política,https://agenciabrasil.ebc.com.br/politica/noticia/2024-10/apenas-duas-cidades-do-estado-do-rio-tem-2deg-turno-hoje
27/10/2024,Prédio no Brás em São Paulo pega fogo e corre risco de desabar,NÃO,Notícia não é sobre política brasileira,https://agenciabrasil.ebc.com.br/geral/noticia/2024-10/predio-no-bras-em-sao-paulo-pega-fogo-e-corre-risco-de-desabar
27/10/2024,Morte de Antonio Cicero reacende debate sobre eutanásia,NÃO,Não foram encontrados indicadores de instabilidade política,https://agenciabrasil.ebc.com.br/geral/noticia/2024-10/morte-de-antonio-cicero-reacende-debate-sobre-eutanasia
27/10/2024,Homem morre após briga entre torcidas do Cruzeiro e do Palmeiras,NÃO,Notícia não é sobre política brasileira,https://agenciabrasil.ebc.com.br/geral/noticia/2024-10/homem-morre-apos-briga-entre-torcidas-do-cruzeiro-e-do-palmeiras
27/10/2024,TRE de São Paulo substitui 19 urnas eletrônicas com problemas,NÃO,Não foram encontrados indicadores de instabilidade política,https://agenciabrasil.ebc.com.br/politica/noticia/2024-10/tre-de-sao-paulo-substitui-19-urnas-eletronicas-com-problemas
27/10/2024,Embratur capacita Quilombo do Grotão para ser atração internacional,NÃO,Não foram encontrados indicadores de instabilidade política,https://agenciabrasil.ebc.com.br/geral/noticia/2024-10/embratur-capacita-quilombo-do-grotao-para-ser-atracao-internacional
27/10/2024,Enem 2024: falta uma semana para o primeiro dia de provas,NÃO,Não foram encontrados indicadores de instabilidade política,https://agenciabrasil.ebc.com.br/educacao/noticia/2024-10/enem-2024-falta-uma-semana-para-o-primeiro-dia-de-provas
27/10/2024,Degradação de florestas na Amazônia bate recorde mensal em setembro,NÃO,Notícia não é sobre política brasileira,https://agenciabrasil.ebc.com.br/meio-ambiente/noticia/2024-10/degradacao-de-florestas-na-amazonia-bate-recorde-mensal-em-setembro
27/10/2024,Mega-Sena acumula e pagará R$ 95 milhões dia 29,NÃO,Notícia não é sobre política brasileira,https://agenciabrasil.ebc.com.br/geral/noticia/2024-10/mega-sena-acumula-e-pagara-r-95-milhoes-dia-29
27/10/2024,"Hoje é Dia: semana tem feriado, Dia das Bruxas, do Saci e campanha",NÃO,"Notícia sobre evento histórico/comemorativo, não instabilidade atual",https://agenciabrasil.ebc.com.br/geral/noticia/2024-10/hoje-e-dia-semana-tem-feriado-dia-das-bruxas-do-saci-e-campanha
27/10/2024,Segundo turno das eleições acontece neste domingo,NÃO,Não foram encontrados indicadores de instabilidade política,https://agenciabrasil.ebc.com.br/politica/noticia/2024-10/eleitores-voltam-as-urnas-para-o-2o-turno-das-eleicoes-saiba-regras
27/10/2024,Sebastião Melo é reeleito prefeito de Porto Alegre,NÃO,Não foram encontrados indicadores de instabilidade política,https://agenciabrasil.ebc.com.br/politica/noticia/2024-10/sebastiao-melo-e-reeleito-prefeito-de-porto-alegre
28/10/2024,Lula vai a hospital e retira pontos de corte após queda,NÃO,Não foram encontrados indicadores de instabilidade política,https://agenciabrasil.ebc.com.br/politica/noticia/2024-10/lula-vai-hospital-e-retira-pontos-de-corte-apos-queda
28/10/2024,CPI recorre de decisão que barrou depoimento de Deolane,NÃO,Não foram encontrados indicadores de instabilidade política,https://agenciabrasil.ebc.com.br/justica/noticia/2024-10/cpi-recorre-de-decisao-que-barrou-depoimento-de-deolane
28/10/2024,Espanhol Rodri supera Vinicius Júnior e conquista Bola de Ouro,NÃO,Não foram encontrados indicadores de instabilidade política,https://agenciabrasil.ebc.com.br/esportes/noticia/2024-10/espanhol-rodri-supera-vinicius-junior-e-conquista-bola-de-ouro
28/10/2024,Parlamento israelense proíbe agência da ONU de operar no país,NÃO,"Notícia sobre outro país, não instabilidade política brasileira",https://agenciabrasil.ebc.com.br/internacional/noticia/2024-10/parlamento-israelense-proibe-agencia-da-onu-de-operar-no-pais
28/10/2024,TSE: abstenção fica perto do total de eleitores ausentes na pandemia,NÃO,Não foram encontrados indicadores de instabilidade política,https://agenciabrasil.ebc.com.br/justica/noticia/2024-10/tse-abstencao-fica-perto-do-total-de-eleitores-ausentes-na-pandemia
28/10/2024,Servidores públicos defendem melhores salários e condições de trabalho,NÃO,Não foram encontrados indicadores de instabilidade política,https://agenciabrasil.ebc.com.br/economia/noticia/2024-10/servidores-publicos-defendem-melhores-salarios-e-condicoes-de-trabalho
28/10/2024,Evento sobre audiovisual discute em São Paulo regulação do streaming,NÃO,Não foram encontrados indicadores de instabilidade política,https://agenciabrasil.ebc.com.br/economia/noticia/2024-10/seminario-sobre-audiovisual-discute-regulamentacao-do-streaming
28/10/2024,"Em tratamento contra o câncer, Eduardo Suplicy agradece apoio",NÃO,Não foram encontrados indicadores de instabilidade política,https://agenciabrasil.ebc.com.br/politica/noticia/2024-10/em-tratamento-contra-o-cancer-eduardo-suplicy-agradece-apoio
28/10/2024,Vôlei feminino: Mundial de Clubes começa em 17 de dezembro na China,NÃO,Notícia não é sobre política brasileira,https://agenciabrasil.ebc.com.br/esportes/noticia/2024-10/volei-feminino-mundial-de-clubes-comeca-em-17-de-dezembro-na-china
28/10/2024,Debate na COP16 chega a impasse sobre como financiar preservação,NÃO,Não foram encontrados indicadores de instabilidade política,https://agenciabrasil.ebc.com.br/internacional/noticia/2024-10/debate-na-cop16-chega-impasse-sobre-como-financiar-preservacao
28/10/2024,Concurso premiará produções audiovisuais sobre importância do esporte,NÃO,Notícia não é sobre política brasileira,https://agenciabrasil.ebc.com.br/esportes/noticia/2024-10/concurso-premiara-producoes-audiovisuais-sobre-importancia-do-esporte
28/10/2024,Pix Agendado Recorrente torna-se obrigatório a partir desta segunda,NÃO,Notícia não é sobre política brasileira,https://agenciabrasil.ebc.com.br/economia/noticia/2024-10/pix-agendado-recorrente-passa-ser-obrigatorio-partir-de-agora
28/10/2024,Governo da Bolívia nega ataque ao ex-presidente Evo Morales,NÃO,Não foram encontrados indicadores de instabilidade política,https://agenciabrasil.ebc.com.br/internacional/noticia/2024-10/governo-da-bolivia-nega-ataque-ao-ex-presidente-evo-morales
28/10/2024,"Centro-esquerda cresce no Uruguai, mas vitória no 2º turno é incerta",NÃO,Não foram encontrados indicadores de instabilidade política,https://agenciabrasil.ebc.com.br/internacional/noticia/2024-10/centro-esquerda-cresce-no-uruguai-mas-vitoria-no-2o-turno-e-incerta
28/10/2024,Tebet: momento é de cortar gastos em políticas públicas ineficientes,NÃO,Não foram encontrados indicadores de instabilidade política,https://agenciabrasil.ebc.com.br/economia/noticia/2024-10/tebet-momento-e-de-cortar-gastos-em-politicas-publicas-ineficientes
28/10/2024,Servidor público tem escolaridade superior à do trabalhador privado,NÃO,Não foram encontrados indicadores de instabilidade política,https://agenciabrasil.ebc.com.br/economia/noticia/2024-10/escolaridade-entre-servidores-publicos-e-superior-aos-do-setor-privado
28/10/2024,Mercadante: eleições mostram satisfação do povo com emprego e renda,NÃO,Não foram encontrados indicadores de instabilidade política,https://agenciabrasil.ebc.com.br/economia/noticia/2024-10/mercadante-eleicoes-mostram-satisfacao-do-povo-com-emprego-e-renda
28/10/2024,Nova plataforma vai simplificar regulação de investimentos no Brasil,NÃO,Notícia não é sobre política brasileira,https://agenciabrasil.ebc.com.br/economia/noticia/2024-10/nova-plataforma-vai-simplificar-regulacao-de-investimentos-no-brasil
28/10/2024,BNDES e banco dos EUA assinam acordo para investimentos no Brasil,NÃO,Notícia não é sobre política brasileira,https://agenciabrasil.ebc.com.br/economia/noticia/2024-10/bndes-e-banco-dos-eua-assinam-acordo-para-investimentos-no-brasil
28/10/2024,Torcida organizada do Palmeiras nega envolvimento em emboscada,NÃO,Não foram encontrados indicadores de instabilidade política,https://agenciabrasil.ebc.com.br/esportes/noticia/2024-10/torcida-organizada-do-palmeiras-nega-envolvimento-em-emboscada
28/10/2024,Bola de Ouro: Real cancela presença por saber que Vini Jr não vencerá,NÃO,Não foram encontrados indicadores de instabilidade política,https://agenciabrasil.ebc.com.br/esportes/noticia/2024-10/bola-de-ouro-real-cancela-presenca-por-saber-que-vini-jr-nao-vencera
28/10/2024,BPC: mais de 300 mil beneficiários precisam regularizar Cadastro Único,NÃO,Não foram encontrados indicadores de instabilidade política,https://agenciabrasil.ebc.com.br/geral/noticia/2024-10/bpc-mais-de-300-mil-beneficiarios-precisam-regularizar-cadastro-unico
28/10/2024,Dia do Servidor: ministério cita valorização e diálogo mais forte,NÃO,Não foram encontrados indicadores de instabilidade política,https://agenciabrasil.ebc.com.br/economia/noticia/2024-10/dia-do-servidor-valorizacao-e-dialogo-mais-forte-diz-ministerio
28/10/2024,Imóveis ocupados no centro de SP são alvos de ações da Polícia Militar,NÃO,Notícia não é sobre política brasileira,https://agenciabrasil.ebc.com.br/geral/noticia/2024-10/imoveis-ocupados-no-centro-de-sp-sao-alvos-de-acoes-da-policia-militar
28/10/2024,"Irã ""usará todas as ferramentas disponíveis"" em resposta a Israel",NÃO,"Notícia sobre outro país, não instabilidade política brasileira",https://agenciabrasil.ebc.com.br/internacional/noticia/2024-10/ira-usara-todas-ferramentas-disponiveis-em-resposta-israel
28/10/2024,Especial da Rádio MEC celebra os 120 anos do compositor Capiba,NÃO,Notícia não é sobre política brasileira,https://agenciabrasil.ebc.com.br/cultura/noticia/2024-10/especial-da-radio-mec-celebra-os-120-anos-do-compositor-capiba
28/10/2024,Prazo para justificar ausência no segundo turno vai até 7 de janeiro,NÃO,Não foram encontrados indicadores de instabilidade política,https://agenciabrasil.ebc.com.br/justica/noticia/2024-10/prazo-para-justificar-ausencia-no-segundo-turno-vai-ate-7-de-janeiro
28/10/2024,"Mercado financeiro eleva previsão da inflação de 4,5% para 4,55%",NÃO,Não foram encontrados indicadores de instabilidade política,https://agenciabrasil.ebc.com.br/economia/noticia/2024-10/mercado-financeiro-eleva-previsao-da-inflacao-de-45-para-455
28/10/2024,Uruguai vai para 2º turno e reforma da previdência deve ser rejeitada,NÃO,Não foram encontrados indicadores de instabilidade política,https://agenciabrasil.ebc.com.br/internacional/noticia/2024-10/uruguai-vai-para-2o-turno-e-reforma-da-previdencia-deve-ser-rejeitada
28/10/2024,Termina hoje prazo para inscrição no concurso dos Correios,NÃO,Notícia não é sobre política brasileira,https://agenciabrasil.ebc.com.br/geral/noticia/2024-10/termina-hoje-prazo-para-inscricao-no-concurso-dos-correios
28/10/2024,"Coluna Prestes, maior marcha militar do mundo, completa hoje 100 anos",NÃO,"Notícia sobre evento histórico/comemorativo, não instabilidade atual",https://agenciabrasil.ebc.com.br/politica/noticia/2024-10/coluna-prestes-maior-marcha-militar-do-mundo-completa-hoje-100-anos
28/10/2024,Caixa paga Bolsa Família a beneficiários com NIS de final 7,NÃO,Notícia não é sobre política brasileira,https://agenciabrasil.ebc.com.br/geral/noticia/2024-10/caixa-paga-bolsa-familia-beneficiarios-com-nis-de-final-7
28/10/2024,Pé-de-Meia: pagamento a estudantes começa nesta segunda-feira,NÃO,Não foram encontrados indicadores de instabilidade política,https://agenciabrasil.ebc.com.br/educacao/noticia/2024-10/pe-de-meia-pagamento-estudantes-comeca-nesta-segunda-feira
28/10/2024,Cármen Lúcia promete pesquisa sobre motivos de abstenção,NÃO,Não foram encontrados indicadores de instabilidade política,https://agenciabrasil.ebc.com.br/justica/noticia/2024-10/carmen-lucia-promete-pesquisa-sobre-motivos-de-abstencao
28/10/2024,Segundo turno teve registro de 102 crimes eleitorais e 42 prisões,NÃO,Não foram encontrados indicadores de instabilidade política,https://agenciabrasil.ebc.com.br/politica/noticia/2024-10/segundo-turno-teve-registro-de-102-crimes-eleitorais-e-42-prisoes
28/10/2024,"TSE dará resposta rápida a notícia-crime de Boulos, diz Cármen Lúcia",NÃO,Não foram encontrados indicadores de instabilidade política,https://agenciabrasil.ebc.com.br/justica/noticia/2024-10/tse-dara-resposta-rapida-noticia-crime-de-boulos-diz-carmen-lucia
29/10/2024,Mapa rebate empresas europeias e diz que país tem legislação rigorosa,NÃO,Notícia não é sobre política brasileira,https://agenciabrasil.ebc.com.br/economia/noticia/2024-10/mapa-diz-que-brasil-tem-legislacao-rigorosa-com-empresas-europeias
29/10/2024,"Quase metade dos fuzis apreendidos no Rio vem dos EUA, diz secretário",NÃO,"Notícia sobre outro país, não instabilidade política brasileira",https://agenciabrasil.ebc.com.br/geral/noticia/2024-10/quase-metade-dos-fuzis-apreendidos-no-rio-vem-dos-eua-diz-secretario
29/10/2024,Projeto paulista vence concurso para Centro Cultura Rio-África no Rio,NÃO,Notícia não é sobre política brasileira,https://agenciabrasil.ebc.com.br/geral/noticia/2024-10/projeto-paulista-vence-concurso-para-centro-cultura-rio-africa-no-rio
29/10/2024,Brasil passa a contar com plataforma que certifica energia renovável,NÃO,Não foram encontrados indicadores de instabilidade política,https://agenciabrasil.ebc.com.br/economia/noticia/2024-10/brasil-passa-contar-com-plataforma-que-certifica-energia-renovavel
29/10/2024,STF marca para novembro retomada do julgamento de Robinho,NÃO,Não foram encontrados indicadores de instabilidade política,https://agenciabrasil.ebc.com.br/justica/noticia/2024-10/stf-marca-para-novembro-retomada-do-julgamento-de-robinho
29/10/2024,Depoimentos de réus pelo assassinato de Marielle terminam no STF,NÃO,Não foram encontrados indicadores de instabilidade política,https://agenciabrasil.ebc.com.br/justica/noticia/2024-10/stf-encerra-depoimentos-dos-reus-pelo-assassinato-de-marielle-franco
29/10/2024,Rio criará grupo de trabalho para atacar economia do crime no estado,POSSIVEL,Indicador único: conflito com governo,https://agenciabrasil.ebc.com.br/justica/noticia/2024-10/grupo-de-trabalho-visa-atacar-economia-do-crime-no-rio
29/10/2024,Jogo entre Botafogo e Peñarol é transferido para o estádio Centenário,NÃO,Notícia não é sobre política brasileira,https://agenciabrasil.ebc.com.br/esportes/noticia/2024-10/jogo-entre-botafogo-e-penarol-e-transferido-para-o-estadio-centenario
29/10/2024,Caso Marielle: Ministério Público pedirá 84 anos de prisão para réus,NÃO,Notícia não é sobre política brasileira,https://agenciabrasil.ebc.com.br/justica/noticia/2024-10/caso-marielle-ministerio-publico-pedira-84-anos-de-prisao-para-reus
29/10/2024,Países do G20 defendem ações de aproximação entre escola e comunidade,NÃO,Notícia não é sobre política brasileira,https://agenciabrasil.ebc.com.br/educacao/noticia/2024-10/aproximacao-entre-escola-e-comunidade-e-tema-do-gt-de-educacao-do-g20
29/10/2024,Dólar fecha no maior valor desde março de 2021 após fala de Haddad,NÃO,Notícia não é sobre política brasileira,https://agenciabrasil.ebc.com.br/economia/noticia/2024-10/dolar-fecha-no-maior-valor-desde-marco-de-2021-apos-fala-de-haddad
29/10/2024,Fotógrafo da Agência Brasil recebe Prêmio Vladimir Herzog,SIM,"Indicadores: golpe militar, ditadura militar, ditadura",https://agenciabrasil.ebc.com.br/politica/noticia/2024-10/fot%C3%B3grafo-da-ag%C3%AAncia-brasil-recebe-premio-vladimir-herzog-
29/10/2024,Estado de São Paulo emite alerta para Sarampo e recomenda vacinação,NÃO,Notícia não é sobre política brasileira,https://agenciabrasil.ebc.com.br/saude/noticia/2024-10/estado-de-sao-paulo-emite-alerta-para-sarampo-e-recomenda-vacinacao
29/10/2024,Capes busca mais orçamento para ampliar bolsas de pós-graduação,NÃO,Notícia não é sobre política brasileira,https://agenciabrasil.ebc.com.br/educacao/noticia/2024-10/capes-busca-mais-orcamento-para-ampliar-bolsas-de-pos-graduacao
29/10/2024,"Crimes ambientais na Amazônia Legal aumentam 88%, aponta PRF",NÃO,Notícia não é sobre política brasileira,https://agenciabrasil.ebc.com.br/meio-ambiente/noticia/2024-10/crimes-ambientais-na-amazonia-legal-aumentam-88-aponta-prf
29/10/2024,Justiça do Rio mantém prisão do bicheiro Rogério Andrade,NÃO,Não foram encontrados indicadores de instabilidade política,https://agenciabrasil.ebc.com.br/geral/noticia/2024-10/justica-do-rio-mantem-prisao-do-bicheiro-rogerio-andrade
29/10/2024,"Governo federal decretará GLO durante o G20, diz secretário estadual",SIM,Indicador em contexto político: conflito com governo,https://agenciabrasil.ebc.com.br/geral/noticia/2024-10/governo-federal-decretara-glo-durante-g20-diz-secretario-estadual
29/10/2024,Aneel: consulta discute efeitos da antecipação de valores por empresas,NÃO,Não foram encontrados indicadores de instabilidade política,https://agenciabrasil.ebc.com.br/economia/noticia/2024-10/aneel-consulta-discute-efeitos-da-antecipacao-de-valores-por-empresas
29/10/2024,PF aponta falhas evidentes na segurança do DF nos atos de 8 de janeiro,SIM,"Indicadores: golpe de estado, tentativa de golpe, atos de 8 de janeiro",https://agenciabrasil.ebc.com.br/justica/noticia/2024-10/pf-aponta-falhas-evidentes-na-seguranca-do-df-nos-atos-de-8-de-janeiro
29/10/2024,Brasil volta a condenar embargo econômico contra Cuba,NÃO,Não foram encontrados indicadores de instabilidade política,https://agenciabrasil.ebc.com.br/internacional/noticia/2024-10/brasil-volta-condenar-embargo-economico-contra-cuba
29/10/2024,SBPC prorroga inscrição de alunas e universitárias em prêmio,NÃO,Notícia não é sobre política brasileira,https://agenciabrasil.ebc.com.br/geral/noticia/2024-10/sbpc-prorroga-inscricoes-de-alunas-e-universitarias-em-premio
29/10/2024,"Conversa com Lula sobre corte de gastos está avançando, diz Haddad",NÃO,Não foram encontrados indicadores de instabilidade política,https://agenciabrasil.ebc.com.br/economia/noticia/2024-10/conversa-com-lula-sobre-corte-de-gastos-esta-avancando-diz-haddad
29/10/2024,Seleção de basquete em cadeira de rodas estreia no Sul-Americano,NÃO,Notícia não é sobre política brasileira,https://agenciabrasil.ebc.com.br/esportes/noticia/2024-10/selecao-de-basquete-em-cadeira-de-rodas-estreia-no-sul-americano
29/10/2024,Celso Amorim defende que Brasil deve insistir em diálogo com Venezuela,NÃO,Não foram encontrados indicadores de instabilidade política,https://agenciabrasil.ebc.com.br/internacional/noticia/2024-10/celso-amorim-defende-que-brasil-deve-insistir-em-dialogo-com-venezuela
29/10/2024,São Paulo inicia Maratona de Leilões com concessão de escolas,NÃO,Não foram encontrados indicadores de instabilidade política,https://agenciabrasil.ebc.com.br/geral/noticia/2024-10/sao-paulo-inicia-maratona-de-leiloes-com-concessao-de-escolas
29/10/2024,Cinco países aderem a fundo para conservação de florestas tropicais,NÃO,Não foram encontrados indicadores de instabilidade política,https://agenciabrasil.ebc.com.br/meio-ambiente/noticia/2024-10/cinco-paises-aderem-fundo-para-conservacao-de-florestas-tropicais
29/10/2024,STF marca início do julgamento da ADPF das favelas do Rio,NÃO,Não foram encontrados indicadores de instabilidade política,https://agenciabrasil.ebc.com.br/justica/noticia/2024-10/stf-marca-inicio-do-julgamento-da-adpf-das-favelas-do-rio
29/10/2024,Impa Tech lança edital do processo seletivo 2025,NÃO,Não foram encontrados indicadores de instabilidade política,https://agenciabrasil.ebc.com.br/educacao/noticia/2024-10/impa-tech-lanca-edital-do-processo-seletivo-2025
29/10/2024,Estudo do Ipea aponta injustiça tributária no Brasil,NÃO,Não foram encontrados indicadores de instabilidade política,https://agenciabrasil.ebc.com.br/economia/noticia/2024-10/estudo-do-ipea-aponta-injustica-tributaria-no-brasil
29/10/2024,"Não podemos perder a confiança no sistema de transplantes, diz Nísia",NÃO,Não foram encontrados indicadores de instabilidade política,https://agenciabrasil.ebc.com.br/saude/noticia/2024-10/nao-podemos-perder-confianca-no-sistema-de-transplantes-diz-nisia
29/10/2024,Semana tem reuniões internacionais de educação em Fortaleza,NÃO,Não foram encontrados indicadores de instabilidade política,https://agenciabrasil.ebc.com.br/educacao/noticia/2024-10/semana-tem-reunioes-internacionais-de-educacao-em-fortaleza
29/10/2024,"Preso no Rio, bicheiro Rogério Andrade deve ir para presídio federal",NÃO,Não foram encontrados indicadores de instabilidade política,https://agenciabrasil.ebc.com.br/justica/noticia/2024-10/preso-no-rio-bicheiro-rogerio-andrade-deve-ir-para-presidio-federal
29/10/2024,Vini Jr acredita que luta antirracista causou derrota no Bola de Ouro,NÃO,Não foram encontrados indicadores de instabilidade política,https://agenciabrasil.ebc.com.br/esportes/noticia/2024-10/vini-jr-acredita-que-luta-antirracista-causou-derrota-no-bola-de-ouro
29/10/2024,Lira anuncia comissão especial para analisar PL da Anistia,SIM,"Indicadores: golpe de estado, tentativa de golpe, golpe militar",https://agenciabrasil.ebc.com.br/politica/noticia/2024-10/lira-anuncia-comissao-especial-para-analisar-pl-da-anistia
29/10/2024,G20: Brasil quer criar coalizão para produção regional de vacinas,NÃO,Não foram encontrados indicadores de instabilidade política,https://agenciabrasil.ebc.com.br/saude/noticia/2024-10/g20-brasil-quer-criar-coalizao-para-producao-regional-de-vacinas
29/10/2024,Gilmar Mendes anula condenações de Dirceu na Lava Jato,NÃO,Notícia não é sobre política brasileira,https://agenciabrasil.ebc.com.br/justica/noticia/2024-10/gilmar-mendes-anula-condenacoes-de-dirceu-na-lava-jato
29/10/2024,Bicheiro Rogério Andrade é preso no Rio sob acusação de homicídio,NÃO,Não foram encontrados indicadores de instabilidade política,https://agenciabrasil.ebc.com.br/geral/noticia/2024-10/bicheiro-rogerio-andrade-e-preso-no-rio-sob-acusacao-de-homicidio
29/10/2024,Lira anuncia Hugo Motta como candidato à presidência da Câmara,NÃO,Não foram encontrados indicadores de instabilidade política,https://agenciabrasil.ebc.com.br/politica/noticia/2024-10/lira-anuncia-hugo-motta-como-candidato-presidencia-da-camara
29/10/2024,Operação da polícia desarticula esquema de fraudes no Banco do Brasil,NÃO,Notícia não é sobre política brasileira,https://agenciabrasil.ebc.com.br/geral/noticia/2024-10/operacao-da-policia-desarticula-esquema-de-fraudes-no-banco-do-brasil
29/10/2024,Vaticano: comissão pede regras claras para indenizar vítimas de abuso,NÃO,Não foram encontrados indicadores de instabilidade política,https://agenciabrasil.ebc.com.br/internacional/noticia/2024-10/vaticano-comissao-pede-regras-claras-para-indenizar-vitimas-de-abuso
29/10/2024,Prazo para adesão ao programa Litígio Zero termina dia 31,NÃO,Notícia não é sobre política brasileira,https://agenciabrasil.ebc.com.br/economia/noticia/2024-10/prazo-para-adesao-ao-programa-litigio-zero-termina-dia-31
29/10/2024,Hotel desaba na Argentina; bombeiros buscam pessoas soterradas,NÃO,Notícia não é sobre política brasileira,https://agenciabrasil.ebc.com.br/internacional/noticia/2024-10/hotel-desaba-na-argentina-bombeiros-buscam-pessoas-soterradas
29/10/2024,Avião com 221 brasileiros repatriados do Líbano pousa em Guarulhos,NÃO,Não foram encontrados indicadores de instabilidade política,https://agenciabrasil.ebc.com.br/internacional/noticia/2024-10/aviao-com-221-brasileiros-repatriados-do-libano-chega-em-guarulhos
29/10/2024,Enem 2024: como diminuir a ansiedade às vésperas do exame,NÃO,Não foram encontrados indicadores de instabilidade política,https://agenciabrasil.ebc.com.br/educacao/noticia/2024-10/enem-2024-como-diminuir-ansiedade-vesperas-do-exame
29/10/2024,Naim Qassem é o novo secretário-geral do Hezbollah,NÃO,Não foram encontrados indicadores de instabilidade política,https://agenciabrasil.ebc.com.br/internacional/noticia/2024-10/naim-qassem-e-o-novo-secretario-geral-do-hezbollah
29/10/2024,Enap realiza Semana de Inovação com debates presenciais e online,NÃO,Não foram encontrados indicadores de instabilidade política,https://agenciabrasil.ebc.com.br/geral/noticia/2024-10/enap-realiza-semana-de-inovacao-com-debates-presenciais-e-online
29/10/2024,Mega-Sena sorteia nesta terça-feira prêmio acumulado em R$ 95 milhões,NÃO,Notícia não é sobre política brasileira,https://agenciabrasil.ebc.com.br/geral/noticia/2024-10/mega-sena-sorteia-nesta-terca-feira-premio-acumulado-em-r-95-milhoes
29/10/2024,Ataque de Israel a prédio no norte de Gaza deixa pelo menos 77 mortos,NÃO,Notícia não é sobre política brasileira,https://agenciabrasil.ebc.com.br/internacional/noticia/2024-10/ataque-de-israel-predio-no-norte-de-gaza-deixa-pelo-menos-77-mortos
29/10/2024,Seleção feminina volta a campo contra Colômbia em amistoso no ES,NÃO,Não foram encontrados indicadores de instabilidade política,https://agenciabrasil.ebc.com.br/esportes/noticia/2024-10/selecao-feminina-volta-campo-contra-colombia-em-amistoso-no-es
29/10/2024,Santos vence e fica perto do retorno para a Série A do Brasileiro,NÃO,Notícia não é sobre política brasileira,https://agenciabrasil.ebc.com.br/esportes/noticia/2024-10/santos-vence-e-fica-perto-do-retorno-para-serie-do-brasileiro
29/10/2024,"Petrobras produz 2,7 milhões de barris de petróleo no 3º trimestre",NÃO,Notícia não é sobre política brasileira,https://agenciabrasil.ebc.com.br/economia/noticia/2024-10/petrobras-produz-27-milhoes-de-barris-de-petroleo-no-3o-trimestre
29/10/2024,Cinco países apoiam fundo para conservação de florestas tropicais,NÃO,Não foram encontrados indicadores de instabilidade política,https://agenciabrasil.ebc.com.br/meio-ambiente/noticia/2024-10/cinco-paises-apoiam-fundo-para-conservacao-de-florestas-tropicais
30/10/2024,Estudo com teste de DNA para detecção de HPV tem resultado promissor,NÃO,Não foram encontrados indicadores de instabilidade política,https://agenciabrasil.ebc.com.br/saude/noticia/2024-10/estudo-com-teste-de-dna-para-deteccao-de-hpv-tem-resultado-promissor
30/10/2024,Caixa paga Bolsa Família a beneficiários com NIS de final 9,NÃO,Notícia não é sobre política brasileira,https://agenciabrasil.ebc.com.br/economia/noticia/2024-10/caixa-paga-bolsa-familia-beneficiarios-com-nis-de-final-9
30/10/2024,Botafogo busca classificação inédita para final da Libertadores,NÃO,Não foram encontrados indicadores de instabilidade política,https://agenciabrasil.ebc.com.br/esportes/noticia/2024-10/botafogo-busca-classificacao-inedita-para-final-da-libertadores
30/10/2024,Caso Marielle: julgamento de Lessa e Élcio começa nesta quarta,NÃO,Não foram encontrados indicadores de instabilidade política,https://agenciabrasil.ebc.com.br/justica/noticia/2024-10/caso-marielle-julgamento-de-lessa-e-elcio-comeca-nesta-quarta
30/10/2024,Astronautas chineses vão conduzir experimentos no espaço,NÃO,Notícia não é sobre política brasileira,https://agenciabrasil.ebc.com.br/internacional/noticia/2024-10/astronautas-chineses-vao-conduzir-experimentos-no-espaco
30/10/2024,Atlético-MG segura empate com o River e está na final da Libertadores,NÃO,Não foram encontrados indicadores de instabilidade política,https://agenciabrasil.ebc.com.br/esportes/noticia/2024-10/atletico-mg-segura-empate-com-o-river-e-esta-na-final-da-libertadores
30/10/2024,"Na COP16, Marina Silva defende fundo para remunerar povos tradicionais",NÃO,Não foram encontrados indicadores de instabilidade política,https://agenciabrasil.ebc.com.br/meio-ambiente/noticia/2024-10/na-cop16-marina-silva-defende-fundo-para-remunerar-povos-tradicionais
30/10/2024,Brasil derrota Colômbia por 3 a 1 em partida amistosa,NÃO,Não foram encontrados indicadores de instabilidade política,https://agenciabrasil.ebc.com.br/esportes/noticia/2024-10/brasil-derrota-colombia-por-3-1-em-partida-amistosa
30/10/2024,Ativista da Costa Rica defende inovação ligada a direitos humanos,NÃO,Não foram encontrados indicadores de instabilidade política,https://agenciabrasil.ebc.com.br/geral/noticia/2024-10/ativista-da-costa-rica-defende-inovacao-ligada-direitos-humanos
30/10/2024,Mega-sena acumula novamente e prêmio vai para R$ 105 milhões,NÃO,Notícia não é sobre política brasileira,https://agenciabrasil.ebc.com.br/geral/noticia/2024-10/mega-sena-acumula-novamente-e-premio-vai-para-r-105-milhoes
30/10/2024,Brasil é quarto país no ranking mundial de voos domésticos,NÃO,Não foram encontrados indicadores de instabilidade política,https://agenciabrasil.ebc.com.br/geral/noticia/2024-10/brasil-e-quarto-pais-no-ranking-mundial-de-voos-domesticos
30/10/2024,Entenda as novas regras de financiamento imobiliário da Caixa,NÃO,Não foram encontrados indicadores de instabilidade política,https://agenciabrasil.ebc.com.br/economia/noticia/2024-10/entenda-as-novas-regras-de-financiamento-imobiliario-da-caixa
30/10/2024,"Incêndio atinge Shopping 25 de Março, em São Paulo",NÃO,Notícia não é sobre política brasileira,https://agenciabrasil.ebc.com.br/geral/noticia/2024-10/incendio-atinge-shopping-25-de-marco-em-sao-paulo
30/10/2024,Ação da PF busca prender líder de grupo que traficava drogas em SP,NÃO,Notícia não é sobre política brasileira,https://agenciabrasil.ebc.com.br/geral/noticia/2024-10/acao-da-pf-busca-prender-lider-de-grupo-que-traficava-drogas-em-sp
30/10/2024,"Espanha decreta três dias de luto, após tempestade deixar 63 mortos",NÃO,Não foram encontrados indicadores de instabilidade política,https://agenciabrasil.ebc.com.br/internacional/noticia/2024-10/espanha-decreta-tres-dias-de-luto-apos-tempestade-deixar-63-mortos
30/10/2024,"Juros do cartão de crédito rotativo sobem para 438,4% ao ano",NÃO,Não foram encontrados indicadores de instabilidade política,https://agenciabrasil.ebc.com.br/economia/noticia/2024-10/juros-do-cartao-de-credito-rotativo-sobem-para-4384-ao-ano
30/10/2024,Candidatos se preparam para prova de redação do Enem no domingo,NÃO,Não foram encontrados indicadores de instabilidade política,https://agenciabrasil.ebc.com.br/educacao/noticia/2024-10/candidatos-se-preparam-para-prova-de-redacao-do-enem-no-domingo
30/10/2024,Ibama pede à Petrobras mais dados para perfurar na Foz do Amazonas,NÃO,Não foram encontrados indicadores de instabilidade política,https://agenciabrasil.ebc.com.br/economia/noticia/2024-10/ibama-pede-petrobras-mais-dados-para-perfurar-na-foz-do-amazonas
30/10/2024,Israelenses dizem ter matado vice-comandante de forças do Hezbollah,NÃO,Notícia não é sobre política brasileira,https://agenciabrasil.ebc.com.br/internacional/noticia/2024-10/israelenses-dizem-ter-matado-vice-comandante-de-forcas-do-hezbollah
30/10/2024,Incêndio no Shopping 25 Brás pode ter atingido cerca de 200 lojas,NÃO,Notícia não é sobre política brasileira,https://agenciabrasil.ebc.com.br/geral/noticia/2024-10/incendio-no-shopping-25-bras-pode-ter-atingido-cerca-de-200-lojas
30/10/2024,"IGP-M sobe 1,52% em outubro, diz FGV",NÃO,Notícia não é sobre política brasileira,https://agenciabrasil.ebc.com.br/economia/noticia/2024-10/igp-m-sobe-152-em-outubro-diz-fgv
30/10/2024,Cidade maia perdida é descoberta em selva do sul do México,NÃO,Notícia não é sobre política brasileira,https://agenciabrasil.ebc.com.br/internacional/noticia/2024-10/cidade-maia-perdida-e-descoberta-em-selva-do-sul-do-mexico-0
30/10/2024,Família de Marielle Franco diz que espera por justiça há sete anos,NÃO,Notícia não é sobre política brasileira,https://agenciabrasil.ebc.com.br/justica/noticia/2024-10/familia-de-marielle-franco-diz-que-espera-por-justica-ha-sete-anos
30/10/2024,Vinte e duas viaturas combatem incêndio no Shopping 25 Brás,NÃO,Não foram encontrados indicadores de instabilidade política,https://agenciabrasil.ebc.com.br/geral/noticia/2024-10/vinte-e-duas-viaturas-combatem-incendio-no-shopping-25-bras
30/10/2024,Movimentos sociais fazem homenagem à vereadora Marielle Franco,NÃO,Notícia não é sobre política brasileira,https://agenciabrasil.ebc.com.br/direitos-humanos/noticia/2024-10/movimentos-sociais-fazem-homenagem-vereadora-marielle-franco
30/10/2024,Mau tempo na Espanha deixa pelo menos 63 mortos,NÃO,Não foram encontrados indicadores de instabilidade política,https://agenciabrasil.ebc.com.br/internacional/noticia/2024-10/mau-tempo-na-espanha-deixa-pelo-menos-63-mortos
30/10/2024,Seca extrema derruba produtividade de cana e usinas antecipam colheita,NÃO,Não foram encontrados indicadores de instabilidade política,https://agenciabrasil.ebc.com.br/economia/noticia/2024-10/seca-extrema-derruba-produtividade-de-cana-e-usinas-antecipam-colheita
30/10/2024,"Incêndio atinge Shopping 25 Brás, em São Paulo",NÃO,Notícia não é sobre política brasileira,https://agenciabrasil.ebc.com.br/geral/noticia/2024-10/incendio-atinge-shopping-25-bras-em-sao-paulo
30/10/2024,Rio: Museu de Arte Moderna é entregue reformado para ser sede do G20,NÃO,Não foram encontrados indicadores de instabilidade política,https://agenciabrasil.ebc.com.br/geral/noticia/2024-10/rio-museu-de-arte-moderna-e-entregue-reformado-para-ser-sede-do-g20
30/10/2024,Câmara derruba taxação de previdência privada em herança,NÃO,Não foram encontrados indicadores de instabilidade política,https://agenciabrasil.ebc.com.br/economia/noticia/2024-10/camara-derruba-taxacao-de-previdencia-privada-em-heranca
30/10/2024,Haddad confirma envio de PEC sobre revisão de gastos,NÃO,Não foram encontrados indicadores de instabilidade política,https://agenciabrasil.ebc.com.br/economia/noticia/2024-10/haddad-confirma-envio-de-pec-sobre-revisao-de-gastos
30/10/2024,EBC divulga finalistas do Festival de Música da Nacional,NÃO,Notícia não é sobre política brasileira,https://agenciabrasil.ebc.com.br/cultura/noticia/2024-10/ebc-divulga-finalistas-do-festival-de-musica-da-nacional
30/10/2024,Governo firma parceria com Porto Digital para exploração de IA,NÃO,Não foram encontrados indicadores de instabilidade política,https://agenciabrasil.ebc.com.br/geral/noticia/2024-10/governo-firma-parceria-com-porto-digital-para-exploracao-de-ia
30/10/2024,STF: União e Rio têm 30 dias para conciliação sobre dívida pública,NÃO,Não foram encontrados indicadores de instabilidade política,https://agenciabrasil.ebc.com.br/justica/noticia/2024-10/stf-uniao-e-rio-tem-30-dias-para-conciliacao-sobre-divida-publica
30/10/2024,"Com educação midiática, estudantes são aliados no combate a fake news",NÃO,Não foram encontrados indicadores de instabilidade política,https://agenciabrasil.ebc.com.br/educacao/noticia/2024-10/Com-educacao-midiatica-estudantes-sao-aliados-no-combate-a-fake-news
30/10/2024,Familiares de Marielle e Anderson relatam impactos das mortes,NÃO,Não foram encontrados indicadores de instabilidade política,https://agenciabrasil.ebc.com.br/justica/noticia/2024-10/familiares-de-marielle-e-anderson-relatam-impactos-das-mortes
30/10/2024,EBC recebe dois prêmios Vladimir Herzog de Anistia e Direitos Humanos,NÃO,Não foram encontrados indicadores de instabilidade política,https://agenciabrasil.ebc.com.br/direitos-humanos/noticia/2024-10/ebc-recebe-dois-premios-jornalisticos-vladimir-herzog
30/10/2024,Países do G20 defendem cuidados com uso de IA na educação,NÃO,Não foram encontrados indicadores de instabilidade política,https://agenciabrasil.ebc.com.br/educacao/noticia/2024-10/paises-do-g20-defendem-cuidados-com-uso-de-ia-na-educacao
30/10/2024,Arthur Elias vê evolução da seleção feminina após 3 a 1 sobre Colômbia,NÃO,Notícia não é sobre política brasileira,https://agenciabrasil.ebc.com.br/esportes/noticia/2024-10/arthur-elias-ve-evolucao-da-selecao-feminina-apos-3-1-sobre-colombia
30/10/2024,"Abimaq: receita líquida do setor de máquinas cai 12,7% em setembro",NÃO,Notícia não é sobre política brasileira,https://agenciabrasil.ebc.com.br/economia/noticia/2024-10/abimaq-receita-liquida-do-setor-de-maquinas-cai-127-em-setembro
30/10/2024,Sociedade civil aposta em parcerias para recuperação florestal no país,NÃO,Não foram encontrados indicadores de instabilidade política,https://agenciabrasil.ebc.com.br/meio-ambiente/noticia/2024-10/sociedade-civil-aposta-em-parcerias-para-recuperacao-florestal-no-pais
30/10/2024,Brasil condena ataque de Israel que matou 93 em Gaza,NÃO,Notícia não é sobre política brasileira,https://agenciabrasil.ebc.com.br/internacional/noticia/2024-10/brasil-condena-ataque-de-israel-que-matou-93-em-gaza-0
30/10/2024,Indígenas marcham em Brasília e bloqueiam vias contra marco temporal,POSSIVEL,Indicador único: invasão do congresso,https://agenciabrasil.ebc.com.br/geral/noticia/2024-10/indigenas-marcham-em-brasilia-contra-marco-temporal
30/10/2024,Ministro diz que Pé-de-Meia impulsionou as inscrições no Enem,NÃO,Não foram encontrados indicadores de instabilidade política,https://agenciabrasil.ebc.com.br/educacao/noticia/2024-10/ministro-diz-que-pe-de-meia-impulsionou-inscricoes-no-enem
30/10/2024,EBC prorroga inscrição para comitês de participação social e editorial,NÃO,Não foram encontrados indicadores de instabilidade política,https://agenciabrasil.ebc.com.br/geral/noticia/2024-10/ebc-prorroga-inscricao-para-comites-de-participacao-social-e-editorial
30/10/2024,BNDES vai financiar projetos de saneamento e mobilidade com FGTS,NÃO,Não foram encontrados indicadores de instabilidade política,https://agenciabrasil.ebc.com.br/economia/noticia/2024-10/bndes-vai-financiar-projetos-de-saneamento-e-mobilidade-com-fgts
30/10/2024,Caged registra criação de 247 mil postos de trabalho em setembro,NÃO,Notícia não é sobre política brasileira,https://agenciabrasil.ebc.com.br/economia/noticia/2024-10/caged-registra-criacao-de-247-mil-postos-de-trabalho-em-setembro
30/10/2024,STF faz audiência de conciliação sobre dívida do Rio com a União,NÃO,Não foram encontrados indicadores de instabilidade política,https://agenciabrasil.ebc.com.br/justica/noticia/2024-10/stf-faz-audiencia-de-conciliacao-sobre-divida-do-rio-com-uniao
30/10/2024,"Infraestrutura urbana terá R$ 1,6 trilhão em investimentos até 2033",NÃO,Notícia não é sobre política brasileira,https://agenciabrasil.ebc.com.br/economia/noticia/2024-10/infraestrutura-urbana-tera-r-16-trilhao-em-investimentos-ate-2033
30/10/2024,"Após morte de torcedor, federação proíbe Mancha Alvi Verde em estádios",NÃO,Notícia não é sobre política brasileira,https://agenciabrasil.ebc.com.br/justica/noticia/2024-10/apos-morte-de-torcedor-federacao-proibe-mancha-alvi-verde-em-estadios
30/10/2024,CCJ do Senado aprova limite de ruído para fogos de artifício,NÃO,Não foram encontrados indicadores de instabilidade política,https://agenciabrasil.ebc.com.br/politica/noticia/2024-10/ccj-do-senado-aprova-limite-de-ruido-para-fogos-de-artificio
30/10/2024,"Defesa de pautas de Marielle continua após sua morte, diz assessora",NÃO,Não foram encontrados indicadores de instabilidade política,https://agenciabrasil.ebc.com.br/justica/noticia/2024-10/defesa-de-bandeiras-de-marielle-continua-apos-sua-morte-diz-assessora
30/10/2024,Trilha de Letras recebe quadrinista e designer franco-brasileiro,NÃO,Não foram encontrados indicadores de instabilidade política,https://agenciabrasil.ebc.com.br/geral/noticia/2024-10/trilha-de-letras-recebe-quadrinista-e-designer-franco-brasileiro
30/10/2024,Venezuela convoca embaixador no Brasil para consultas,NÃO,Não foram encontrados indicadores de instabilidade política,https://agenciabrasil.ebc.com.br/internacional/noticia/2024-10/venezuela-convoca-embaixador-no-brasil-para-consultas
30/10/2024,Bombeiros controlam incêndio em shopping no centro de São Paulo,NÃO,Notícia não é sobre política brasileira,https://agenciabrasil.ebc.com.br/geral/noticia/2024-10/bombeiros-controlam-incendio-em-shopping-no-centro-de-sao-paulo
30/10/2024,"Ministro da Educação destaca importância da tecnologia, mas com limite",NÃO,Não foram encontrados indicadores de instabilidade política,https://agenciabrasil.ebc.com.br/educacao/noticia/2024-10/ministro-da-educacao-destaca-importancia-da-tecnologia-mas-com-limite
30/10/2024,"Brasil terá Pé-de-Meia para licenciaturas, diz ministro da Educação",NÃO,Não foram encontrados indicadores de instabilidade política,https://agenciabrasil.ebc.com.br/educacao/noticia/2024-10/brasil-tera-pe-de-meia-para-licenciaturas-diz-ministro-da-educacao
30/10/2024,"Steve Bannon, antigo conselheiro de Trump, foi libertado da prisão",NÃO,Não foram encontrados indicadores de instabilidade política,https://agenciabrasil.ebc.com.br/internacional/noticia/2024-10/steve-bannon-antigo-conselheiro-de-trump-foi-libertado-da-prisao
31/10/2024,Esquema de pirâmide que movimentou R$ 1 bi é alvo de operação no Rio,NÃO,Não foram encontrados indicadores de instabilidade política,https://agenciabrasil.ebc.com.br/geral/noticia/2024-10/esquema-de-piramide-que-movimentou-r-1-bi-e-alvo-de-operacao-no-rio
31/10/2024,Número de lares urbanos com internet passou de 13% para 85% em 20 anos,NÃO,Não foram encontrados indicadores de instabilidade política,https://agenciabrasil.ebc.com.br/geral/noticia/2024-10/numero-de-lares-urbanos-com-internet-passou-de-13-para-85-em-20-anos
31/10/2024,"ONU alerta para agravamento da fome em Gaza, no Sudão e Mali em 2025",NÃO,Não foram encontrados indicadores de instabilidade política,https://agenciabrasil.ebc.com.br/internacional/noticia/2024-10/onu-alerta-para-agravamento-da-fome-em-gaza-no-sudao-e-mali-em-2025
31/10/2024,"Desemprego cai para 6,4% entre julho e setembro, diz IBGE",NÃO,Notícia não é sobre política brasileira,https://agenciabrasil.ebc.com.br/economia/noticia/2024-10/desemprego-cai-para-64-entre-julho-e-setembro-diz-ibge
31/10/2024,"Morre em Florianópolis, aos 84 anos, o pianista Arthur Moreira Lima",NÃO,Notícia não é sobre política brasileira,https://agenciabrasil.ebc.com.br/cultura/noticia/2024-10/morre-em-florianopolis-o-pianista-arthur-moreira-lima
31/10/2024,Equipes de resgate procuram desaparecidos após enchentes na Espanha,NÃO,Notícia não é sobre política brasileira,https://agenciabrasil.ebc.com.br/internacional/noticia/2024-10/equipes-de-resgate-procuram-desaparecidos-apos-enchentes-na-espanha
31/10/2024,Marina Silva defende indígena detida na COP16 durante protesto,NÃO,Notícia não é sobre política brasileira,https://agenciabrasil.ebc.com.br/internacional/noticia/2024-10/marina-silva-defende-indigena-brasileira-presa-na-cop16
31/10/2024,Transição de governo municipal é tema de debate em São Paulo,NÃO,Não foram encontrados indicadores de instabilidade política,https://agenciabrasil.ebc.com.br/politica/noticia/2024-10/transicao-de-governo-e-tema-de-seminario-em-sao-paulo
31/10/2024,Termina nesta quinta-feira prazo de adesão ao programa Litígio Zero,NÃO,Notícia não é sobre política brasileira,https://agenciabrasil.ebc.com.br/economia/noticia/2024-10/termina-nesta-quinta-feira-prazo-de-adesao-ao-programa-litigio-zero
31/10/2024,Cerca de 77 mil mulheres aguardam mamografia pelo SUS,NÃO,Não foram encontrados indicadores de instabilidade política,https://agenciabrasil.ebc.com.br/saude/noticia/2024-10/cerca-de-77-mil-mulheres-aguardam-mamografia-pelo-sus
31/10/2024,Norma que considerou publicidade infantil abusiva completa 10 anos,NÃO,"Notícia sobre evento histórico/comemorativo, não instabilidade atual",https://agenciabrasil.ebc.com.br/geral/noticia/2024-10/norma-que-considerou-publicidade-infantil-abusiva-completa-10-anos
31/10/2024,Julgamento de caso Marielle é retomado na manhã desta quinta-feira,NÃO,Não foram encontrados indicadores de instabilidade política,https://agenciabrasil.ebc.com.br/geral/noticia/2024-10/julgamento-de-caso-marielle-sera-retomado-na-manha-desta-quinta-feira
31/10/2024,Enem 2024: confira documentos aceitos nos dois dias de provas,NÃO,Não foram encontrados indicadores de instabilidade política,https://agenciabrasil.ebc.com.br/educacao/noticia/2024-10/enem-2024-confira-documentos-aceitos-nos-dois-dias-de-provas
31/10/2024,Receita paga nesta quinta lote da malha fina do Imposto de Renda,NÃO,Notícia não é sobre política brasileira,https://agenciabrasil.ebc.com.br/economia/noticia/2024-10/receita-paga-nesta-quinta-lote-da-malha-fina-do-imposto-de-renda
31/10/2024,Número de homicídios no estado de São Paulo cresce em setembro,NÃO,Notícia não é sobre política brasileira,https://agenciabrasil.ebc.com.br/geral/noticia/2024-10/numero-de-homicidios-no-estado-de-sao-paulo-cresce-em-setembro
31/10/2024,"FGTS terá orçamento de R$ 142,3 bilhões para 2025",NÃO,Não foram encontrados indicadores de instabilidade política,https://agenciabrasil.ebc.com.br/economia/noticia/2024-10/fgts-tera-orcamento-de-r-1423-bilhoes-para-2025
31/10/2024,Governador de SP sugere ampliar propostas para a segurança pública,NÃO,Não foram encontrados indicadores de instabilidade política,https://agenciabrasil.ebc.com.br/politica/noticia/2024-10/governador-de-sp-sugere-ampliar-propostas-para-seguranca-publica
31/10/2024,Veja íntegra da sentença que condena assassinos de Marielle e Anderson,NÃO,Notícia não é sobre política brasileira,https://agenciabrasil.ebc.com.br/justica/noticia/2024-10/veja-integra-da-sentenca-que-condena-assassinos-de-marielle-e-anderson
31/10/2024,Fazenda manda Anatel bloquear mais 1.443 sites de apostas,NÃO,Notícia não é sobre política brasileira,https://agenciabrasil.ebc.com.br/economia/noticia/2024-10/fazenda-manda-anatel-bloquear-mais-1443-sites-de-apostas
31/10/2024,"Fórmula 1 injetará R$ 2 bilhões na economia paulistana, estima SPTuris",NÃO,Não foram encontrados indicadores de instabilidade política,https://agenciabrasil.ebc.com.br/esportes/noticia/2024-10/formula-1-injetara-r-2-bilhoes-na-economia-paulistana-estima-spturis
31/10/2024,"Transporte escolar em rios terá reajuste em 2025, antecipa FNDE",NÃO,Não foram encontrados indicadores de instabilidade política,https://agenciabrasil.ebc.com.br/educacao/noticia/2024-10/transporte-escolar-em-rios-tera-reajuste-em-2025-antecipa-fnde
31/10/2024,Governo federal apresenta PEC da Segurança Pública aos estados,NÃO,Não foram encontrados indicadores de instabilidade política,https://agenciabrasil.ebc.com.br/politica/noticia/2024-10/governo-federal-apresenta-pec-da-seguranca-publica-aos-estados
31/10/2024,Ronnie e Élcio são condenados por assassinar Marielle e Anderson,NÃO,Não foram encontrados indicadores de instabilidade política,https://agenciabrasil.ebc.com.br/justica/noticia/2024-10/ronnie-e-elcio-sao-condenados-por-assassinar-marielle-e-anderson
31/10/2024,Petrovic define seleção de basquete para eliminatórias da AmeriCup,NÃO,Notícia não é sobre política brasileira,https://agenciabrasil.ebc.com.br/esportes/noticia/2024-10/petrovic-define-selecao-de-basquete-para-eliminatorias-da-americup
31/10/2024,Rios na Amazônia têm risco muito alto de contaminação por mercúrio,NÃO,Notícia não é sobre política brasileira,https://agenciabrasil.ebc.com.br/meio-ambiente/noticia/2024-10/rios-na-amazonia-tem-risco-muito-alto-de-contaminacao-por-mercurio
31/10/2024,Escolas buscam soluções para regular o uso de celular pelos alunos,NÃO,Não foram encontrados indicadores de instabilidade política,https://agenciabrasil.ebc.com.br/educacao/noticia/2024-10/escolas-buscam-solucoes-para-regular-uso-de-celular-pelos-alunos
31/10/2024,"Consumo nos supermercados cresce 2,52% no acumulado do ano",NÃO,Não foram encontrados indicadores de instabilidade política,https://agenciabrasil.ebc.com.br/economia/noticia/2024-10/consumo-nos-supermercados-cresce-252-no-acumulado-do-ano
31/10/2024,Médicos reafirmam eficácia da mamografia para prevenir câncer de mama,NÃO,Notícia não é sobre política brasileira,https://agenciabrasil.ebc.com.br/saude/noticia/2024-10/medicos-reafirmam-eficacia-da-mamografia-para-prevenir-cancer-de-mama
31/10/2024,Justiça de São Paulo suspende leilão de concessão de escolas estaduais,NÃO,Não foram encontrados indicadores de instabilidade política,https://agenciabrasil.ebc.com.br/educacao/noticia/2024-10/justica-de-sao-paulo-suspende-leilao-de-concessao-de-escolas-estaduais
31/10/2024,Caso Samarco: novo acordo pode beneficiar até 500 mil pessoas,NÃO,Não foram encontrados indicadores de instabilidade política,https://agenciabrasil.ebc.com.br/meio-ambiente/noticia/2024-10/caso-samarco-novo-acordo-pode-beneficiar-ate-500-mil-pessoas
31/10/2024,"Maioria dos trabalhadores leva marmita para o trabalho, diz estudo",NÃO,Notícia não é sobre política brasileira,https://agenciabrasil.ebc.com.br/economia/noticia/2024-10/maioria-dos-trabalhadores-leva-marmita-para-o-trabalho-diz-estudo
31/10/2024,"No Dia da Poesia, veja dicas para incentivar a leitura entre crianças",NÃO,Notícia não é sobre política brasileira,https://agenciabrasil.ebc.com.br/cultura/noticia/2024-10/no-dia-da-poesia-veja-dicas-para-incentivar-leitura-entre-criancas
31/10/2024,MEC fará prova única de seleção para professores de escolas públicas,NÃO,Não foram encontrados indicadores de instabilidade política,https://agenciabrasil.ebc.com.br/educacao/noticia/2024-10/mec-fara-prova-unica-de-selecao-para-professores-de-escolas-publicas
31/10/2024,Apagão em São Paulo: AGU acionará Enel por dano moral coletivo,NÃO,Não foram encontrados indicadores de instabilidade política,https://agenciabrasil.ebc.com.br/economia/noticia/2024-10/agu-acionara-enel-por-dano-moral-coletivo
31/10/2024,AGU: propor anistia a condenados do 8 de janeiro é inconstitucional,SIM,"Indicadores: golpe de estado, anistia para golpistas",https://agenciabrasil.ebc.com.br/justica/noticia/2024-10/agu-propor-anistia-condenados-do-8-de-janeiro-e-inconstitucional
31/10/2024,STF forma maioria para tornar réu deputado Gustavo Gayer,NÃO,Não foram encontrados indicadores de instabilidade política,https://agenciabrasil.ebc.com.br/justica/noticia/2024-10/stf-forma-maioria-para-tornar-reu-deputado-gustavo-gayer
31/10/2024,Número provisório de mortos nas inundações da Espanha sobe para 140,NÃO,Notícia não é sobre política brasileira,https://agenciabrasil.ebc.com.br/internacional/noticia/2024-10/numero-provisorio-de-mortos-nas-inundacoes-da-espanha-sobe-para-140
31/10/2024,PSG é punido com fechamento parcial do estádio por cantos homofóbicos,NÃO,Não foram encontrados indicadores de instabilidade política,https://agenciabrasil.ebc.com.br/esportes/noticia/2024-10/psg-e-punido-com-fechamento-parcial-do-estadio-por-cantos-homofobicos
31/10/2024,Prefeito do Rio pede que cariocas se programem para o G20,NÃO,Não foram encontrados indicadores de instabilidade política,https://agenciabrasil.ebc.com.br/geral/noticia/2024-10/prefeito-do-rio-pede-que-cariocas-se-programem-para-o-g20
31/10/2024,Valter Hugo Mãe participa de evento literário em Itabira,NÃO,Não foram encontrados indicadores de instabilidade política,https://agenciabrasil.ebc.com.br/cultura/noticia/2024-10/valter-hugo-mae-participa-de-evento-literario-em-itabira
31/10/2024,Lula repete exames de imagem da cabeça e quadro é estável,NÃO,Não foram encontrados indicadores de instabilidade política,https://agenciabrasil.ebc.com.br/politica/noticia/2024-10/lula-repete-exames-de-imagem-da-cabeca-e-quadro-e-estavel
31/10/2024,"Investimento em educação cai para 4,2% do PIB na América Latina",NÃO,Notícia não é sobre política brasileira,https://agenciabrasil.ebc.com.br/educacao/noticia/2024-10/investimento-em-educacao-cai-para-42-do-pib-na-america-latina
31/10/2024,Concerto com Alaíde Costa abre nova temporada do Projeto Pixinguinha,NÃO,Não foram encontrados indicadores de instabilidade política,https://agenciabrasil.ebc.com.br/cultura/noticia/2024-10/concerto-com-alaide-costa-abre-nova-temporada-do-projeto-pixinguinha
31/10/2024,Palestina faria Israel repartir US$ 524 bilhões em petróleo e gás,NÃO,"Notícia sobre outro país, não instabilidade política brasileira",https://agenciabrasil.ebc.com.br/internacional/noticia/2024-10/estado-palestino-faria-israel-repartir-meio-trilhao-em-petroleo-e-gas
31/10/2024,Empresas e MEI podem regularizar dívidas com Simples até esta quinta,NÃO,Notícia não é sobre política brasileira,https://agenciabrasil.ebc.com.br/economia/noticia/2024-10/empresas-e-mei-podem-regularizar-dividas-com-simples-ate-esta-quinta
31/10/2024,Comissão de Educação aprova projeto que proíbe celular em escolas,NÃO,Não foram encontrados indicadores de instabilidade política,https://agenciabrasil.ebc.com.br/educacao/noticia/2024-10/comissao-de-educacao-aprova-projeto-que-proibe-celular-em-escolas
31/10/2024,Caixa conclui pagamento da parcela de outubro do Bolsa Família,NÃO,Notícia não é sobre política brasileira,https://agenciabrasil.ebc.com.br/economia/noticia/2024-10/caixa-conclui-pagamento-da-parcela-de-outubro-do-bolsa-familia
31/10/2024,Botafogo avança e faz final da Libertadores com o Atlético-MG,NÃO,Não foram encontrados indicadores de instabilidade política,https://agenciabrasil.ebc.com.br/esportes/noticia/2024-10/botafogo-avanca-e-faz-final-da-libertadores-com-o-atletico-mg
31/10/2024,Ministros do G20 debatem soluções integradas para desafios da saúde,NÃO,Não foram encontrados indicadores de instabilidade política,https://agenciabrasil.ebc.com.br/saude/noticia/2024-10/ministros-do-g20-debatem-solucoes-integradas-para-desafios-da-saude
31/10/2024,Governo anuncia novas regras para transporte aéreo de pets,NÃO,Não foram encontrados indicadores de instabilidade política,https://agenciabrasil.ebc.com.br/geral/noticia/2024-10/governo-anuncia-novas-regras-para-transporte-aereo-de-pets
31/10/2024,Paes defende fechamento do Santos Dumont durante Cúpula do G20,NÃO,Não foram encontrados indicadores de instabilidade política,https://agenciabrasil.ebc.com.br/geral/noticia/2024-10/paes-defende-fechamento-do-santos-dumont-durante-cupula-do-g20
01/11/2024,Bloco afro Ilê Aiyê completa 50 anos,NÃO,Notícia não é sobre política brasileira,https://agenciabrasil.ebc.com.br/geral/noticia/2024-11/bloco-afro-ile-aiye-completa-50-anos
01/11/2024,"Vitória de Kamala Harris é mais segura para a democracia, diz Lula",NÃO,Não foram encontrados indicadores de instabilidade política,https://agenciabrasil.ebc.com.br/politica/noticia/2024-11/vitoria-de-kamala-harris-e-mais-segura-para-democracia-diz-lula
01/11/2024,Capital paulista recebe novo lote de vacinas contra dengue,NÃO,Notícia não é sobre política brasileira,https://agenciabrasil.ebc.com.br/saude/noticia/2024-11/capital-paulista-recebe-novo-lote-de-vacinas-contra-dengue
01/11/2024,Itamaraty cita “tom ofensivo” em manifestações de venezuelanos,NÃO,Notícia não é sobre política brasileira,https://agenciabrasil.ebc.com.br/politica/noticia/2024-11/itamaraty-cita-tom-ofensivo-em-manifestacoes-de-venezuelanos
01/11/2024,"Dólar sobe para R$ 5,87 e fecha no maior nível em quatro anos",NÃO,Notícia não é sobre política brasileira,https://agenciabrasil.ebc.com.br/economia/noticia/2024-11/dolar-sobe-para-r-587-e-fecha-no-maior-nivel-em-quatro-anos
01/11/2024,Rio contrata novo laboratório após casos de transplantes com HIV,NÃO,Não foram encontrados indicadores de instabilidade política,https://agenciabrasil.ebc.com.br/saude/noticia/2024-11/rio-contrata-novo-laboratorio-apos-casos-de-transplantes-com-hiv
01/11/2024,Anvisa interdita fabricantes de câmaras de bronzeamento na Grande SP,NÃO,Não foram encontrados indicadores de instabilidade política,https://agenciabrasil.ebc.com.br/saude/noticia/2024-11/anvisa-interdita-fabricantes-de-camaras-de-bronzeamento-na-grande-sp
01/11/2024,Justiça proíbe divulgação de informações falsas sobre mamografia,NÃO,Notícia não é sobre política brasileira,https://agenciabrasil.ebc.com.br/justica/noticia/2024-11/justica-proibe-divulgacao-de-informacoes-falsas-sobre-mamografia
01/11/2024,MEC estuda usar Enade como seleção unificada para professores,NÃO,Não foram encontrados indicadores de instabilidade política,https://agenciabrasil.ebc.com.br/educacao/noticia/2024-11/mec-estuda-usar-enade-como-selecao-unificada-para-professores
01/11/2024,Pé-de-Meia Licenciatura pagará mais de R$ 500 para futuros professores,NÃO,Não foram encontrados indicadores de instabilidade política,https://agenciabrasil.ebc.com.br/educacao/noticia/2024-11/pe-de-meia-licenciaturas-pagara-mais-de-r-500-para-futuros-mestres
01/11/2024,Morre menino de 5 anos baleado em Japeri,NÃO,Notícia não é sobre política brasileira,https://agenciabrasil.ebc.com.br/geral/noticia/2024-11/morre-menino-de-5-anos-baleado-em-japeri
01/11/2024,Saúde do professor é o principal desafio da educação em São Paulo,NÃO,Não foram encontrados indicadores de instabilidade política,https://agenciabrasil.ebc.com.br/educacao/noticia/2024-11/saude-do-professor-e-o-principal-desafio-da-educacao-em-sao-paulo
01/11/2024,INSS monta força-tarefa para atender beneficiários com BPC bloqueado,NÃO,Não foram encontrados indicadores de instabilidade política,https://agenciabrasil.ebc.com.br/economia/noticia/2024-11/inss-monta-forca-tarefa-para-atender-beneficiarios-com-bpc-bloqueado
01/11/2024,BNDES lidera ranking de transparência do Tribunal de Contas da União,NÃO,Não foram encontrados indicadores de instabilidade política,https://agenciabrasil.ebc.com.br/economia/noticia/2024-11/bndes-lidera-ranking-de-transparencia-do-tcu
01/11/2024,Bandeira amarela passa a valer hoje e conta de luz ficará mais barata,NÃO,Notícia não é sobre política brasileira,https://agenciabrasil.ebc.com.br/economia/noticia/2024-11/bandeira-amarela-passa-valer-hoje-e-conta-de-luz-ficara-mais-barata
01/11/2024,LeBron James declara apoio a Kamala Harris,NÃO,Não foram encontrados indicadores de instabilidade política,https://agenciabrasil.ebc.com.br/internacional/noticia/2024-11/lebron-james-declara-apoio-kamala-harris
01/11/2024,Rede de aplicação do Enem envolve mais de meio milhão de pessoas,NÃO,Não foram encontrados indicadores de instabilidade política,https://agenciabrasil.ebc.com.br/educacao/noticia/2024-11/rede-de-aplicacao-do-enem-envolve-mais-de-meio-milhao-de-pessoas
01/11/2024,"Sem a presença de Neymar, Dorival convoca seleção para Eliminatórias",NÃO,Não foram encontrados indicadores de instabilidade política,https://agenciabrasil.ebc.com.br/esportes/noticia/2024-11/sem-presenca-de-neymar-dorival-convoca-selecao-para-eliminatorias
01/11/2024,Zezé Motta recebe título de Doutora Honoris Causa da Fiocruz,NÃO,Não foram encontrados indicadores de instabilidade política,https://agenciabrasil.ebc.com.br/cultura/noticia/2024-11/zeze-motta-recebe-titulo-de-doutora-honoris-causa-da-fiocruz
01/11/2024,Maioria das cidades tem baixo índice de desenvolvimento sustentável,NÃO,Não foram encontrados indicadores de instabilidade política,https://agenciabrasil.ebc.com.br/meio-ambiente/noticia/2024-11/maioria-das-cidades-tem-baixo-indice-de-desenvolvimento-sustentavel
01/11/2024,G20: declaração aponta redução de desastres como prioridade global,NÃO,Não foram encontrados indicadores de instabilidade política,https://agenciabrasil.ebc.com.br/meio-ambiente/noticia/2024-11/g20-declaracao-aponta-reducao-de-desastres-como-prioridade-global
01/11/2024,Grande Prêmio do Brasil celebra o legado de Ayrton Senna,NÃO,Notícia não é sobre política brasileira,https://agenciabrasil.ebc.com.br/esportes/noticia/2024-11/grande-premio-do-brasil-celebrara-o-legado-de-ayrton-senna
01/11/2024,"Hoje é Dia: datas, fatos e feriados de novembro de 2024",NÃO,"Notícia sobre evento histórico/comemorativo, não instabilidade atual",https://agenciabrasil.ebc.com.br/geral/noticia/2024-10/hoje-e-dia-datas-fatos-e-feriados-de-novembro-de-2024
01/11/2024,Aeronaves da FAB se chocam durante voo de instrução em Pirassununga,NÃO,Notícia não é sobre política brasileira,https://agenciabrasil.ebc.com.br/geral/noticia/2024-11/aeronaves-da-fab-se-chocam-durante-voo-de-instrucao-em-pirassununga
01/11/2024,Novembro terá três feriados nacionais este ano,NÃO,Não foram encontrados indicadores de instabilidade política,https://agenciabrasil.ebc.com.br/geral/noticia/2024-11/novembro-tera-tres-feriados-nacionais-este-ano
01/11/2024,Procon-SP reforça ações de atendimento para a Black Friday,NÃO,Notícia não é sobre política brasileira,https://agenciabrasil.ebc.com.br/geral/noticia/2024-11/procon-sp-reforca-acoes-de-atendimento-para-black-friday
01/11/2024,Operação da Polícia Civil mira seis torcedores da Mancha Alvi Verde,NÃO,Não foram encontrados indicadores de instabilidade política,https://agenciabrasil.ebc.com.br/esportes/noticia/2024-11/operacao-da-policia-civil-mira-seis-torcedores-da-mancha-alvi-verde
01/11/2024,Afundamento do solo em Maceió: PF indicia 20 pessoas por crimes,NÃO,Não foram encontrados indicadores de instabilidade política,https://agenciabrasil.ebc.com.br/justica/noticia/2024-11/afundamento-do-solo-em-maceio-pf-indicia-20-pessoas-por-crimes
01/11/2024,Dino determina recolhimento de livros acadêmicos discriminatórios,NÃO,Não foram encontrados indicadores de instabilidade política,https://agenciabrasil.ebc.com.br/justica/noticia/2024-11/dino-determina-recolhimento-de-livros-academicos-discriminatorios
01/11/2024,Pré-sal tem recorde de produção em setembro,NÃO,Notícia não é sobre política brasileira,https://agenciabrasil.ebc.com.br/economia/noticia/2024-11/pre-sal-tem-recorde-de-producao-em-setembro
01/11/2024,Vacinação contra a poliomielite será retomada sábado no norte de Gaza,NÃO,Notícia não é sobre política brasileira,https://agenciabrasil.ebc.com.br/internacional/noticia/2024-11/vacinacao-contra-poliomielite-sera-retomada-sabado-no-norte-de-gaza
01/11/2024,InfoGripe indica manutenção de queda de casos de covid-19,NÃO,Notícia não é sobre política brasileira,https://agenciabrasil.ebc.com.br/saude/noticia/2024-11/infogripe-indica-manutencao-de-queda-de-casos-de-covid-19
01/11/2024,Novembro terá chuvas e calor em excesso em algumas regiões do país,NÃO,Notícia não é sobre política brasileira,https://agenciabrasil.ebc.com.br/geral/noticia/2024-11/novembro-tera-chuvas-e-calor-em-excesso-em-algumas-regioes-do-pais
01/11/2024,Mutirão de renegociação de dívidas com bancos começa nesta sexta,NÃO,Não foram encontrados indicadores de instabilidade política,https://agenciabrasil.ebc.com.br/economia/noticia/2024-11/mutirao-de-renegociacao-de-dividas-com-bancos-comeca-nesta-sexta
01/11/2024,Novas regras da Caixa para financiamento de imóveis entram em vigor,NÃO,Não foram encontrados indicadores de instabilidade política,https://agenciabrasil.ebc.com.br/economia/noticia/2024-11/novas-regras-de-financiamento-de-imoveis-da-caixa-entram-em-vigor
01/11/2024,TCE do Rio determina que estado suspenda pagamentos a PCS Saleme,NÃO,Não foram encontrados indicadores de instabilidade política,https://agenciabrasil.ebc.com.br/saude/noticia/2024-11/tce-determina-que-estado-suspenda-pagamentos-pcs-saleme
01/11/2024,Enem: cursos populares são oportunidade para alunos de baixa renda,NÃO,Não foram encontrados indicadores de instabilidade política,https://agenciabrasil.ebc.com.br/educacao/noticia/2024-11/enem-cursos-populares-sao-oportunidade-para-alunos-de-baixa-renda
01/11/2024,Influenciadores são alvo de operação no RJ por esquema ilegal de rifas,NÃO,Notícia não é sobre política brasileira,https://agenciabrasil.ebc.com.br/geral/noticia/2024-11/influenciadores-sao-alvo-de-operacao-no-rj-por-esquema-ilegal-de-rifas
01/11/2024,Número de mortos em enchentes na Espanha chega a 205,NÃO,Não foram encontrados indicadores de instabilidade política,https://agenciabrasil.ebc.com.br/internacional/noticia/2024-11/numero-de-mortos-em-enchentes-na-espanha-chega-205
01/11/2024,"Indústria cresce 1,1% em setembro, revela pesquisa do IBGE",NÃO,Notícia não é sobre política brasileira,https://agenciabrasil.ebc.com.br/economia/noticia/2024-11/industria-cresce-11-em-setembro-revela-pesquisa-do-ibge
01/11/2024,"Dívida Pública Federal cai 1,25% em setembro para R$ 6,948 tri",NÃO,Não foram encontrados indicadores de instabilidade política,https://agenciabrasil.ebc.com.br/economia/noticia/2024-11/divida-publica-federal-cai-125-em-setembro-para-r-6948-tri
01/11/2024,Correios lançam campanha para atender vendas da Black Friday,NÃO,Não foram encontrados indicadores de instabilidade política,https://agenciabrasil.ebc.com.br/economia/noticia/2024-11/correios-lancam-campanha-para-atender-vendas-da-black-friday
01/11/2024,G20: ministros da Saúde aprovam declarações e coalizão por inovação,NÃO,Notícia não é sobre política brasileira,https://agenciabrasil.ebc.com.br/saude/noticia/2024-11/g20-ministros-da-saude-aprovam-declaracoes-e-coalizao-por-inovacao
01/11/2024,Redação do Enem: dicas para tirar nota 1.000,NÃO,Não foram encontrados indicadores de instabilidade política,https://agenciabrasil.ebc.com.br/educacao/noticia/2024-11/redacao-do-enem-dicas-para-tirar-nota-1000
01/11/2024,Festa Literária movimentará Maricá com escritores de destaque,NÃO,Não foram encontrados indicadores de instabilidade política,https://agenciabrasil.ebc.com.br/cultura/noticia/2024-10/festa-literaria-movimentara-marica-com-escritores-de-destaque
01/11/2024,Mega-Sena sorteia nesta sexta-feira prêmio acumulado em R$ 105 milhões,NÃO,Notícia não é sobre política brasileira,https://agenciabrasil.ebc.com.br/geral/noticia/2024-10/mega-sena-sorteia-nesta-sexta-feira-premio-acumulado-em-r-105-milhoes
01/11/2024,Regras do Pix mudam a partir desta sexta-feira,NÃO,Não foram encontrados indicadores de instabilidade política,https://agenciabrasil.ebc.com.br/economia/noticia/2024-10/regras-do-pix-mudam-partir-desta-sexta-feira
01/11/2024,"MP analisará ""discrepância"" de penas de Élcio e Ronnie",NÃO,Notícia não é sobre política brasileira,https://agenciabrasil.ebc.com.br/justica/noticia/2024-10/mp-analisara-discrepancia-de-penas-de-elcio-queiroz-e-ronnie-lessa
01/11/2024,Anielle sobre condenação: “Era a dor guardada no peito e no coração”,NÃO,Não foram encontrados indicadores de instabilidade política,https://agenciabrasil.ebc.com.br/justica/noticia/2024-10/anielle-sobre-condenacao-era-dor-guardada-no-peito-e-no-coracao
02/11/2024,Preço de enterros triplica após concessão de cemitérios em SP,NÃO,Não foram encontrados indicadores de instabilidade política,https://agenciabrasil.ebc.com.br/geral/noticia/2024-11/preco-de-enterros-triplica-apos-concessao-de-cemiterios-em-sp
02/11/2024,Chuva forte em SP faz F1 adiar sessão classificatória para domingo,NÃO,Notícia não é sobre política brasileira,https://agenciabrasil.ebc.com.br/esportes/noticia/2024-11/chuva-forte-em-sp-faz-f1-adiar-sessao-classificatoria-para-domingo
02/11/2024,Série B: vice-líder Novorizontino bate Chape a três rodadas do fim,NÃO,Notícia não é sobre política brasileira,https://agenciabrasil.ebc.com.br/esportes/noticia/2024-11/serie-b-vice-lider-novorizontino-bate-chape-tres-rodadas-do-fim
02/11/2024,Unesco: cerca de 85% dos assassinatos de jornalistas passam impunes,NÃO,Não foram encontrados indicadores de instabilidade política,https://agenciabrasil.ebc.com.br/internacional/noticia/2024-11/unesco-cerca-de-85-dos-assassinatos-de-jornalistas-passam-impunes
02/11/2024,Histórias de vida em formato de cordel são tema de exposição em SP,NÃO,Notícia não é sobre política brasileira,https://agenciabrasil.ebc.com.br/cultura/noticia/2024-11/historias-de-vida-em-formato-de-cordel-sao-tema-de-exposicao-em-sp
02/11/2024,Cidade de São Paulo está em estado de atenção para alagamentos,NÃO,Não foram encontrados indicadores de instabilidade política,https://agenciabrasil.ebc.com.br/geral/noticia/2024-11/cidade-de-sao-paulo-esta-em-estado-de-atencao-para-alagamentos
02/11/2024,Domingo de Enem tem previsão de chuva em várias partes do país,NÃO,Não foram encontrados indicadores de instabilidade política,https://agenciabrasil.ebc.com.br/geral/noticia/2024-11/domingo-de-enem-tem-previsao-de-chuva-em-varias-parte-do-pais
02/11/2024,Pelo menos 17 capitais terão passe livre para inscritos no Enem,NÃO,Não foram encontrados indicadores de instabilidade política,https://agenciabrasil.ebc.com.br/educacao/noticia/2024-11/pelo-menos-17-capitais-terao-passe-livre-para-inscritos-no-enem
02/11/2024,Bancos devolveram ao INSS quase R$ 8 bi em benefícios não sacados,NÃO,Não foram encontrados indicadores de instabilidade política,https://agenciabrasil.ebc.com.br/economia/noticia/2024-11/bancos-devolveram-ao-inss-quase-r-8-bi-em-beneficios-nao-sacados
02/11/2024,Lula visitará sala de monitoramento do Enem neste domingo,NÃO,Não foram encontrados indicadores de instabilidade política,https://agenciabrasil.ebc.com.br/educacao/noticia/2024-11/lula-visitara-sala-de-monitoramento-do-enem-neste-domingo
02/11/2024,COP16 termina com atraso e sem acordo sobre formas de financiamento,NÃO,Não foram encontrados indicadores de instabilidade política,https://agenciabrasil.ebc.com.br/internacional/noticia/2024-11/cop16-termina-com-atraso-e-sem-acordo-sobre-formas-de-financiamento
02/11/2024,"Judoca Luiz Onmura, medalhista olímpico em 1984, morre aos 64 anos",NÃO,Não foram encontrados indicadores de instabilidade política,https://agenciabrasil.ebc.com.br/esportes/noticia/2024-11/judoca-luiz-onmura-medalhista-olimpico-em-1984-morre-aos-64-anos
02/11/2024,Bombeiros encerram trabalhos três dias após incêndio na região do Brás,NÃO,Não foram encontrados indicadores de instabilidade política,https://agenciabrasil.ebc.com.br/geral/noticia/2024-11/bombeiros-encerram-trabalhos-tres-dias-apos-incendio-na-regiao-do-bras
02/11/2024,Foguete lançado do Líbano deixa pelo menos 19 feridos em Israel,NÃO,"Notícia sobre outro país, não instabilidade política brasileira",https://agenciabrasil.ebc.com.br/internacional/noticia/2024-11/foguete-lancado-do-libano-deixa-pelo-menos-19-feridos-em-israel
02/11/2024,TV Brasil transmite quatro duelos da 35ª rodada do Brasileirão Série B,NÃO,Notícia não é sobre política brasileira,https://agenciabrasil.ebc.com.br/esportes/noticia/2024-11/tv-brasil-transmite-quatro-duelos-da-35a-rodada-do-brasileirao-serie-b
02/11/2024,Enem 2024: como saber o local de provas deste domingo,NÃO,Não foram encontrados indicadores de instabilidade política,https://agenciabrasil.ebc.com.br/educacao/noticia/2024-11/enem-2024-como-saber-o-local-de-provas-deste-domingo
02/11/2024,Familiares homenageiam entes queridos em Dia de Finados,NÃO,Não foram encontrados indicadores de instabilidade política,https://agenciabrasil.ebc.com.br/geral/noticia/2024-11/familiares-homenageiam-entes-queridos-em-dia-de-finados
02/11/2024,Rio: 156 pessoas foram baleadas no transporte público desde 2016,NÃO,Não foram encontrados indicadores de instabilidade política,https://agenciabrasil.ebc.com.br/geral/noticia/2024-11/rio-156-pessoas-foram-baleadas-no-transporte-publico-desde-2016
02/11/2024,“Escolas sem paredes” buscam garantir educação em Gaza,NÃO,Não foram encontrados indicadores de instabilidade política,https://agenciabrasil.ebc.com.br/educacao/noticia/2024-11/escolas-sem-paredes-buscam-garantir-educacao-em-gaza
02/11/2024,Pedro Sánchez anuncia ajuda na Espanha; número de mortos chega a 211,NÃO,Não foram encontrados indicadores de instabilidade política,https://agenciabrasil.ebc.com.br/internacional/noticia/2024-11/pedro-sanchez-anuncia-ajuda-na-espanha-numero-de-mortos-chega-211
02/11/2024,Palmeirense suspeito de participar de emboscada a ônibus é preso,NÃO,Notícia não é sobre política brasileira,https://agenciabrasil.ebc.com.br/esportes/noticia/2024-11/palmeirense-suspeito-de-participar-de-emboscada-onibus-e-preso
02/11/2024,Série de Joel Zito sobre cinema africano estreia na TV Brasil,NÃO,Notícia não é sobre política brasileira,https://agenciabrasil.ebc.com.br/cultura/noticia/2024-11/serie-de-joel-zito-sobre-cinema-africano-estreia-na-tv-brasil
02/11/2024,"Finados: ""saudade é pior que pobreza"", diz idosa em situação de rua",NÃO,Não foram encontrados indicadores de instabilidade política,https://agenciabrasil.ebc.com.br/geral/noticia/2024-11/finados-saudade-e-pior-que-pobreza-diz-idosa-em-situacao-de-rua
02/11/2024,Novorizontino visita Chape de olho na liderança da Série B,NÃO,Notícia não é sobre política brasileira,https://agenciabrasil.ebc.com.br/esportes/noticia/2024-11/novorizontino-visita-chape-de-olho-na-lideranca-da-serie-b
02/11/2024,Reunião Global de Educação pede prioridade no financiamento do setor,NÃO,Não foram encontrados indicadores de instabilidade política,https://agenciabrasil.ebc.com.br/educacao/noticia/2024-11/reuniao-global-de-educacao-pede-prioridade-no-financiamento-do-setor
02/11/2024,"Na reta final do Enem, alunos participam de aulões e tentam relaxar",NÃO,Notícia não é sobre política brasileira,https://agenciabrasil.ebc.com.br/educacao/noticia/2024-11/na-reta-final-do-enem-alunos-participam-de-auloes-e-tentam-relaxar
02/11/2024,Nenhuma aposta acerta a Mega-Sena e prêmio vai a R$ 127 milhões,NÃO,Notícia não é sobre política brasileira,https://agenciabrasil.ebc.com.br/geral/noticia/2024-11/nenhuma-aposta-acerta-mega-sena-e-premio-vai-r-127-milhoes
03/11/2024,"Estudantes aprovam tema da redação do Enem, mas acham prova cansativa",NÃO,Notícia não é sobre política brasileira,https://agenciabrasil.ebc.com.br/educacao/noticia/2024-11/alunos-aprovam-tema-da-redacao-do-enem-mas-acham-prova-cansativa
03/11/2024,"Enem 2024: tema da redação é atual e apropriado, avaliam professores",NÃO,Não foram encontrados indicadores de instabilidade política,https://agenciabrasil.ebc.com.br/educacao/noticia/2024-11/enem-2024-tema-da-redacao-atual-e-apropriado-avaliam-professores
03/11/2024,Copa do Brasil: Flamengo faz 3 a 1 no Atlético-MG em 1º jogo da final,NÃO,Notícia não é sobre política brasileira,https://agenciabrasil.ebc.com.br/esportes/noticia/2024-11/copa-do-brasil-flamengo-faz-3-1-no-atletico-mg-em-1o-jogo-da-final
03/11/2024,Candidatos têm boa impressão do primeiro dia de provas do Enem 2024,NÃO,Notícia não é sobre política brasileira,https://agenciabrasil.ebc.com.br/educacao/noticia/2024-11/candidatos-tem-boa-impressao-da-primeira-avaliacao-do-enem-2024
03/11/2024,Paulistão Feminino: Corinthians vence São Paulo em 1º jogo da semi,NÃO,Notícia não é sobre política brasileira,https://agenciabrasil.ebc.com.br/esportes/noticia/2024-11/paulistao-feminino-corinthians-vence-sao-paulo-em-1o-jogo-da-semi
03/11/2024,"Fórmula 1: Verstappen vence GP de São Paulo, após largar em 17º lugar",NÃO,Não foram encontrados indicadores de instabilidade política,https://agenciabrasil.ebc.com.br/esportes/noticia/2024-11/formula-1-verstappen-vence-gp-de-sao-paulo-apos-largar-em-17o-lugar
03/11/2024,Lula: maioria jovem no Enem demonstra compromisso com o futuro,NÃO,Não foram encontrados indicadores de instabilidade política,https://agenciabrasil.ebc.com.br/educacao/noticia/2024-11/lula-maioria-jovem-no-enem-demonstra-compromisso-com-o-futuro
03/11/2024,Tema da redação do Enem 2024 aborda valorização da herança africana,NÃO,Não foram encontrados indicadores de instabilidade política,https://agenciabrasil.ebc.com.br/educacao/noticia/2024-11/tema-da-redacao-do-enem-2024
03/11/2024,Protestos na Espanha interrompem visita do rei em área com enchentes,NÃO,Não foram encontrados indicadores de instabilidade política,https://agenciabrasil.ebc.com.br/internacional/noticia/2024-11/protestos-na-espanha-interrompem-visita-do-rei-em-area-com-enchentes
03/11/2024,Capital paulista tem previsão de chuva forte para o período da tarde,NÃO,Não foram encontrados indicadores de instabilidade política,https://agenciabrasil.ebc.com.br/geral/noticia/2024-11/sao-paulo-tem-dia-chuvoso
03/11/2024,Enem reúne estreantes e veteranos entre milhões de candidatos,NÃO,Notícia não é sobre política brasileira,https://agenciabrasil.ebc.com.br/educacao/noticia/2024-11/enem-reune-estreantes-e-veteranos-entre-milhoes-de-candidatos
03/11/2024,Haddad cancela viagem à Europa,NÃO,Notícia não é sobre política brasileira,https://agenciabrasil.ebc.com.br/economia/noticia/2024-11/haddad-cancela-viagem-europa
03/11/2024,Enem 2024: portões são fechados em todo o Brasil,NÃO,Notícia não é sobre política brasileira,https://agenciabrasil.ebc.com.br/educacao/noticia/2024-11/enem-2024-portoes-sao-fechados-em-todo-o-brasil
03/11/2024,Entenda o processo eleitoral dos Estados Unidos,NÃO,"Notícia sobre outro país, não instabilidade política brasileira",https://agenciabrasil.ebc.com.br/internacional/noticia/2024-11/entenda-o-processo-eleitoral-dos-estados-unidos
03/11/2024,Estudantes começam a entrar nos locais de prova do Enem,NÃO,Notícia não é sobre política brasileira,https://agenciabrasil.ebc.com.br/educacao/noticia/2024-11/estudantes-comecam-entrar-nos-locais-de-prova-do-enem
03/11/2024,Inmet prevê chuvas intensas para hoje e segunda-feira em oito estados,NÃO,Não foram encontrados indicadores de instabilidade política,https://agenciabrasil.ebc.com.br/geral/noticia/2024-11/inmet-preve-chuvas-intensas-para-hoje-e-segunda-feira-em-oito-estados
03/11/2024,Busca ativa amplia perfil para adoção de crianças e adolescentes,NÃO,Não foram encontrados indicadores de instabilidade política,https://agenciabrasil.ebc.com.br/direitos-humanos/noticia/2024-11/busca-ativa-amplia-perfil-para-adocao-de-criancas-e-adolescentes
03/11/2024,CFM entra na Justiça contra cotas na residência médica,NÃO,Não foram encontrados indicadores de instabilidade política,https://agenciabrasil.ebc.com.br/educacao/noticia/2024-11/cfm-entra-na-justica-contra-cotas-na-residencia-medica
03/11/2024,Lula publica mensagem de incentivo aos participantes do Enem,NÃO,Não foram encontrados indicadores de instabilidade política,https://agenciabrasil.ebc.com.br/educacao/noticia/2024-11/lula-publica-mensagem-de-incentivo-aos-participantes-do-enem
03/11/2024,Novembro Azul: SBU alerta para aumento de casos de câncer de próstata,NÃO,Não foram encontrados indicadores de instabilidade política,https://agenciabrasil.ebc.com.br/saude/noticia/2024-11/novembro-azul-sbu-alerta-para-aumento-de-casos-de-cancer-de-prostata
03/11/2024,Itamar Vieira Junior: desinteresse de brasileiros pelos livros é mito,NÃO,Notícia não é sobre política brasileira,https://agenciabrasil.ebc.com.br/cultura/noticia/2024-11/itamar-vieira-junior-desinteresse-de-brasileiros-pelos-livros-e-mito
03/11/2024,"Mais de 4,3 milhões de candidatos participam hoje do Enem 2024",NÃO,Não foram encontrados indicadores de instabilidade política,https://agenciabrasil.ebc.com.br/educacao/noticia/2024-11/mais-de-43-milhoes-de-candidatos-participam-hoje-do-enem-2024
03/11/2024,Flamengo e Atlético-MG começam a decidir título da Copa do Brasil,NÃO,Notícia não é sobre política brasileira,https://agenciabrasil.ebc.com.br/esportes/noticia/2024-11/flamengo-e-atletico-mg-comecam-decidir-titulo-da-copa-do-brasil
03/11/2024,"Hoje é Dia: Dia das Favelas, do design e do riso são destaques",NÃO,"Notícia sobre evento histórico/comemorativo, não instabilidade atual",https://agenciabrasil.ebc.com.br/geral/noticia/2024-10/hoje-e-dia-dia-das-favelas-do-design-e-do-riso-sao-destaques
04/11/2024,Pacote de corte de gastos será apresentado a ministérios nesta terça,NÃO,Não foram encontrados indicadores de instabilidade política,https://agenciabrasil.ebc.com.br/economia/noticia/2024-11/pacote-de-corte-de-gastos-sera-apresentado-ministerios-nesta-terca
04/11/2024,Órgãos federais buscam fechar cerco a comércio ilícito de tabaco,NÃO,Não foram encontrados indicadores de instabilidade política,https://agenciabrasil.ebc.com.br/saude/noticia/2024-11/orgaos-federais-buscam-fechar-cerco-comercio-ilicito-de-tabaco
04/11/2024,Casa onde Marighella viveu em Salvador será transformada em instituto,SIM,"Indicadores: ditadura militar, ditadura, anistia para golpistas",https://agenciabrasil.ebc.com.br/direitos-humanos/noticia/2024-11/casa-onde-marighella-viveu-em-salvador-sera-transformada-em-instituto
04/11/2024,Justiça condena mulher por injúria contra seguranças de Flávio Dino,NÃO,Não foram encontrados indicadores de instabilidade política,https://agenciabrasil.ebc.com.br/justica/noticia/2024-11/justica-condena-mulher-por-injuria-contra-segurancas-de-flavio-dino
04/11/2024,"Mais de 1,45 mi de famílias passaram a ter dívidas nos últimos anos",NÃO,Não foram encontrados indicadores de instabilidade política,https://agenciabrasil.ebc.com.br/economia/noticia/2024-11/mais-de-145-milhao-de-familias-assumiram-dividas-nos-ultimos-anos
04/11/2024,Bebê brasileira de 1 ano de idade é morta em bombardeio de Israel,NÃO,"Notícia sobre outro país, não instabilidade política brasileira",https://agenciabrasil.ebc.com.br/internacional/noticia/2024-11/bebe-brasileira-de-1-ano-de-idade-e-morta-em-bombardeio-de-israel
04/11/2024,Jogos da Copa do Rei são cancelados após inundações na Espanha,NÃO,Notícia não é sobre política brasileira,https://agenciabrasil.ebc.com.br/esportes/noticia/2024-11/jogos-da-copa-do-rei-sao-cancelados-apos-inundacoes-na-espanha
04/11/2024,"Dólar cai para R$ 5,78 em dia de alívio no mercado",NÃO,Notícia não é sobre política brasileira,https://agenciabrasil.ebc.com.br/economia/noticia/2024-11/dolar-cai-para-r-578-em-dia-de-alivio-no-mercado
04/11/2024,"Morre o fotógrafo Evandro Teixeira, autor de fotos históricas do país",SIM,"Indicadores: golpe militar, ditadura",https://agenciabrasil.ebc.com.br/geral/noticia/2024-11/morre-o-fotografo-evandro-teixeira-autor-de-fotos-historicas-do-pais
04/11/2024,Líderes de favelas querem fundo no G20 para desenvolver comunidades,NÃO,Não foram encontrados indicadores de instabilidade política,https://agenciabrasil.ebc.com.br/geral/noticia/2024-11/lideres-de-favelas-querem-fundo-no-g20-para-desenvolver-comunidades
04/11/2024,Moraes manda Fátima de Tubarão cumprir pena por atos de 8 de janeiro,SIM,"Indicadores: golpe de estado, atos de 8 de janeiro",https://agenciabrasil.ebc.com.br/justica/noticia/2024-11/moraes-manda-fatima-de-tubarao-cumprir-pena-por-atos-de-8-de-janeiro
04/11/2024,Brasil é bronze no Sul-Americano de basquete em cadeira de rodas,NÃO,Notícia não é sobre política brasileira,https://agenciabrasil.ebc.com.br/esportes/noticia/2024-11/brasil-e-bronze-no-sul-americano-de-basquete-em-cadeira-de-rodas
04/11/2024,Consórcio SP+Escolas arremata lote de rede pública paulista,NÃO,Não foram encontrados indicadores de instabilidade política,https://agenciabrasil.ebc.com.br/educacao/noticia/2024-11/consorcio-spescolas-arremata-lote-de-rede-publica-paulista
04/11/2024,"Pacote de corte de gastos deve ser anunciado nesta semana, diz Haddad",NÃO,Não foram encontrados indicadores de instabilidade política,https://agenciabrasil.ebc.com.br/economia/noticia/2024-11/pacote-de-corte-de-gastos-deve-ser-anunciado-nesta-semana-diz-haddad
04/11/2024,Vacina oral contra poliomielite não será mais aplicada no Brasil,NÃO,Notícia não é sobre política brasileira,https://agenciabrasil.ebc.com.br/saude/noticia/2024-11/vacina-oral-contra-poliomielite-nao-sera-mais-aplicada-no-brasil
04/11/2024,Preto Zezé recebe título de cidadão honorário do Rio de Janeiro,NÃO,Não foram encontrados indicadores de instabilidade política,https://agenciabrasil.ebc.com.br/politica/noticia/2024-11/preto-zeze-recebe-titulo-de-cidadao-honorario-do-rio-de-janeiro
04/11/2024,Crédito do BNDES para indústria supera agronegócio,NÃO,Não foram encontrados indicadores de instabilidade política,https://agenciabrasil.ebc.com.br/economia/noticia/2024-11/credito-do-bndes-para-industria-supera-agronegocio
04/11/2024,Enem 2024: saiba quem pode pedir a reaplicação do exame,NÃO,Notícia não é sobre política brasileira,https://agenciabrasil.ebc.com.br/educacao/noticia/2024-11/enem-2024-saiba-quem-pode-pedir-reaplicacao-do-exame
04/11/2024,COP16 cria órgão para atender povos indígenas e quilombolas,NÃO,Notícia não é sobre política brasileira,https://agenciabrasil.ebc.com.br/meio-ambiente/noticia/2024-11/cop16-cria-orgao-para-atender-povos-indigenas-e-quilombolas
04/11/2024,Governo processa TikTok por tratamento irregular de dados de crianças,NÃO,Não foram encontrados indicadores de instabilidade política,https://agenciabrasil.ebc.com.br/geral/noticia/2024-11/governo-processa-tik-tok-por-tratamento-irregular-de-dados-de-criancas
04/11/2024,"Aos 86 anos, morre em São Paulo o artista Agnaldo Rayol",NÃO,Não foram encontrados indicadores de instabilidade política,https://agenciabrasil.ebc.com.br/cultura/noticia/2024-11/aos-86-anos-morre-em-sao-paulo-o-artista-agnaldo-rayol
04/11/2024,PF conclui inquérito sobre assassinato de Bruno Pereira e Dom Philips,NÃO,Não foram encontrados indicadores de instabilidade política,https://agenciabrasil.ebc.com.br/justica/noticia/2024-11/pf-conclui-inquerito-sobre-assassinato-de-bruno-pereira-e-dom-philips
04/11/2024,Vulcão no leste da Indonésia entra em erupção e mata 10 pessoas,NÃO,Não foram encontrados indicadores de instabilidade política,https://agenciabrasil.ebc.com.br/internacional/noticia/2024-11/vulcao-no-leste-da-indonesia-entra-em-erupcao-e-mata-10-pessoas
04/11/2024,Israel reivindica morte de comandante do Hezbollah no sul do Líbano,NÃO,"Notícia sobre outro país, não instabilidade política brasileira",https://agenciabrasil.ebc.com.br/internacional/noticia/2024-11/israel-reivindica-morte-de-comandante-do-hezbollah-no-sul-do-libano
04/11/2024,Seca: governo paga auxílio para pescadores da Região Norte,NÃO,Não foram encontrados indicadores de instabilidade política,https://agenciabrasil.ebc.com.br/direitos-humanos/noticia/2024-11/seca-governo-paga-auxilio-para-pescadores-da-regiao-norte
04/11/2024,Rio de Janeiro terá calor normal e chuvas acima da média no fim do ano,NÃO,Notícia não é sobre política brasileira,https://agenciabrasil.ebc.com.br/geral/noticia/2024-11/Rio-de-Janeiro-ter%C3%A1-calor-normal-e%20chuvas-acima-da-m%C3%A9dia-no-fim-do-ano
04/11/2024,"Em semana de Copom, mercado eleva previsões para taxa de juros",NÃO,Não foram encontrados indicadores de instabilidade política,https://agenciabrasil.ebc.com.br/economia/noticia/2024-11/em-semana-de-copom-mercado-eleva-previsoes-para-taxa-de-juros
04/11/2024,Tempestade em Barcelona afeta 50 voos,NÃO,Não foram encontrados indicadores de instabilidade política,https://agenciabrasil.ebc.com.br/internacional/noticia/2024-11/tempestade-em-barcelona-afeta-50-voos
04/11/2024,CNU: sai resultado da prova de títulos,NÃO,Não foram encontrados indicadores de instabilidade política,https://agenciabrasil.ebc.com.br/educacao/noticia/2024-11/cnu-sai-resultado-da-prova-de-titulos
04/11/2024,"Morre aos 91 anos Quincy Jones, lenda do pop e do jazz norte-americano",NÃO,Não foram encontrados indicadores de instabilidade política,https://agenciabrasil.ebc.com.br/internacional/noticia/2024-11/morre-aos-91-anos-quincy-jones-lenda-do-pop-e-do-jazz-norte-americano
04/11/2024,Espanha envia 7.500 soldados para região inundada,NÃO,Não foram encontrados indicadores de instabilidade política,https://agenciabrasil.ebc.com.br/internacional/noticia/2024-11/espanha-envia-7500-soldados-para-regiao-inundada
04/11/2024,Representantes de favelas indicam desafios para o G20,NÃO,Não foram encontrados indicadores de instabilidade política,https://agenciabrasil.ebc.com.br/internacional/noticia/2024-11/representantes-de-favelas-indicam-desafios-para-o-g20
04/11/2024,Contratações do setor industrial têm salto de 75% e jovens são maioria,NÃO,Notícia não é sobre política brasileira,https://agenciabrasil.ebc.com.br/economia/noticia/2024-11/contratacoes-do-setor-industrial-tem-salto-de-75-e-jovens-sao-maioria
04/11/2024,"Índice de abstenção no primeiro dia do Enem cai para 26,6%",NÃO,Não foram encontrados indicadores de instabilidade política,https://agenciabrasil.ebc.com.br/educacao/noticia/2024-11/indice-de-abstencao-no-primeiro-dia-do-Enem-cai-para-26-6
04/11/2024,Ceará bate Avaí e segue com chance de retornar à Série A do Brasileiro,NÃO,Notícia não é sobre política brasileira,https://agenciabrasil.ebc.com.br/esportes/noticia/2024-11/ceara-bate-avai-e-segue-com-chance-de-retornar-serie-do-brasileiro
05/11/2024,Mega-Sena acumula novamente e prêmio vai a R$ 140 milhões,NÃO,Notícia não é sobre política brasileira,https://agenciabrasil.ebc.com.br/geral/noticia/2024-11/mega-sena-acumula-novamente-e-premio-vai-r-140-milhoes
05/11/2024,Mais de 13 mi usam ferramenta de segurança em contas gov.br,NÃO,Não foram encontrados indicadores de instabilidade política,https://agenciabrasil.ebc.com.br/geral/noticia/2024-11/mais-de-13-mi-usam-ferramenta-de-seguranca-em-contas-govbr
05/11/2024,"Taxa de juros elevada segura consumidores em inadimplência, diz CNC",NÃO,Não foram encontrados indicadores de instabilidade política,https://agenciabrasil.ebc.com.br/economia/noticia/2024-11/cnc-taxa-de-juros-elevada-segura-consumidores-em-inadimplencia
05/11/2024,Itamaraty nega suspensão de voos de repatriação do Líbano,NÃO,Não foram encontrados indicadores de instabilidade política,https://agenciabrasil.ebc.com.br/internacional/noticia/2024-11/itamaraty-nega-suspensao-de-voos-de-repatriacao-do-libano
05/11/2024,Calderano vence estreia e vai às oitavas do WTT Champions na Alemanha,NÃO,Notícia não é sobre política brasileira,https://agenciabrasil.ebc.com.br/esportes/noticia/2024-11/calderano-vence-estreia-e-vai-oitavas-do-wtt-champions-na-alemanha
05/11/2024,STF ouve especialistas sobre redução de ICMS para agrotóxicos,NÃO,Não foram encontrados indicadores de instabilidade política,https://agenciabrasil.ebc.com.br/justica/noticia/2024-11/stf-ouve-especialistas-sobre-reducao-de-icms-para-agrotoxicos
05/11/2024,Alckmin alerta para vídeo falso com sua imagem nas redes sociais,NÃO,Não foram encontrados indicadores de instabilidade política,https://agenciabrasil.ebc.com.br/politica/noticia/2024-11/alckmin-alerta-para-video-falso-com-sua-imagem-nas-redes-sociais
05/11/2024,BNDES lança serviço que agiliza crédito a micro e pequenas empresas,NÃO,Notícia não é sobre política brasileira,https://agenciabrasil.ebc.com.br/economia/noticia/2024-11/bndes-lanca-servico-que-agiliza-credito-micro-e-pequenas-empresas
05/11/2024,Vítimas da lama da Samarco vão ao STF contra cláusulas de novo acordo,NÃO,Não foram encontrados indicadores de instabilidade política,https://agenciabrasil.ebc.com.br/meio-ambiente/noticia/2024-11/vitimas-da-lama-da-samarco-vao-ao-stf-contra-clausulas-de-novo-acordo
05/11/2024,Funarte voltará a funcionar no Palácio Capanema até o fim do mês,NÃO,Não foram encontrados indicadores de instabilidade política,https://agenciabrasil.ebc.com.br/cultura/noticia/2024-11/funarte-voltara-funcionar-no-palacio-capanema-ate-o-fim-do-mes-0
05/11/2024,CNJ lança painel de acompanhamento de processos sobre racismo,NÃO,Não foram encontrados indicadores de instabilidade política,https://agenciabrasil.ebc.com.br/justica/noticia/2024-11/cnj-lanca-painel-de-acompanhamento-de-processos-sobre-racismo
05/11/2024,"Estudo aponta redução de 14,6% no trabalho infantil no Brasil, em 2023",NÃO,Não foram encontrados indicadores de instabilidade política,https://agenciabrasil.ebc.com.br/direitos-humanos/noticia/2024-11/estudo-aponta-reducao-de-146-no-trabalho-infantil-no-brasil-em-2023
05/11/2024,Netanyahu demite ministro da Defesa alegando falta de confiança,NÃO,Não foram encontrados indicadores de instabilidade política,https://agenciabrasil.ebc.com.br/internacional/noticia/2024-11/netanyahu-demite-ministro-da-defesa-alegando-falta-de-confianca
05/11/2024,Boneco com foto de Rogério Ceni é pendurado em viaduto em Salvador,NÃO,Notícia não é sobre política brasileira,https://agenciabrasil.ebc.com.br/esportes/noticia/2024-11/boneco-com-foto-de-rogerio-ceni-e-pendurado-em-viaduto-em-salvador
05/11/2024,Deputada Carol Dartora diz que sofreu ataque racista e ameaça de morte,POSSIVEL,Indicador único: violência política,https://agenciabrasil.ebc.com.br/direitos-humanos/noticia/2024-11/deputada-negra-diz-que-sofreu-ataques-racistas-e-ameaca-de-morte
05/11/2024,Barroso diz que há déficit de representatividade negra na magistratura,NÃO,Não foram encontrados indicadores de instabilidade política,https://agenciabrasil.ebc.com.br/justica/noticia/2024-11/barroso-diz-que-ha-deficit-de-representatividade-negra-na-magistratura
05/11/2024,"Consumo de álcool causa 12 mortes por hora no país, diz Fiocruz",NÃO,Notícia não é sobre política brasileira,https://agenciabrasil.ebc.com.br/saude/noticia/2024-11/consumo-de-alcool-causa-12-mortes-por-hora-no-pais-diz-fiocruz
05/11/2024,Investimentos na cultura têm recorde; Lei Rouanet soma R$ 3 bilhões,NÃO,Notícia não é sobre política brasileira,https://agenciabrasil.ebc.com.br/cultura/noticia/2024-11/investimentos-na-cultura-tem-recorde-lei-rouanet-soma-r-3-bilhoes
05/11/2024,Familiares e amigos dão o último adeus ao fotógrafo Evandro Teixeira,NÃO,Não foram encontrados indicadores de instabilidade política,https://agenciabrasil.ebc.com.br/geral/noticia/2024-11/familiares-e-amigos-dao-o-ultimo-adeus-ao-fotografo-evandro-teixeira
05/11/2024,Brasil participa de estudo internacional sobre educação infantil,NÃO,Não foram encontrados indicadores de instabilidade política,https://agenciabrasil.ebc.com.br/educacao/noticia/2024-11/brasil-participa-de-estudo-internacional-sobre-educacao-infantil
05/11/2024,Seis em cada dez negros sofreram discriminação no último ano,NÃO,Não foram encontrados indicadores de instabilidade política,https://agenciabrasil.ebc.com.br/direitos-humanos/noticia/2024-11/seis-em-cada-dez-negros-sofreram-discriminacao-no-ultimo-ano
05/11/2024,Ministra Cármen Lúcia e TV Brasil são alvos de notícias falsas,NÃO,Não foram encontrados indicadores de instabilidade política,https://agenciabrasil.ebc.com.br/justica/noticia/2024-11/ministra-carmen-lucia-e-tv-brasil-sao-alvos-de-noticias-falsas
05/11/2024,G9: indígenas defendem demarcação para reduzir danos climáticos,NÃO,Não foram encontrados indicadores de instabilidade política,https://agenciabrasil.ebc.com.br/meio-ambiente/noticia/2024-11/g9-indigenas-defendem-demarcacao-para-reduzir-danos-climaticos
05/11/2024,Exposição no Museu do Ipiranga reflete sobre emergência climática,NÃO,Notícia não é sobre política brasileira,https://agenciabrasil.ebc.com.br/cultura/noticia/2024-11/exposicao-no-museu-do-ipiranga-reflete-sobre-emergencia-climatica
05/11/2024,Neymar suspeita que lesão mais recente não passou de uma câimbra,NÃO,Notícia não é sobre política brasileira,https://agenciabrasil.ebc.com.br/esportes/noticia/2024-11/neymar-suspeita-que-lesao-mais-recente-nao-passou-de-uma-caimbra
05/11/2024,Cidade do Rio vacina trabalhadores do turismo contra sarampo,NÃO,Não foram encontrados indicadores de instabilidade política,https://agenciabrasil.ebc.com.br/saude/noticia/2024-11/cidade-do-rio-vacina-trabalhadores-do-turismo-contra-sarampo
05/11/2024,Aeroportos passarão a ter salas especiais para passageiros autistas,NÃO,Não foram encontrados indicadores de instabilidade política,https://agenciabrasil.ebc.com.br/geral/noticia/2024-11/aeroportos-passarao-ter-salas-especiais-para-passageiros-autistas
05/11/2024,Flamengo diz que confia em Bruno Henrique e dará suporte ao atleta,NÃO,Não foram encontrados indicadores de instabilidade política,https://agenciabrasil.ebc.com.br/geral/noticia/2024-11/flamengo-diz-que-confia-em-bruno-henrique-e-dara-suporte-ao-atleta
05/11/2024,CNU: candidato tem até hoje para contestar nota preliminar de títulos,NÃO,Não foram encontrados indicadores de instabilidade política,https://agenciabrasil.ebc.com.br/geral/noticia/2024-11/cnu-candidato-pode-contestar-nota-preliminar-de-titulos-ate-hoje
05/11/2024,Acordo fixa que Samarco indenizará atraso na reconstrução de distritos,NÃO,Não foram encontrados indicadores de instabilidade política,https://agenciabrasil.ebc.com.br/meio-ambiente/noticia/2024-11/acordo-fixa-que-samarco-indenizara-atraso-na-reconstrucao-de-distritos
05/11/2024,Caso Samarco: novo acordo pode afetar ação inglesa; agenda não muda,NÃO,Não foram encontrados indicadores de instabilidade política,https://agenciabrasil.ebc.com.br/meio-ambiente/noticia/2024-11/caso-samarco-novo-acordo-pode-afetar-acao-inglesa-agenda-nao-muda
05/11/2024,Caso Samarco: criação de fundos busca destravar reparação após 9 anos,NÃO,Notícia não é sobre política brasileira,https://agenciabrasil.ebc.com.br/meio-ambiente/noticia/2024-11/caso-samarco-criacao-de-fundos-busca-destravar-reparacao-apos-9-anos
05/11/2024,Delegado da PF é confirmado no comando da Interpol,NÃO,Não foram encontrados indicadores de instabilidade política,https://agenciabrasil.ebc.com.br/geral/noticia/2024-11/delegado-da-pf-e-confirmado-no-comando-da-interpol
05/11/2024,Rádio Nacional transmite clássicos do Campeonato Brasileiro,NÃO,Notícia não é sobre política brasileira,https://agenciabrasil.ebc.com.br/esportes/noticia/2024-11/radio-nacional-transmite-classicos-do-campeonato-brasileiro
05/11/2024,Décimo voo da FAB com 213 repatriados do Líbano chega a São Paulo,NÃO,Não foram encontrados indicadores de instabilidade política,https://agenciabrasil.ebc.com.br/internacional/noticia/2024-11/decimo-voo-da-fab-com-213-repatriados-do-libano-chega-sao-paulo
05/11/2024,Governo espanhol declara Valência área gravemente afetada por temporal,NÃO,Não foram encontrados indicadores de instabilidade política,https://agenciabrasil.ebc.com.br/internacional/noticia/2024-11/governo-espanhol-declara-valencia-area-gravemente-afetada-por-temporal
05/11/2024,PF investiga suposto envolvimento de jogador com manipulação em aposta,NÃO,Notícia não é sobre política brasileira,https://agenciabrasil.ebc.com.br/geral/noticia/2024-11/pf-investiga-suposto-envolvimento-de-jogador-com-manipulacao-em-aposta
05/11/2024,Resultado das eleições definirá política externa dos Estados Unidos,NÃO,"Notícia sobre outro país, não instabilidade política brasileira",https://agenciabrasil.ebc.com.br/internacional/noticia/2024-11/resultado-das-eleicoes-definira-politica-externa-dos-eua
05/11/2024,Marilena Chauí discute democracia e mundo digital no DR com Demori,NÃO,Não foram encontrados indicadores de instabilidade política,https://agenciabrasil.ebc.com.br/geral/noticia/2024-11/marilena-chaui-discute-democracia-mundo-digital-no-dr-com-demori
05/11/2024,Mega-Sena sorteia nesta terça-feira prêmio acumulado em R$ 127 milhões,NÃO,Notícia não é sobre política brasileira,https://agenciabrasil.ebc.com.br/geral/noticia/2024-11/mega-sena-sorteia-nesta-terca-feira-premio-acumulado-em-r-127-milhoes
05/11/2024,Começa hoje Semana Nacional de Ciência e Tecnologia,NÃO,Não foram encontrados indicadores de instabilidade política,https://agenciabrasil.ebc.com.br/meio-ambiente/noticia/2024-11/comeca-hoje-semana-nacional-de-ciencia-e-tecnologia
05/11/2024,Kamala ou Trump: EUA decidem nesta terça vencedor da eleição,NÃO,"Notícia sobre outro país, não instabilidade política brasileira",https://agenciabrasil.ebc.com.br/internacional/noticia/2024-11/kamala-ou-trump-eua-decidem-nesta-terca-vencedor-da-eleicao
05/11/2024,Série B: Paysandu supera Ponte Preta de virada por 2 a 1,NÃO,Notícia não é sobre política brasileira,https://agenciabrasil.ebc.com.br/esportes/noticia/2024-11/serie-b-paysandu-supera-ponte-preta-de-virada-por-2-1
05/11/2024,Agência Brasil vence 4º Prêmio Einstein+Admirados de Saúde,NÃO,Não foram encontrados indicadores de instabilidade política,https://agenciabrasil.ebc.com.br/saude/noticia/2024-11/agencia-brasil-vence-4o-premio-einsteinadmirados-de-saude
05/11/2024,Corinthians vence clássico com o Palmeiras para se afastar do Z4,NÃO,Notícia não é sobre política brasileira,https://agenciabrasil.ebc.com.br/esportes/noticia/2024-11/corinthians-vence-classico-com-o-palmeiras-para-se-afastar-do-z4
06/11/2024,"Após cinco anos de aumento, desmatamento no Cerrado tem queda",NÃO,Não foram encontrados indicadores de instabilidade política,https://agenciabrasil.ebc.com.br/meio-ambiente/noticia/2024-11/apos-cinco-anos-de-aumento-desmatamento-no-cerrado-tem-queda
06/11/2024,"Desmatamento na Amazônia cai 30,6% em um ano",NÃO,Não foram encontrados indicadores de instabilidade política,https://agenciabrasil.ebc.com.br/meio-ambiente/noticia/2024-11/desmatamento-na-amazonia-cai-306-com-menor-area-desmatada-desde-2015
06/11/2024,Petrobras não vai mais colocar à venda subsidiária de biocombustíveis,NÃO,Notícia não é sobre política brasileira,https://agenciabrasil.ebc.com.br/economia/noticia/2024-11/petrobras-nao-vai-mais-colocar-venda-subsidiaria-de-biocombustiveis
06/11/2024,Sauber contrata Gabriel Bortoleto para temporadas 2025 e 2026,NÃO,Não foram encontrados indicadores de instabilidade política,https://agenciabrasil.ebc.com.br/esportes/noticia/2024-11/sauber-contrata-gabriel-bortoleto-para-temporadas-2025-e-2026
06/11/2024,"Pacote de corte de gastos pode ser anunciado nesta quinta, diz Haddad",NÃO,Não foram encontrados indicadores de instabilidade política,https://agenciabrasil.ebc.com.br/economia/noticia/2024-11/pacote-de-corte-de-gastos-pode-ser-anunciado-nesta-quinta-diz-haddad
06/11/2024,"Kamala Harris reconhece derrota, mas promete continuar lutando",NÃO,Não foram encontrados indicadores de instabilidade política,https://agenciabrasil.ebc.com.br/internacional/noticia/2024-11/kamala-harris-reconhece-derrota-mas-promete-continuar-lutando
06/11/2024,Ministério do Esporte lança campanha para promover paz no futebol,NÃO,Notícia não é sobre política brasileira,https://agenciabrasil.ebc.com.br/esportes/noticia/2024-11/ministerio-do-esporte-lanca-campanha-para-promover-paz-no-futebol
06/11/2024,Entidades criticam elevação dos juros básicos da economia,NÃO,Não foram encontrados indicadores de instabilidade política,https://agenciabrasil.ebc.com.br/economia/noticia/2024-11/entidades-criticam-elevacao-de-juros-basicos
06/11/2024,Recuperações judiciais de empresas aumentam no terceiro trimestre,NÃO,Notícia não é sobre política brasileira,https://agenciabrasil.ebc.com.br/economia/noticia/2024-11/recuperacoes-judiciais-de-empresas-aumentam-no-terceiro-trimestre
06/11/2024,STF valida emenda que flexibilizou regime de contratação de servidores,NÃO,Não foram encontrados indicadores de instabilidade política,https://agenciabrasil.ebc.com.br/justica/noticia/2024-11/stf-valida-emenda-que-flexibilizou-regime-de-contratacao-de-servidores
06/11/2024,"Procon-SP multa Enel em mais R$ 13,3 milhões",NÃO,Notícia não é sobre política brasileira,https://agenciabrasil.ebc.com.br/geral/noticia/2024-11/procon-sp-multa-enel-em-mais-r-133-milhoes
06/11/2024,Rogério Andrade será transferido para presídio federal em MS,NÃO,Não foram encontrados indicadores de instabilidade política,https://agenciabrasil.ebc.com.br/justica/noticia/2024-11/rogerio-andrade-sera-transferido-para-presidio-federal-em-ms
06/11/2024,Black Friday: maioria dos consumidores deve gastar de R$ 201 a R$ 500,NÃO,Notícia não é sobre política brasileira,https://agenciabrasil.ebc.com.br/economia/noticia/2024-11/black-friday-maioria-dos-consumidores-deve-gastar-de-r-201-r-500
06/11/2024,STF adia decisão sobre lei que impõe restrições para laqueadura,NÃO,Não foram encontrados indicadores de instabilidade política,https://agenciabrasil.ebc.com.br/justica/noticia/2024-11/stf-adia-decisao-sobre-lei-que-impoe-restricoes-para-laqueadura
06/11/2024,"Dólar cai para R$ 5,67 no dia do anúncio da eleição de Trump",NÃO,Notícia não é sobre política brasileira,https://agenciabrasil.ebc.com.br/economia/noticia/2024-11/dolar-cai-para-r-567-no-dia-do-anuncio-da-eleicao-de-trump
06/11/2024,Desempenho republicano pode facilitar aprovação de projetos de Trump,NÃO,Não foram encontrados indicadores de instabilidade política,https://agenciabrasil.ebc.com.br/internacional/noticia/2024-11/desempenho-republicano-pode-facilitar-aprovacao-de-projetos-de-trump
06/11/2024,"Copom eleva juros básicos da economia para 11,25% ao ano",NÃO,Não foram encontrados indicadores de instabilidade política,https://agenciabrasil.ebc.com.br/economia/noticia/2024-11/copom-eleva-juros-basicos-da-economia-para-1125-ao-ano
06/11/2024,Chuva forte deixa cidade de São Paulo em estado de alerta,NÃO,Notícia não é sobre política brasileira,https://agenciabrasil.ebc.com.br/geral/noticia/2024-11/chuva-forte-deixa-cidade-de-sao-paulo-em-estado-de-alerta
06/11/2024,Toffoli nega pedido para encerrar processo da Lava Jato contra Cunha,NÃO,Não foram encontrados indicadores de instabilidade política,https://agenciabrasil.ebc.com.br/justica/noticia/2024-11/toffoli-nega-pedido-para-encerrar-processo-da-lava-jato-contra-cunha
06/11/2024,Desvalorização de commodities faz superávit comercial cair em outubro,NÃO,Não foram encontrados indicadores de instabilidade política,https://agenciabrasil.ebc.com.br/economia/noticia/2024-11/desvalorizacao-de-commodities-faz-superavit-comercial-cair-em-outubro
06/11/2024,"Eleição de Trump traz incertezas para o G20, dizem especialistas",NÃO,Não foram encontrados indicadores de instabilidade política,https://agenciabrasil.ebc.com.br/internacional/noticia/2024-11/eleicao-de-trump-traz-incertezas-para-o-g20-dizem-especialistas
06/11/2024,Menino de 4 anos é morto em suposto confronto entre PMs e criminosos,NÃO,Não foram encontrados indicadores de instabilidade política,https://agenciabrasil.ebc.com.br/geral/noticia/2024-11/menino-de-4-anos-e-morto-em-suposto-confronto-entre-pms-e-criminosos
06/11/2024,Agentes de saúde que trabalham com transporte próprio terão auxílio,NÃO,Não foram encontrados indicadores de instabilidade política,https://agenciabrasil.ebc.com.br/saude/noticia/2024-11/agentes-de-saude-que-trabalham-com-transporte-proprio-terao-auxilio
06/11/2024,STF derruba lei que proibia vacinação compulsória contra covid,NÃO,Não foram encontrados indicadores de instabilidade política,https://agenciabrasil.ebc.com.br/justica/noticia/2024-11/stf-derruba-lei-que-proibia-vacinacao-compulsoria-contra-covid
06/11/2024,Brasil tem aumento de até 3ºC na temperatura de algumas regiões,NÃO,Não foram encontrados indicadores de instabilidade política,https://agenciabrasil.ebc.com.br/meio-ambiente/noticia/2024-11/brasil-tem-aumento-de-ate-3oc-na-temperatura-de-algumas-regioes
06/11/2024,Supremo homologa acordo de reparação pela tragédia de Mariana,NÃO,Não foram encontrados indicadores de instabilidade política,https://agenciabrasil.ebc.com.br/justica/noticia/2024-11/supremo-homologa-acordo-de-reparacao-pela-tragedia-de-mariana
06/11/2024,"Venda de veículos aumenta 21,6% em outubro, diz Anfavea",NÃO,Notícia não é sobre política brasileira,https://agenciabrasil.ebc.com.br/economia/noticia/2024-11/venda-de-veiculos-aumenta-216-em-outubro-diz-anfavea
06/11/2024,Estudantes já podem conferir locais de prova do Enade,NÃO,Notícia não é sobre política brasileira,https://agenciabrasil.ebc.com.br/educacao/noticia/2024-11/estudantes-ja-podem-conferir-locais-de-prova-do-enade
06/11/2024,Brasil ampliará produção de pescados em reservatório de hidrelétricas,NÃO,Não foram encontrados indicadores de instabilidade política,https://agenciabrasil.ebc.com.br/economia/noticia/2024-11/brasil-ampliara-producao-de-pescados-em-reservatorio-de-hidreletricas
06/11/2024,Suspeitos de fraudarem empréstimos da Caixa são investigados pela PF,NÃO,Notícia não é sobre política brasileira,https://agenciabrasil.ebc.com.br/geral/noticia/2024-11/suspeitos-de-fraudarem-emprestimos-da-caixa-sao-investigados-pela-pf
06/11/2024,Governo quer ampliar ensino de história e cultura afro-brasileira,SIM,Indicador em contexto político: violência política,https://agenciabrasil.ebc.com.br/direitos-humanos/noticia/2024-11/governo-quer-ampliar-ensino-de-historia-e-cultura-afro-brasileira
06/11/2024,Cidades recebem Selo Unicef por ações para crianças e adolescentes,NÃO,Notícia não é sobre política brasileira,https://agenciabrasil.ebc.com.br/direitos-humanos/noticia/2024-11/cidades-recebem-selo-unicef-por-acoes-para-criancas-e-adolescentes
06/11/2024,Líderes mundiais reagem à vitória de Trump nos Estados Unidos,NÃO,"Notícia sobre outro país, não instabilidade política brasileira",https://agenciabrasil.ebc.com.br/internacional/noticia/2024-11/lideres-mundiais-reagem-vitoria-de-trump-nos-estados-unidos
06/11/2024,Justiça determina soltura de dez dos 21 torcedores uruguaios no Rio,NÃO,Não foram encontrados indicadores de instabilidade política,https://agenciabrasil.ebc.com.br/justica/noticia/2024-11/justica-determina-soltura-de-dez-dos-21-torcedores-uruguaios-no-rio
06/11/2024,Lula parabeniza Trump pela vitória nas presidenciais norte-americanas,NÃO,Não foram encontrados indicadores de instabilidade política,https://agenciabrasil.ebc.com.br/politica/noticia/2024-11/lula-parabeniza-trump-pela-vitoria-nas-presidenciais-norte-americanas
06/11/2024,"Interpol detém 2,5 mil pessoas na maior operação contra tráfico humano",NÃO,Notícia não é sobre política brasileira,https://agenciabrasil.ebc.com.br/internacional/noticia/2024-11/interpol-detem-2500-pessoas-na-maior-operacao-contra-trafico-humano
06/11/2024,Câmara Legislativa do DF promove debate sobre inovação e comunicação,NÃO,Não foram encontrados indicadores de instabilidade política,https://agenciabrasil.ebc.com.br/geral/noticia/2024-11/camara-legislativa-do-df-promove-debate-sobre-inovacao-e-comunicacao
06/11/2024,SP: Zoológico comemora sucesso em reprodução de saguis-da-serra-escuro,NÃO,Notícia não é sobre política brasileira,https://agenciabrasil.ebc.com.br/meio-ambiente/noticia/2024-11/sp-zoologico-comemora-sucesso-em-reproducao-de-saguis-da-serra-escuro
06/11/2024,"Zelensky confirma ""primeiros combates"" com soldados norte-coreanos",NÃO,Não foram encontrados indicadores de instabilidade política,https://agenciabrasil.ebc.com.br/internacional/noticia/2024-11/zelensky-confirma-primeiros-combates-com-soldados-norte-coreanos
06/11/2024,São Paulo comemora Dia da Consciência Negra com atividades culturais,NÃO,Não foram encontrados indicadores de instabilidade política,https://agenciabrasil.ebc.com.br/direitos-humanos/noticia/2024-11/sao-paulo-comemora-dia-da-consciencia-negra-com-atividades-culturais
06/11/2024,"Diante do Fla, Cruzeiro busca primeira vitória com Diniz no Brasileiro",NÃO,Não foram encontrados indicadores de instabilidade política,https://agenciabrasil.ebc.com.br/esportes/noticia/2024-11/diante-do-fla-cruzeiro-busca-primeira-vitoria-com-diniz-no-brasileiro
06/11/2024,"Trilha de Letras, da TV Brasil, recebe escritora Socorro Acioli",NÃO,Notícia não é sobre política brasileira,https://agenciabrasil.ebc.com.br/cultura/noticia/2024-11/trilha-de-letras-da-tv-brasil-recebe-escritora-socorro-acioli
06/11/2024,EUA: Republicanos ganham controle do Senado e obtêm ganhos na Câmara,NÃO,"Notícia sobre outro país, não instabilidade política brasileira",https://agenciabrasil.ebc.com.br/internacional/noticia/2024-11/eua-republicanos-ganham-controle-do-senado-e-obtem-ganhos-na-camara
06/11/2024,Copom decide nesta quarta em quanto eleva juros básicos,NÃO,Não foram encontrados indicadores de instabilidade política,https://agenciabrasil.ebc.com.br/economia/noticia/2024-11/copom-decide-nesta-quarta-em-quanto-eleva-juros-basicos
06/11/2024,"Trump declara vitória e fala em ""mandato sem precedentes""",NÃO,Não foram encontrados indicadores de instabilidade política,https://agenciabrasil.ebc.com.br/internacional/noticia/2024-11/trump-declara-vitoria-e-fala-em-mandato-sem-precedentes
06/11/2024,Bota supera o Vasco e amplia a vantagem na liderança do Brasileiro,NÃO,Não foram encontrados indicadores de instabilidade política,https://agenciabrasil.ebc.com.br/esportes/noticia/2024-11/bota-supera-o-vasco-e-amplia-vantagem-na-lideranca-do-brasileiro
06/11/2024,Botafogo-SP arranca vitória de 1 a 0 sobre o Brusque na Série B,NÃO,Notícia não é sobre política brasileira,https://agenciabrasil.ebc.com.br/esportes/noticia/2024-11/botafogo-sp-arranca-vitoria-de-1-0-sobre-o-brusque-na-serie-b
06/11/2024,EUA iniciam apuração dos votos; resultado pode demorar dias,NÃO,"Notícia sobre outro país, não instabilidade política brasileira",https://agenciabrasil.ebc.com.br/internacional/noticia/2024-11/eua-iniciam-apuracao-das-urnas-resultado-pode-demorar-dias
06/11/2024,PGR recorre de decisão que anulou condenações de Dirceu,NÃO,Notícia não é sobre política brasileira,https://agenciabrasil.ebc.com.br/justica/noticia/2024-11/pgr-recorre-de-decisao-que-anulou-condenacoes-de-dirceu
07/11/2024,Espanha: autoridades confirmam 219 mortos e 93 desaparecidos,NÃO,Não foram encontrados indicadores de instabilidade política,https://agenciabrasil.ebc.com.br/internacional/noticia/2024-11/espanha-autoridades-confirmam-219-mortos-e-93-desaparecidos
07/11/2024,PF investiga golpes envolvendo investimentos em criptomoedas,NÃO,Notícia não é sobre política brasileira,https://agenciabrasil.ebc.com.br/geral/noticia/2024-11/pf-investiga-golpes-envolvendo-investimentos-em-criptomoedas
07/11/2024,Mega-Sena sorteia nesta quinta prêmio acumulado em R$ 140 milhões,NÃO,Notícia não é sobre política brasileira,https://agenciabrasil.ebc.com.br/geral/noticia/2024-11/mega-sena-sorteia-nesta-quinta-premio-acumulado-em-r-140-milhoes
07/11/2024,Estudo avalia disparidades no serviço público entre grandes cidades,NÃO,Não foram encontrados indicadores de instabilidade política,https://agenciabrasil.ebc.com.br/geral/noticia/2024-11/estudo-avalia-disparidades-no-servico-publico-entre-grandes-cidades
07/11/2024,"Quase 90% dos mortos por policiais em 2023 eram negros, diz estudo",NÃO,Não foram encontrados indicadores de instabilidade política,https://agenciabrasil.ebc.com.br/direitos-humanos/noticia/2024-11/quase-90-dos-mortos-por-policiais-em-2023-eram-negros-diz-estudo
07/11/2024,David Luiz marca de falta e Fla vence Cruzeiro em Belo Horizonte,NÃO,Não foram encontrados indicadores de instabilidade política,https://agenciabrasil.ebc.com.br/esportes/noticia/2024-11/david-luiz-marca-de-falta-e-fla-vence-cruzeiro-em-belo-horizonte
07/11/2024,Rebeca Andrade é anunciada como embaixadora dos Jogos da Juventude,NÃO,Notícia não é sobre política brasileira,https://agenciabrasil.ebc.com.br/esportes/noticia/2024-11/rebeca-andrade-e-anunciada-como-embaixadora-dos-jogos-da-juventude
07/11/2024,Cúpula dos parlamentos do G20 debate combate à desigualdade de gênero,NÃO,Não foram encontrados indicadores de instabilidade política,https://agenciabrasil.ebc.com.br/internacional/noticia/2024-11/cupula-dos-parlamentos-do-g20-debate-combate-desigualdade-de-genero
