"Titulo","Data","Link","Justificativa","Passagens_Relevantes"
"Discurso proferido pela Presidenta da República, Dilma Rousseff, durante Sessão Plenária do Fórum Econômico Mundial 2014 - Davos, Suíça, 24 de janeiro de 2014","24/01/2014","https://www.gov.br/mre/pt-br/canais_atendimento/imprensa/notas-a-imprensa/discurso-proferido-pela-presidenta-da-republica-dilma-rousseff-durante-sessao-plenaria-do-forum-economico-mundial-2014-davos-suica-24-de-janeiro-de-2014","A nota aborda infraestrutura digital e transformação tecnológica de forma específica. No tocante ao posicionamento do MRE, destaca-se: ""Outro desafio de infraestrutura é a extensão – e este é, a partir deste ano – é a extensão para todo o território brasileiro, de uma rede de banda larga de alta capacidade. Essa rede servirá de alicerce, também, para a política educacional que desenvolvemos e que prioriza a inclusão e a qualidade.""","Outro desafio de infraestrutura é a extensão – e este é, a partir deste ano – é a extensão para todo o território brasileiro, de uma rede de banda larga de alta capacidade. Essa rede servirá de alicerce, também, para a política educacional que desenvolvemos e que prioriza a inclusão e a qualidade."
"Atos assinados por ocasião da visita do Chanceler da Côte d'Ivoire, Charles Koffi Diby - Brasília, 4 de fevereiro de 2014","04/02/2014","https://www.gov.br/mre/pt-br/canais_atendimento/imprensa/notas-a-imprensa/atos-assinados-por-ocasiao-da-visita-do-chanceler-da-cote-d-ivoire-charles-koffi-diby-brasilia-4-de-fevereiro-de-2014","A nota aborda soberania digital e cibersegurança de forma específica. No tocante ao posicionamento do MRE, destaca-se: ""...Econômica, Técnica, Cultural, Comercial, Científica e Tecnológica sobre a base dos princípios da igualdade de direitos, da independência e soberania nacional, e da não ingerência nos assuntos internos de outro Estado;""","...Econômica, Técnica, Cultural, Comercial, Científica e Tecnológica sobre a base dos princípios da igualdade de direitos, da independência e soberania nacional, e da não ingerência nos assuntos internos de outro Estado;"
"Declaração Conjunta dos Ministros de Relações Exteriores do Reino da Espanha e da República Federativa do Brasil – Madri, 18 de março de 2014","18/03/2014","https://www.gov.br/mre/pt-br/canais_atendimento/imprensa/notas-a-imprensa/declaracao-conjunta-dos-ministros-de-relacoes-exteriores-do-reino-da-espanha-e-da-republica-federativa-do-brasil-madri-18-de-marco-de-2014","A nota aborda governança da internet e soberania digital e cibersegurança, aportando ao debate sobre governança digital global. Trecho-chave: ""...dispostos a trabalhar em estreita colaboração a fim de enfrentar os novos desafios globais. Os Ministros mencionaram, entre outros temas, a governança da Internet, e se referiram à Reunião Multissetorial Global sobre o Futuro da Governança da Internet, a ser realizada em São Paulo, em 23 e 24 de abril, e da...""","...dispostos a trabalhar em estreita colaboração a fim de enfrentar os novos desafios globais. Os Ministros mencionaram, entre outros temas, a governança da Internet, e se referiram à Reunião Multissetorial Global sobre o Futuro da Governança da Internet, a ser realizada em São Paulo, em 23 e 24 de abril, e da... | ...da Internet, a ser realizada em São Paulo, em 23 e 24 de abril, e da próxima celebração, de 20 a 23 de março, em Madri, de seminário sobre Segurança Cibernética para Representantes Permanentes junto às Nações Unidas”."
"Visita do Ministro das Relações Exteriores à Alemanha – Berlim, 21 de março de 2014","20/03/2014","https://www.gov.br/mre/pt-br/canais_atendimento/imprensa/notas-a-imprensa/visita-do-ministro-das-relacoes-exteriores-a-alemanha-berlim-21-de-marco-de-2014","A nota aborda privacidade e proteção de dados pessoais de forma específica. No tocante ao posicionamento do MRE, destaca-se: ""...e à segurança das comunicações eletrônicas. Em dezembro de 2013, a Assembleia Geral da ONU adotou, por consenso, o projeto de resolução O Direito à Privacidade na Era Digital, proposto pelo Brasil e pela Alemanha.""","...e à segurança das comunicações eletrônicas. Em dezembro de 2013, a Assembleia Geral da ONU adotou, por consenso, o projeto de resolução O Direito à Privacidade na Era Digital, proposto pelo Brasil e pela Alemanha."
"Visita ao Brasil do Ministro dos Negócios Estrangeiros da Noruega, Børge Brende - Rio de Janeiro e Brasília, 19 e 20 de fevereiro de 2014","20/04/2014","https://www.gov.br/mre/pt-br/canais_atendimento/imprensa/notas-a-imprensa/visita-ao-brasil-do-ministro-dos-negocios-estrangeiros-da-noruega-borge-brende-rio-de-janeiro-e-brasilia-19-e-20-de-fevereiro-de-2014","A nota aborda privacidade e proteção de dados pessoais de forma específica. No tocante ao posicionamento do MRE, destaca-se: ""...entre as quais a situação na Síria e no Oriente Médio. Os Chanceleres examinarão, ademais, questões relacionadas ao meio ambiente e ao direito à privacidade na era digital.""","...entre as quais a situação na Síria e no Oriente Médio. Os Chanceleres examinarão, ademais, questões relacionadas ao meio ambiente e ao direito à privacidade na era digital."
"Documentos assinados por ocasião da VII Cúpula Brasil–União Europeia – Bruxelas, 24 de fevereiro de 2014","20/04/2014","https://www.gov.br/mre/pt-br/canais_atendimento/imprensa/notas-a-imprensa/documentos-assinados-por-ocasiao-da-vii-cupula-brasil-uniao-europeia-bruxelas-24-de-fevereiro-de-2014","A nota aborda soberania digital e cibersegurança e infraestrutura digital e transformação tecnológica, aportando ao debate sobre governança digital global. Trecho-chave: ""...União Europeia estão comprometidos em reforçar o valor estratégico, a eficiência e o impacto da cooperação no âmbito das TICs.
  
  A cooperação em computação em nuvem (cloud computing), padrões de endereçamento, mecanismos de certificação, contratos justos e seguros, bem como arcabouços legislativos será...""","...União Europeia estão comprometidos em reforçar o valor estratégico, a eficiência e o impacto da cooperação no âmbito das TICs.
  
  A cooperação em computação em nuvem (cloud computing), padrões de endereçamento, mecanismos de certificação, contratos justos e seguros, bem como arcabouços legislativos será... | ...uma Infraestrutura Cibernética Avançada, incluindo tópicos como Computação Avançada e de Alto Desempenho, experimentações da Internet do Futuro e Computação em Nuvem, o que será o primeiro exemplo de uma cooperação internacional consistente e focada no âmbito do H2020. Além disso, os cientistas brasileiros podem... | ...estimulará a distribuição de banda larga na América do Sul, diminuindo os preços para os usuários finais e também contribuirá para aumentar a segurança cibernética, a confiança e a privacidade dos consumidores nos fluxos de informação na internet e em nuvem (cloud computing).
  
  Esse projeto irá aprofundar a..."
"VII Cúpula Brasil–União Europeia - Bruxelas, 24 de fevereiro de 2014 - Comunicado Conjunto","20/04/2014","https://www.gov.br/mre/pt-br/canais_atendimento/imprensa/notas-a-imprensa/vii-cupula-brasil-uniao-europeia-bruxelas-24-de-fevereiro-de-2014-comunicado-conjunto","A nota abrange múltiplos eixos temáticos da governança digital global: governança da internet, privacidade e proteção de dados pessoais, infraestrutura digital e transformação tecnológica e regulação de plataformas e serviços digitais. Como evidência, destaca-se: ""...developed between our economies. We also welcomed the good progress made towards the adoption of the joint Action Plan that should serve as a roadmap for the next year. A progress report should be submitted to the next Summit.""","...developed between our economies. We also welcomed the good progress made towards the adoption of the joint Action Plan that should serve as a roadmap for the next year. A progress report should be submitted to the next Summit. | 16. In the domain of ICT cooperation we welcomed the enlarged policy cooperation in Cloud Computing. On ICT infrastructure, we welcomed the plans for the future installation of a fibre-optic submarine cable linking Brazil and Europe, which will... | ...Dialogue on International Cyber Policy which will address a number of specific priority areas, including the right to freedom of expression and privacy, and will report progress within a year."
"Apresentação do candidato brasileiro à Direção-Geral da OMC, Embaixador Roberto Azevêdo, ao Conselho-Geral da OMC","30/04/2014","https://www.gov.br/mre/pt-br/canais_atendimento/imprensa/notas-a-imprensa/apresentacao-do-candidato-brasileiro-a-direcao-geral-da-omc-embaixador-roberto-azevedo-ao-conselho-geral-da-omc","A nota aborda regulação de plataformas e serviços digitais de forma específica. No tocante ao posicionamento do MRE, destaca-se: ""...to believe that any Bali outcomes will not be the end of the road. A post-Bali process could include DDA and non-DDA elements but, whatever the roadmap, it must prioritise the issues of interest of the poorest countries.""","...to believe that any Bali outcomes will not be the end of the road. A post-Bali process could include DDA and non-DDA elements but, whatever the roadmap, it must prioritise the issues of interest of the poorest countries."
"Calendário de eventos entre 17 e 25 de maio de 2014","16/05/2014","https://www.gov.br/mre/pt-br/canais_atendimento/imprensa/notas-a-imprensa/calendario-de-eventos-entre-17-e-25-de-maio-de-2014","A nota aborda governança da internet de forma específica. No tocante ao posicionamento do MRE, destaca-se: ""19 a 21/MAI – Paris, França. UNESCO: Consulta Aberta e Reunião do Grupo Multissetorial Consultivo do ""Internet Governance Forum"" (IGF) para elaborar o programa da 9ª Reunião do mencionado fórum, que ocorrerá em Istambul, de 2 a 5 de setembro de 2014). (Fonte: Brasunesco)""","19 a 21/MAI – Paris, França. UNESCO: Consulta Aberta e Reunião do Grupo Multissetorial Consultivo do ""Internet Governance Forum"" (IGF) para elaborar o programa da 9ª Reunião do mencionado fórum, que ocorrerá em Istambul, de 2 a 5 de setembro de 2014). (Fonte: Brasunesco)"
"Reino Unido sedia reunião de Diálogo Estratégico com o Brasil","22/05/2014","https://www.gov.br/mre/pt-br/canais_atendimento/imprensa/notas-a-imprensa/reino-unido-sedia-reuniao-de-dialogo-estrategico-com-o-brasil","A nota aborda soberania digital e cibersegurança de forma específica. No tocante ao posicionamento do MRE, destaca-se: ""...decidiram que conversas sobre assuntos político-militares deverão ser mantidas tão logo possível, para aprofundar discussões em torno de segurança cibernética, manutenção da paz e outros assuntos correlatos. Confirmaram o compromisso com o aumento do intercâmbio de visitas bilaterais, a fim de aprofundar...""","...decidiram que conversas sobre assuntos político-militares deverão ser mantidas tão logo possível, para aprofundar discussões em torno de segurança cibernética, manutenção da paz e outros assuntos correlatos. Confirmaram o compromisso com o aumento do intercâmbio de visitas bilaterais, a fim de aprofundar... | ...Treaty in 2015. Ministers decided that political/military discussion should be held at the earliest opportunity to deepen discussion on cyber security, peacekeeping and other related issues. They confirmed their commitment to expanding a programme of exchange visits to deepen knowledge and..."
"VII Encontro Ministerial da Zona de Paz e Cooperação do Atlântico Sul - ZOPACAS - Declaração de Montevidéu","22/05/2014","https://www.gov.br/mre/pt-br/canais_atendimento/imprensa/notas-a-imprensa/vii-encontro-ministerial-da-zona-de-paz-e-cooperacao-do-atlantico-sul-zopacas-declaracao-de-montevideu","A nota aborda regulação de plataformas e serviços digitais de forma específica. No tocante ao posicionamento do MRE, destaca-se: ""...Government of Angola for its significant contribution to the revitalization of the Zone, particularly by generating the “Luanda Initiative” as a roadmap for the preparatory process of the Seventh Ministerial Meeting, comprising workshops on issues of common interest held in New York in March 2007,...""","...Government of Angola for its significant contribution to the revitalization of the Zone, particularly by generating the “Luanda Initiative” as a roadmap for the preparatory process of the Seventh Ministerial Meeting, comprising workshops on issues of common interest held in New York in March 2007,..."
"Calendário de eventos do mês de fevereiro de 2013","22/05/2014","https://www.gov.br/mre/pt-br/canais_atendimento/imprensa/notas-a-imprensa/calendario-de-eventos-do-mes-de-fevereiro-de-2013","A nota abrange múltiplos eixos temáticos da governança digital global: governança da internet, infraestrutura digital e transformação tecnológica e regulação de plataformas e serviços digitais. Como evidência, destaca-se: ""...L Reunião do Subcomitê Técnico e Científico (L STC) do Comitê das Nações Unidas para os Usos Pacíficos do Espaço Exterior (COPUOS). (Fonte: DMAE)12/FEV – Nova York, EUA. Participação do Ministro Antonio de Aguiar Patriota em debate aberto do Conselho de Segurança das Nações Unidas sobre...""","...L Reunião do Subcomitê Técnico e Científico (L STC) do Comitê das Nações Unidas para os Usos Pacíficos do Espaço Exterior (COPUOS). (Fonte: DMAE)12/FEV – Nova York, EUA. Participação do Ministro Antonio de Aguiar Patriota em debate aberto do Conselho de Segurança das Nações Unidas sobre... | ...França.  Rumo a Sociedades do Conhecimento para a Paz e o Desenvolvimento Sustentável (WSIS+10). Primeira reunião de revisão da Cúpula Mundial da Sociedade da Informação (WSIS+10), no  décimo aniversário da primeira fase da Cúpula Mundial, que em dezembro de 2003 havia adotado a Declaração de Princípios e do Plano... | ...– Paris, França. Encontro lusófono promovido pela REPRESENTAÇÃO DO BRASIL JUNTO À UNESCO “Vamos Falar Português”: A Lusofonia e a Cúpula mundial da sociedade da informação. (Fonte: Representação do Brasil junto à Unesco) 27/FEV a 3/MAR – Santa Cruz de La Sierra, Bolívia. 4ª Feira Internacional Automotriz/FIACRUZ 2013...."
"Resolução da Assembleia Geral das Nações Unidas sobre a Situação na Síria - Explicação do voto brasileiro","22/05/2014","https://www.gov.br/mre/pt-br/canais_atendimento/imprensa/notas-a-imprensa/resolucao-da-assembleia-geral-das-nacoes-unidas-sobre-a-situacao-na-siria-explicacao-do-voto-brasileiro","A nota aborda regulação de plataformas e serviços digitais de forma específica. No tocante ao posicionamento do MRE, destaca-se: ""...with the provisions of the Geneva Communiqué of the Action Group for Syria, which remains a consensus basis for a comprehensive and effective roadmap to put an end to the conflict.	We also fully support the provisions regarding the condemnation of violence and the demands for the cessation of...""","...with the provisions of the Geneva Communiqué of the Action Group for Syria, which remains a consensus basis for a comprehensive and effective roadmap to put an end to the conflict.	We also fully support the provisions regarding the condemnation of violence and the demands for the cessation of..."
"Relatório da Alta Comissária para Direitos Humanos da ONU sobre ""O Direito à Privacidade na Era Digital""","22/07/2014","https://www.gov.br/mre/pt-br/canais_atendimento/imprensa/notas-a-imprensa/relatorio-da-alta-comissaria-para-direitos-humanos-da-onu-sobre-o-direito-a-privacidade-na-era-digital","A nota aborda privacidade e proteção de dados pessoais de forma específica. No tocante ao posicionamento do MRE, destaca-se: ""Relatório da Alta Comissária para Direitos Humanos da ONU sobre ""O Direito à Privacidade na Era Digital""""","Relatório da Alta Comissária para Direitos Humanos da ONU sobre ""O Direito à Privacidade na Era Digital"" | ...com a divulgação, em 16/7, em Genebra, pela Alta Comissária para os Direitos Humanos das Nações Unidas, Navi Pillay, do relatório ""O direito à privacidade na era digital"". Trata-se de resposta à solicitação da resolução apresentada por Brasil e Alemanha durante a 68ª Assembleia Geral das Nações Unidas. | O documento, que examina a proteção do direito à privacidade no contexto do uso de ferramentas nacionais e extraterritoriais de monitoramento das comunicações, constitui passo importante para o aprofundamento..."
"Atos assinados por ocasião da visita ao Brasil do Presidente da República Popular da China, Xi Jinping – 17 de julho de 2014","17/07/2014","https://www.gov.br/mre/pt-br/canais_atendimento/imprensa/notas-a-imprensa/atos-assinados-por-ocasiao-da-visita-ao-brasil-do-presidente-da-republica-popular-da-china-xi-jinping-17-de-julho-de-2014","A nota aborda inteligência artificial e governança algorítmica e infraestrutura digital e transformação tecnológica, aportando ao debate sobre governança digital global. Trecho-chave: ""...HUAWEI DO BRASIL TELECOMUNICAÇÕES LTDA., COM OBJETIVO DE CAPACITAR PROFISSIONAIS EM TI NAS SEGUINTES ÁREAS: PROCESSAMENTO DE GRANDE MASSA DE DADOS, COMPUTAÇÃO EM NUVEM E SEGURANÇA""","...HUAWEI DO BRASIL TELECOMUNICAÇÕES LTDA., COM OBJETIVO DE CAPACITAR PROFISSIONAIS EM TI NAS SEGUINTES ÁREAS: PROCESSAMENTO DE GRANDE MASSA DE DADOS, COMPUTAÇÃO EM NUVEM E SEGURANÇA | ...TECHNOLOGY AND INNOVATION, AND HUAWEI DO BRASIL TELECOMUNICAÇÕES LTDA., TO TRAIN IT PROFESSIONALS IN THE FOLLOWING AREAS: BULK DATA PROCESSING, CLOUD COMPUTING AND SECURITY | ...HUAWEI DO BRASIL TELECOMUNICAÇÕES LTDA., COM OBJETIVO DE CAPACITAR PROFISSIONAIS EM TI NAS SEGUINTES ÁREAS: PROCESSAMENTO DE GRANDE MASSA DE DADOS, COMPUTAÇÃO EM NUVEM E SEGURANÇA."
"Declaração conjunta entre Brasil e China por ocasião da visita de Estado do presidente Xi Jinping – Brasília, 17 de julho de 2014","17/07/2014","https://www.gov.br/mre/pt-br/canais_atendimento/imprensa/notas-a-imprensa/declaracao-conjunta-entre-brasil-e-china-por-ocasiao-da-visita-de-estado-do-presidente-xi-jinping-brasilia-17-de-julho-de-2014","A nota abrange múltiplos eixos temáticos da governança digital global: governança da internet, soberania digital e cibersegurança e infraestrutura digital e transformação tecnológica. Como evidência, destaca-se: ""...e Números na Internet (ICANN) e sua subordinação à supervisão pela comunidade internacional multissetorial, além de reforçar o papel do Foro de Governança da Internet das Nações Unidas no sistema de governança da Internet.""","...e Números na Internet (ICANN) e sua subordinação à supervisão pela comunidade internacional multissetorial, além de reforçar o papel do Foro de Governança da Internet das Nações Unidas no sistema de governança da Internet. | ...da paz e segurança internacional e prejudiciais aos direitos de privacidade. Coincidiram na necessidade de cooperação para lidar com as ameaças à segurança cibernética, com base no respeito mútuo, igualdade e benefício recíproco. Conclamaram a comunidade internacional a elaborar normas universalmente aceitas e a... | 36. Os dois Presidentes trocaram impressões sobre os resultados da Reunião Multissetorial Global sobre o Futuro da Governança da Internet – NETmundial (São Paulo, 23 e 24 de abril de 2014) e concordaram em aprofundar o diálogo bilateral sobre temas relativos à governança da Internet...."
"VI Cúpula BRICS – Declaração de Fortaleza – 15 de julho de 2014","15/07/2014","https://www.gov.br/mre/pt-br/canais_atendimento/imprensa/notas-a-imprensa/vi-cupula-brics-declaracao-de-fortaleza-15-de-julho-de-2014","A nota abrange múltiplos eixos temáticos da governança digital global: governança da internet, privacidade e proteção de dados pessoais e soberania digital e cibersegurança. Como evidência, destaca-se: ""...soberania dos Estados e dos direitos humanos, em especial o direito à privacidade. Tomamos nota da Reunião Multissetorial Global sobre o Futuro da Governança da Internet, realizada em São Paulo, em 23-24 de abril de 2014. Agradecemos o Brasil por tê-la organizado. 50. Exploraremos a cooperação no combate a crimes...""","...soberania dos Estados e dos direitos humanos, em especial o direito à privacidade. Tomamos nota da Reunião Multissetorial Global sobre o Futuro da Governança da Internet, realizada em São Paulo, em 23-24 de abril de 2014. Agradecemos o Brasil por tê-la organizado. 50. Exploraremos a cooperação no combate a crimes... | ...em massa e a coleta de dados de indivíduos em todo o mundo, bem como a violação da soberania dos Estados e dos direitos humanos, em especial o direito à privacidade. Tomamos nota da Reunião Multissetorial Global sobre o Futuro da Governança da Internet, realizada em São Paulo, em 23-24 de abril de 2014.... | ...profundamente preocupados com a situação no Iraque. Apoiamos firmemente o governo do Iraque em seus esforços para superar a crise, preservar a soberania nacional e a integridade territorial. Estamos preocupados com os efeitos do alastramento da instabilidade no Iraque resultantes das crescentes atividades..."
"Calendário de eventos entre 12 de julho e 20 de julho de 2014","11/07/2014","https://www.gov.br/mre/pt-br/canais_atendimento/imprensa/notas-a-imprensa/calendario-de-eventos-entre-12-de-julho-e-20-de-julho-de-2014","A nota aborda governança da internet de forma específica. No tocante ao posicionamento do MRE, destaca-se: ""16 a 18/JUL – São Salvador, El Salvador. VII Reunião Preparatória Regional para o Fórum de Governança da Internet (VII LACIGF).""","16 a 18/JUL – São Salvador, El Salvador. VII Reunião Preparatória Regional para o Fórum de Governança da Internet (VII LACIGF)."
"Calendário de eventos entre 01 e 09 de novembro de 2014","31/08/2014","https://www.gov.br/mre/pt-br/canais_atendimento/imprensa/notas-a-imprensa/calendario-de-eventos-entre-01-de-novembro-e-09-de-novembro-de-2014","A nota aborda infraestrutura digital e transformação tecnológica de forma específica. No tocante ao posicionamento do MRE, destaca-se: ""05 a 07/NOV – São José, Costa Rica. Reunião preparatória para a V Conferência Ministerial da América Latina e do Caribe sobre Sociedade da Informação (eLAC).""","05 a 07/NOV – São José, Costa Rica. Reunião preparatória para a V Conferência Ministerial da América Latina e do Caribe sobre Sociedade da Informação (eLAC)."
"Visita ao Brasil do Primeiro-Ministro do Japão, Shinzo Abe – Comunicado Conjunto – 31 de julho a 2 de agosto de 2014","07/08/2014","https://www.gov.br/mre/pt-br/canais_atendimento/imprensa/notas-a-imprensa/visita-ao-brasil-do-primeiro-ministro-do-japao-shinzo-abe-comunicado-conjunto-31-de-julho-a-2-de-agosto-de-2014","A nota aborda governança da internet e infraestrutura digital e transformação tecnológica, aportando ao debate sobre governança digital global. Trecho-chave: ""...de revisão dos resultados da Cúpula Mundial sobre a Sociedade da Informação e reafirmaram o compromisso de superar os desafios relacionados à governança da Internet e à exclusão digital, com o objetivo de atingir plenamente Sociedades da Informação inclusivas, democráticas, transparentes e voltadas ao...""","...de revisão dos resultados da Cúpula Mundial sobre a Sociedade da Informação e reafirmaram o compromisso de superar os desafios relacionados à governança da Internet e à exclusão digital, com o objetivo de atingir plenamente Sociedades da Informação inclusivas, democráticas, transparentes e voltadas ao... | 40. Os dois Dignitários expressaram apoio ao processo decenal de revisão dos resultados da Cúpula Mundial sobre a Sociedade da Informação e reafirmaram o compromisso de superar os desafios relacionados à governança da Internet e à exclusão digital, com o objetivo de atingir plenamente... | ...Shinzo Abe expressou seu apreço pelo fato de o Brasil ter sido o anfitrião da NETmundial — Encontro Multissetorial Global Sobre o Futuro da Governança da Internet — , realizado em São Paulo, em abril de 2014. Os dois Líderes saudaram a ""Declaração Multissetorial do NETMundial"", bem como os princípios e o..."
"Documentos aprovados na XLVI Cúpula de Chefes de Estado do MERCOSUL e Estados Associados – Caracas, 29 de julho de 2014","07/08/2014","https://www.gov.br/mre/pt-br/canais_atendimento/imprensa/notas-a-imprensa/documentos-aprovados-na-xlvi-cupula-de-chefes-de-estado-do-mercosul-e-estados-associados-caracas-29-de-julho-de-2014","A nota abrange múltiplos eixos temáticos da governança digital global: governança da internet, privacidade e proteção de dados pessoais, infraestrutura digital e transformação tecnológica e inclusão e acessibilidade digital. Como evidência, destaca-se: ""Destacaram a realização da Reunião Global de Múltiplas Partes Interessadas sobre o Futuro da Governança da Internet (Net Mundial, São Paulo, 23 e 24 de abril de 2014) e a aprovação de sua Declaração Multissetorial.""","Destacaram a realização da Reunião Global de Múltiplas Partes Interessadas sobre o Futuro da Governança da Internet (Net Mundial, São Paulo, 23 e 24 de abril de 2014) e a aprovação de sua Declaração Multissetorial. | Reiteraram, ainda, o interesse de promover o uso de software livre nos programas nacionais destinados à inclusão digital. | ...do desenvolvimento das TIC para o progresso socioeconômico e cultural de suas nações, para o qual salientaram o papel que possui a massificação da banda larga e o desdobramento da infraestrutura. Em particular, instaram a realizar esforços para alcançar acordos em matéria de roaming de voz e dados, com o..."
"Calendário de eventos entre 20 de setembro e 28 de setembro de 2014","23/09/2014","https://www.gov.br/mre/pt-br/canais_atendimento/imprensa/notas-a-imprensa/calendario-de-eventos-entre-20-de-setembro-e-28-de-setembro-de-2014","A nota aborda governança da internet de forma específica. No tocante ao posicionamento do MRE, destaca-se: ""27/SET a 04/OUT – São Paulo, SP e Belo Horizonte, MG. Missão multissetorial do Consórcio para a Internacionalização formado por 12 Câmaras de Comércio italianas.""","27/SET a 04/OUT – São Paulo, SP e Belo Horizonte, MG. Missão multissetorial do Consórcio para a Internacionalização formado por 12 Câmaras de Comércio italianas."
"Calendário de eventos entre 30 de agosto e 07 de setembro de 2014","01/09/2014","https://www.gov.br/mre/pt-br/canais_atendimento/imprensa/notas-a-imprensa/calendario-de-eventos-entre-30-de-agosto-e-07-de-setembro-de-2014","A nota aborda governança da internet de forma específica. No tocante ao posicionamento do MRE, destaca-se: ""01/SET – Istambul, Turquia. ""NETmundial: looking back, learning lessons and mapping the road ahead"", pré-evento no âmbito da IX Reunião do Fórum de Governança da Internet (IGF 2014).""","01/SET – Istambul, Turquia. ""NETmundial: looking back, learning lessons and mapping the road ahead"", pré-evento no âmbito da IX Reunião do Fórum de Governança da Internet (IGF 2014). | 02 a 05/SET – Istambul, Turquia. IX edição do Fórum de Governança da Internet. A Delegação governamental brasileira será coordenada pelo Diretor do DCT, Embaixador Benedicto Fonseca Filho."
"Calendário de eventos entre 18 de outubro e 26 de outubro de 2014","20/10/2014","https://www.gov.br/mre/pt-br/canais_atendimento/imprensa/notas-a-imprensa/calendario-de-eventos-entre-18-de-outubro-e-26-de-outubro-de-2014","A nota aborda governança da internet de forma específica. No tocante ao posicionamento do MRE, destaca-se: ""21 a 23/OUT – Berlim, Alemanha. Consulta Global Intergovernamental e Multissetorial sobre o 6º Relatório ""Perspectivas do Meio Ambiente Global"" (""Global Environment Outlook"" – GEO-6).""","21 a 23/OUT – Berlim, Alemanha. Consulta Global Intergovernamental e Multissetorial sobre o 6º Relatório ""Perspectivas do Meio Ambiente Global"" (""Global Environment Outlook"" – GEO-6)."
"Calendário de eventos entre 11 de outubro e 19 de outubro de 2014","10/10/2014","https://www.gov.br/mre/pt-br/canais_atendimento/imprensa/notas-a-imprensa/calendario-de-eventos-entre-11-de-outubro-e-19-de-outubro-de-2014","A nota aborda inclusão e acessibilidade digital de forma específica. No tocante ao posicionamento do MRE, destaca-se: ""13 a 19/OUT – Brasília. Semana Nacional de Ciência e Tecnologia – ""Ciência e Tecnologia para o Desenvolvimento Social"".""","13 a 19/OUT – Brasília. Semana Nacional de Ciência e Tecnologia – ""Ciência e Tecnologia para o Desenvolvimento Social""."
"Discurso proferido pela Presidenta da República, Dilma Rousseff, na abertura do Debate de Alto Nível da 69ª Assembleia Geral das Nações Unidas (ONU) – Nova York, 24 de setembro de 2014","08/10/2014","https://www.gov.br/mre/pt-br/canais_atendimento/imprensa/notas-a-imprensa/discurso-proferido-pela-presidenta-da-republica-dilma-rousseff-na-abertura-do-debate-de-alto-nivel-da-69-assembleia-geral-das-nacoes-unidas-onu-nova-york-24-de-setembro-de-2014","A nota aborda governança da internet e privacidade e proteção de dados pessoais, aportando ao debate sobre governança digital global. Trecho-chave: ""...medidas que protejam eficazmente os direitos humanos tanto no mundo real como no mundo virtual, como preconiza a resolução desta Assembleia sobre a privacidade na era digital.""","...medidas que protejam eficazmente os direitos humanos tanto no mundo real como no mundo virtual, como preconiza a resolução desta Assembleia sobre a privacidade na era digital. | ...do tema o relatório elaborado pela Alta Comissária de Direitos Humanos. Em setembro de 2013, propus aqui, no debate geral, a criação de um marco civil para a governança e o uso da Internet com base nos princípios da liberdade de expressão, da privacidade, da neutralidade da rede e da diversidade... | Noto, com satisfação, que a comunidade internacional tem se mobilizado, desde então, para aprimorar a atual arquitetura de governança da internet. Passo importante nesse processo foi a realização, por iniciativa do Brasil, da Reunião Multissetorial Global sobre o Futuro da Governança da..."
"Calendário de eventos entre 29 de novembro e 07 de dezembro de 2014","28/11/2014","https://www.gov.br/mre/pt-br/canais_atendimento/imprensa/notas-a-imprensa/calendario-de-eventos-entre-29-de-novembro-e-07-de-dezembro-de-2014","A nota aborda governança da internet de forma específica. No tocante ao posicionamento do MRE, destaca-se: ""01 a 03/DEZ – Genebra, Suíça. Reunião do Grupo Assessor Multissetorial (""Multistakeholder Advisory Group"" – MAG) do Fórum de Governança da Internet (IGF).""","01 a 03/DEZ – Genebra, Suíça. Reunião do Grupo Assessor Multissetorial (""Multistakeholder Advisory Group"" – MAG) do Fórum de Governança da Internet (IGF)."
"Calendário de eventos entre 22 de novembro e 30 de novembro de 2014","21/11/2014","https://www.gov.br/mre/pt-br/canais_atendimento/imprensa/notas-a-imprensa/calendario-de-eventos-entre-22-de-novembro-e-30-de-novembro-de-2014","A nota aborda inclusão e acessibilidade digital de forma específica. No tocante ao posicionamento do MRE, destaca-se: ""26 a 28/NOV – Genebra, Suíça. Painel Intersessional da Comissão das Nações Unidas sobre Ciência e Tecnologia para o Desenvolvimento (CSTD).""","26 a 28/NOV – Genebra, Suíça. Painel Intersessional da Comissão das Nações Unidas sobre Ciência e Tecnologia para o Desenvolvimento (CSTD)."
"Calendário de eventos entre 6 de dezembro e 14 de dezembro de 2014","05/12/2014","https://www.gov.br/mre/pt-br/canais_atendimento/imprensa/notas-a-imprensa/calendario-de-eventos-entre-06-de-dezembro-e-14-de-dezembro-de-2014","A nota aborda direitos humanos no ambiente digital de forma específica. No tocante ao posicionamento do MRE, destaca-se: ""10 e 11/DEZ – Berlim, Alemanha. “Workshop” Internacional sobre Liberdade de Expressão na Internet, organizado pela Comissão Nacional da Alemanha para a UNESCO.""","10 e 11/DEZ – Berlim, Alemanha. “Workshop” Internacional sobre Liberdade de Expressão na Internet, organizado pela Comissão Nacional da Alemanha para a UNESCO."
"Calendário de eventos entre 24 de janeiro de 2015 e 1º de fevereiro de 2015","26/01/2015","https://www.gov.br/mre/pt-br/canais_atendimento/imprensa/notas-a-imprensa/calendario-de-eventos-entre-24-de-janeiro-de-2015-e-01-de-fevereiro-de-2015","A nota aborda governança da internet e infraestrutura digital e transformação tecnológica, aportando ao debate sobre governança digital global. Trecho-chave: ""26/JAN – Washington, EUA. Debate sobre Governança da Internet – Universidade de Georgetown.""","26/JAN – Washington, EUA. Debate sobre Governança da Internet – Universidade de Georgetown. | 29 e 30/JAN – Genebra, Suíça. Reunião do Grupo de Trabalho sobre a Cúpula Mundial da Sociedade da Informação (CWG on WSIS: Implementation of Outcomes + First Physical Meeting of the Open Consultations on WSIS Forum 2015)."
"Documentos aprovados na I Reunião dos Ministros das Relações Exteriores do Foro CELAC-China - Pequim, 8 e 9 de janeiro de 2015 [inglês]","12/01/2015","https://www.gov.br/mre/pt-br/canais_atendimento/imprensa/notas-a-imprensa/documentos-aprovados-na-i-reuniao-dos-ministros-das-relacoes-exteriores-do-foro-celac-china-pequim-8-e-9-de-janeiro-de-2015","A nota aborda governança da internet e soberania digital e cibersegurança, aportando ao debate sobre governança digital global. Trecho-chave: ""7. Enhance dialogue and collaboration on Internet governance and cyber security, work together to build an Internet space that features peace, security, openness and cooperation. Uphold the principles of the...""","7. Enhance dialogue and collaboration on Internet governance and cyber security, work together to build an Internet space that features peace, security, openness and cooperation. Uphold the principles of the... | 7. Enhance dialogue and collaboration on Internet governance and cyber security, work together to build an Internet space that features peace, security, openness and cooperation. Uphold the principles of the International Law..."
"Discurso de Sua Excelência o Senhor Embaixador Mauro Luiz Iecker Vieira, por ocasião da cerimônia de transmissão do cargo de Ministro de Estado das Relações Exteriores - Palácio Itamaraty, 2 de janeiro de 2015","02/01/2015","https://www.gov.br/mre/pt-br/canais_atendimento/imprensa/notas-a-imprensa/discurso-de-sua-excelencia-o-senhor-embaixador-mauro-luiz-iecker-vieira-por-ocasiao-da-cerimonia-de-transmissao-do-cargo-de-ministro-de-estado-das-relacoes-exteriores-palacio-itamaraty-2-de-janeiro-de-2015","A nota aborda governança da internet de forma específica. No tocante ao posicionamento do MRE, destaca-se: ""...comunidade internacional. Continuaremos atuando com grande engajamento nas Nações Unidas, na OMC, no G-20, nas negociações sobre o Clima e sobre a governança da Internet, entre tantas outras frentes.""","...comunidade internacional. Continuaremos atuando com grande engajamento nas Nações Unidas, na OMC, no G-20, nas negociações sobre o Clima e sobre a governança da Internet, entre tantas outras frentes. | ...We will continue to work with great commitment in the United Nations, in the WTO, in the G-20, in the negotiations regarding the climate and internet governance, and on many other fronts.We will act calmly on all the new and traditional fronts of Brazilian diplomacy. We will follow a basic principle, which..."
"Visita ao Brasil do Ministro do Exterior da República Federal da Alemanha, Frank-Walter Steinmeier – Brasília, 13 de fevereiro de 2015","12/02/2015","https://www.gov.br/mre/pt-br/canais_atendimento/imprensa/notas-a-imprensa/visita-ao-brasil-do-ministro-do-exterior-da-republica-federal-da-alemanha-frank-walter-steinmeier-brasilia-13-de-fevereiro-de-2015","A nota aborda privacidade e proteção de dados pessoais de forma específica. No tocante ao posicionamento do MRE, destaca-se: ""...igualmente, a reforma das instituições de governança global, temas da agenda de paz e segurança internacionais, bem como tópicos relacionados à privacidade na era digital.""","...igualmente, a reforma das instituições de governança global, temas da agenda de paz e segurança internacionais, bem como tópicos relacionados à privacidade na era digital."
"IV Diálogo Estratégico Brasil – Reino Unido  - Londres, 25 de fevereiro de 2015 - Comunicado Conjunto","27/02/2015","https://www.gov.br/mre/pt-br/canais_atendimento/imprensa/notas-a-imprensa/iv-dialogo-estrategico-brasil-reino-unido-londres-25-de-fevereiro-de-2015-comunicado-conjunto","A nota abrange múltiplos eixos temáticos da governança digital global: governança da internet, privacidade e proteção de dados pessoais e soberania digital e cibersegurança. Como evidência, destaca-se: ""...com uma Internet gratuita, aberta e segura, na qual os direitos que as pessoas têm off-line também sejam protegidos on-line, incluindo o ""Direito à Privacidade na Era Digital"", de acordo com a Resolução 69/166 da Assembleia Geral das Nações Unidas.""","...com uma Internet gratuita, aberta e segura, na qual os direitos que as pessoas têm off-line também sejam protegidos on-line, incluindo o ""Direito à Privacidade na Era Digital"", de acordo com a Resolução 69/166 da Assembleia Geral das Nações Unidas. | ...sobre política cibernética. Ao refletir sobre esse assunto, as oportunidades advindas das tecnologias de comunicação e informação e as crescentes ameaças cibernéticas que ambos os países enfrentam, o Secretário de Negócios Estrangeiros e o Ministro das Relações Exteriores concordaram em que o Brasil e o Reino... | ...same rights that people have offline must also be protected online, including in line with UN General Assembly resolution 69/166 on ‘The Right to Privacy in the Digital Age’."
"Calendário de eventos entre 14 a 22 de março de 2015","13/03/2015","https://www.gov.br/mre/pt-br/canais_atendimento/imprensa/notas-a-imprensa/calendario-de-eventos-entre-14-a-22-de-marco-de-2015","A nota aborda governança da internet de forma específica. No tocante ao posicionamento do MRE, destaca-se: ""...contra a Corrupção (MESICIC) da OEA. 16 a 20/MAR – João Pessoa. Missão precursora de delegação das Nações Unidas para visita às instalações do IGF 2015 e reuniões com o Governador da Paraíba, com o Prefeito de João Pessoa e com autoridades locais.  16 a 20/MAR – Brasília. ""NoPA Matchmaking"",...""","...contra a Corrupção (MESICIC) da OEA. 16 a 20/MAR – João Pessoa. Missão precursora de delegação das Nações Unidas para visita às instalações do IGF 2015 e reuniões com o Governador da Paraíba, com o Prefeito de João Pessoa e com autoridades locais.  16 a 20/MAR – Brasília. ""NoPA Matchmaking"",..."
"Dia Mundial de Conscientização do Autismo","26/03/2015","https://www.gov.br/mre/pt-br/canais_atendimento/imprensa/notas-a-imprensa/dia-mundial-de-conscientizacao-do-autismo","A nota aborda regulação de plataformas e serviços digitais de forma específica. No tocante ao posicionamento do MRE, destaca-se: ""...an opportunity to launch awareness raising campaings in several countries around the world. One of the best known campaings is the lighting of landmarks and public buildings in blue (the color of autism).""","...an opportunity to launch awareness raising campaings in several countries around the world. One of the best known campaings is the lighting of landmarks and public buildings in blue (the color of autism)."
"Criação da Relatoria Especial sobre ""O Direito à Privacidade na Era Digital""","26/03/2015","https://www.gov.br/mre/pt-br/canais_atendimento/imprensa/notas-a-imprensa/criacao-da-relatoria-especial-sobre-o-direito-a-privacidade-na-era-digital","A nota aborda privacidade e proteção de dados pessoais de forma específica. No tocante ao posicionamento do MRE, destaca-se: ""Criação da Relatoria Especial sobre ""O Direito à Privacidade na Era Digital""""","Criação da Relatoria Especial sobre ""O Direito à Privacidade na Era Digital"" | ...Unidas (CDH), de resolução de iniciativa do Brasil e da Alemanha, juntamente com Áustria, Liechtenstein, México, Noruega e Suíça, sobre o direito à privacidade na era digital. A resolução cria relatoria especial sobre o direito à privacidade para lidar com os desafios decorrentes da era digital. A resolução contou com um... | A relatoria especial, com mandato inicial de três anos, terá competência para reunir informações relevantes sobre o direito à privacidade, identificar obstáculos à sua promoção e proteção, tomar medidas com vistas à conscientização sobre a necessidade de promover e proteger o referido..."
"Calendário de eventos entre 19 e 26 e abril de 2015","20/04/2015","https://www.gov.br/mre/pt-br/canais_atendimento/imprensa/notas-a-imprensa/calendario-de-eventos-entre-19-e-26-e-abril-de-2015","A nota aborda infraestrutura digital e transformação tecnológica de forma específica. No tocante ao posicionamento do MRE, destaca-se: ""...o Fortalecimento do Cumprimento do Direito Internacional Humanitário.  24/ABR – Genebra, Suíça. Briefing final para o Fórum da Cúpula Mundial sobre Sociedade da Informação (WSIS Forum 2015 – Genebra, 25 a 29 de maio de 2015).""","...o Fortalecimento do Cumprimento do Direito Internacional Humanitário.  24/ABR – Genebra, Suíça. Briefing final para o Fórum da Cúpula Mundial sobre Sociedade da Informação (WSIS Forum 2015 – Genebra, 25 a 29 de maio de 2015)."
"Calendário de eventos entre 11 e 19 de abril de 2015","10/04/2015","https://www.gov.br/mre/pt-br/canais_atendimento/imprensa/notas-a-imprensa/calendario-de-eventos-entre-11-e-19-de-abril-de-2015","A nota aborda governança da internet de forma específica. No tocante ao posicionamento do MRE, destaca-se: ""14 e 15/ABR – Haia, Países Baixos. Reunião da Comissão Global sobre Governança da Internet (Comissão Bildt).
  

  14 a 16/ABR – Nairóbi, Quênia. 2ª Reunião do Comitê Preparatório para a Terceira Conferência das Nações Unidas sobre...""","14 e 15/ABR – Haia, Países Baixos. Reunião da Comissão Global sobre Governança da Internet (Comissão Bildt).
  

  14 a 16/ABR – Nairóbi, Quênia. 2ª Reunião do Comitê Preparatório para a Terceira Conferência das Nações Unidas sobre..."
"Calendário de eventos entre 23 a 31 de maio de 2015","22/05/2015","https://www.gov.br/mre/pt-br/canais_atendimento/imprensa/notas-a-imprensa/calendario-de-eventos-entre-23-e-31-de-maio-de-2015","A nota aborda infraestrutura digital e transformação tecnológica de forma específica. No tocante ao posicionamento do MRE, destaca-se: ""25 a 29/MAI – Genebra, Suíça. Fórum da Cúpula Mundial sobre Sociedade da Informação (WSIS Forum 2015).""","25 a 29/MAI – Genebra, Suíça. Fórum da Cúpula Mundial sobre Sociedade da Informação (WSIS Forum 2015)."
"Visita do Primeiro-Ministro da República Popular da China, Li Keqiang, ao Brasil – Declaração Conjunta e Plano de Ação Conjunta – Brasília, 19 de maio de 2015","19/05/2015","https://www.gov.br/mre/pt-br/canais_atendimento/imprensa/notas-a-imprensa/declaracao-conjunta-e-plano-de-acao-conjunta-visita-do-primeiro-ministro-do-conselho-de-estado-da-republica-popular-da-china-li-keqiang-brasilia-19-de-maio-de-2015","A nota aborda infraestrutura digital e transformação tecnológica de forma específica. No tocante ao posicionamento do MRE, destaca-se: ""(3) Cooperação nas áreas de indústria da tecnologia da informação (IT) como internet das coisas, computação em nuvem, TV digital, tecnologias móveis, indústria eletrônica e de informações, automação bancária, cidades digitais e inteligentes etc;""","(3) Cooperação nas áreas de indústria da tecnologia da informação (IT) como internet das coisas, computação em nuvem, TV digital, tecnologias móveis, indústria eletrônica e de informações, automação bancária, cidades digitais e inteligentes etc; | Ações e projetos iniciais: Implementar o Memorando de Entendimento sobre Computação em Nuvem e Mega-Dados entre o Ministério de Ciência, Tecnologia e Inovação e a Huawei; desenvolver tecnologias de computação em nuvem no Brasil, incluindo a..."
"Documentos assinados durante a visita oficial do Primeiro-Ministro da República Popular da China, Li Keqiang, ao Brasil – Brasília e Rio de Janeiro, 19 de maio de 2015","19/05/2015","https://www.gov.br/mre/pt-br/canais_atendimento/imprensa/notas-a-imprensa/documentos-assinados-durante-a-visita-oficial-do-primeiro-ministro-da-republica-popular-da-china-li-keqiang-ao-brasil-brasilia-e-rio-de-janeiro-19-de-maio-de-2015","A nota aborda infraestrutura digital e transformação tecnológica de forma específica. No tocante ao posicionamento do MRE, destaca-se: ""(3) Cooperação nas áreas de indústria da tecnologia da informação (IT) como internet das coisas, computação em nuvem, TV digital, tecnologias móveis, indústria eletrônica e de informações, automação bancária, cidades digitais e inteligentes etc;""","(3) Cooperação nas áreas de indústria da tecnologia da informação (IT) como internet das coisas, computação em nuvem, TV digital, tecnologias móveis, indústria eletrônica e de informações, automação bancária, cidades digitais e inteligentes etc; | Ações e projetos iniciais: Implementar o Memorando de Entendimento sobre Computação em Nuvem e Mega-Dados entre o Ministério de Ciência, Tecnologia e Inovação e a Huawei; desenvolver tecnologias de computação em nuvem no Brasil, incluindo a..."
"Calendário de eventos entre 28 de junho a 04 de julho de 2015","27/06/2015","https://www.gov.br/mre/pt-br/canais_atendimento/imprensa/notas-a-imprensa/calendario-de-eventos-entre-28junhoe4julho2015","A nota aborda governança da internet e infraestrutura digital e transformação tecnológica, aportando ao debate sobre governança digital global. Trecho-chave: ""30/JUN – São Paulo. Reunião Inaugural do Conselho de Coordenação da Iniciativa NETmundial.""","30/JUN – São Paulo. Reunião Inaugural do Conselho de Coordenação da Iniciativa NETmundial. | ...âmbito do processo preparatório para a Reunião de Alto Nível da AGNU para Revisão Decenal da Implementação dos Resultados da Cúpula Mundial sobre Sociedade da Informação (""WSIS +10"")."
"Ata da Quarta Reunião da Comissão Sino-Brasileira de Alto Nível de Concertação e Cooperação (COSBAN)","26/06/2015","https://www.gov.br/mre/pt-br/canais_atendimento/imprensa/notas-a-imprensa/ata-da-quarta-reuniao-da-comissao-sino-brasileira-de-alto-nivel-de-concertacao-e-cooperacao-cosban","A nota aborda infraestrutura digital e transformação tecnológica de forma específica. No tocante ao posicionamento do MRE, destaca-se: ""Conselheiro Jandyr Ferreira dos Santos Junior,
   


   Chefe da Divisão da Sociedade da Informação""","Conselheiro Jandyr Ferreira dos Santos Junior,
   


   Chefe da Divisão da Sociedade da Informação | André Moura Gomes,
   


   Gerente de Projeto do Departamento de Banda Larga"
"Fórum de Altos Executivos Brasil-EUA – Brasília, 19 de junho de 2015","18/06/2015","https://www.gov.br/mre/pt-br/canais_atendimento/imprensa/notas-a-imprensa/forum-de-altos-executivos-brasil-eua-brasilia-19-de-junho-de-2015","A nota aborda infraestrutura digital e transformação tecnológica de forma específica. No tocante ao posicionamento do MRE, destaca-se: ""...apresentar novas propostas de trabalho nas áreas de infraestrutura (banco de projetos, ""project preparation, project management""), inovação (banda larga de altíssima velocidade), saúde (Sistema Nacional de Diagnóstico Precoce) e comércio (projetos para facilitação de comércio e convergência...""","...apresentar novas propostas de trabalho nas áreas de infraestrutura (banco de projetos, ""project preparation, project management""), inovação (banda larga de altíssima velocidade), saúde (Sistema Nacional de Diagnóstico Precoce) e comércio (projetos para facilitação de comércio e convergência..."
"Atos assinados por ocasião da visita da Presidenta Dilma Rousseff aos Estados Unidos – Washington, 30 de junho de 2015","30/06/2015","https://www.gov.br/mre/pt-br/canais_atendimento/imprensa/notas-a-imprensa/atos-assinados-por-ocasiao-da-visita-da-presidenta-dilma-rousseff-aos-estados-unidos-washington-30-de-junho-de-2015","A nota aborda privacidade e proteção de dados pessoais de forma específica. No tocante ao posicionamento do MRE, destaca-se: ""(g) “dados pessoais” significam qualquer informação relacionada a uma pessoa específica (identificada ou identificável), bem como qualquer
   

    informação que...""","(g) “dados pessoais” significam qualquer informação relacionada a uma pessoa específica (identificada ou identificável), bem como qualquer
   

    informação que... | 1.         Salvo disposições diversas nas leis de um Estado Contratante, dados pessoais transmitidos no âmbito deste Acordo para um Estado Contratante pelo outro Estado Contratante devem ser usados exclusivamente para os propósitos da... | ...Contratantes devem informar à outra quanto a todas as alterações em suas
   

    leis nacionais de proteção da privacidade e confidencialidade de dados pessoais
   

    que afetam a transmissão de dados pessoais."
"Comunicado Conjunto da Presidenta Dilma Rousseff e do Presidente Barack Obama – Washington, 30 de junho de 2015","30/06/2015","https://www.gov.br/mre/pt-br/canais_atendimento/imprensa/notas-a-imprensa/comunicado-conjunto-da-presidenta-dilma-rousseff-e-do-presidente-barack-obama-washington-30-de-junho-de-2015","A nota abrange múltiplos eixos temáticos da governança digital global: governança da internet, soberania digital e cibersegurança e infraestrutura digital e transformação tecnológica. Como evidência, destaca-se: ""...que a agenda aprovada na conferência NETmundial (São Paulo, abril de 2014) constitui um guia para discussões referentes ao futuro do sistema de governança da Internet.""","...que a agenda aprovada na conferência NETmundial (São Paulo, abril de 2014) constitui um guia para discussões referentes ao futuro do sistema de governança da Internet. | Ambos os países reafirmam sua aderência ao enfoque multissetorial para a governança da Internet e, neste contexto, reafirmam o compromisso de cooperar para o êxito da X edição do IGF (João Pessoa, 10 a 13 de novembro de 2015) e para a extensão... | ...eletrônico, economia digital, segurança cibernética, prevenção de crimes cibernéticos, atividades de capacitação, segurança internacional no ciberespaço e pesquisa, desenvolvimento e inovação."
"VII Cúpula do BRICS – Declaração de Ufá – Ufá, Rússia, 9 de julho de 2015","09/07/2015","https://www.gov.br/mre/pt-br/canais_atendimento/imprensa/notas-a-imprensa/vii-cupula-do-brics-declaracao-de-ufa-ufa-russia-9-de-julho-de-2015","A nota abrange múltiplos eixos temáticos da governança digital global: governança da internet, privacidade e proteção de dados pessoais, soberania digital e cibersegurança, infraestrutura digital e transformação tecnológica e regulação de plataformas e serviços digitais. Como evidência, destaca-se: ""...bem como para fomentar talentos profissionais e criativos das pessoas. Reconhecemos a importância das TICs como ferramentas para a transição de uma sociedade da informação para uma sociedade do conhecimento e o fato de estarem intrinsecamente vinculadas ao desenvolvimento humano. Apoiamos a inclusão de temas...""","...bem como para fomentar talentos profissionais e criativos das pessoas. Reconhecemos a importância das TICs como ferramentas para a transição de uma sociedade da informação para uma sociedade do conhecimento e o fato de estarem intrinsecamente vinculadas ao desenvolvimento humano. Apoiamos a inclusão de temas... | ...em TICs. Reiteramos a inadmissibilidade do uso de TICs e da Internet para a violação dos direitos humanos e liberdades fundamentais, inclusive do direito à privacidade, e reafirmamos que os mesmos direitos que as pessoas têm off-line devem ser protegidos on-line. Um sistema garantindo confidencialidade e proteção... | Apoiamos a evolução contínua do ecossistema de governança da Internet, o qual deve se basear em processo aberto e democrático, livre da influência de quaisquer considerações unilaterais."
"Comunicado Conjunto das Presidentas e dos Presidentes dos Estados Partes do MERCOSUL – Brasília, 17 de julho de 2015","18/07/2015","https://www.gov.br/mre/pt-br/canais_atendimento/imprensa/notas-a-imprensa/comunicado-conjunto-das-presidentas-e-dos-presidentes-dos-estados-partes-do-mercosul-brasilia-17-de-julho-de-2015","A nota aborda soberania digital e cibersegurança de forma específica. No tocante ao posicionamento do MRE, destaca-se: ""...realizada em Brasília, em 27 de abril de 2015, que deu margem à elaboração de plano de trabalho voltado a estabelecer cooperação em matéria de segurança cibernética e a fortalecer as capacidades nacionais nessa área.""","...realizada em Brasília, em 27 de abril de 2015, que deu margem à elaboração de plano de trabalho voltado a estabelecer cooperação em matéria de segurança cibernética e a fortalecer as capacidades nacionais nessa área."
"Comunicado Conjunto dos Estados Partes do MERCOSUL e Estados Associados – Brasília, 17 de julho de 2015","17/07/2015","https://www.gov.br/mre/pt-br/canais_atendimento/imprensa/notas-a-imprensa/comunicado-conjunto-dos-estados-partes-do-mercosul-e-estados-associados-brasilia-17-de-julho-de-2015","A nota aborda infraestrutura digital e transformação tecnológica de forma específica. No tocante ao posicionamento do MRE, destaca-se: ""...em todas as etapas de educação, com o propósito de garantir que cada indivíduo adquira as capacidades necessárias para participar ativamente da Sociedade da Informação e da economia do conhecimento;""","...em todas as etapas de educação, com o propósito de garantir que cada indivíduo adquira as capacidades necessárias para participar ativamente da Sociedade da Informação e da economia do conhecimento;"
"V Cúpula do BRICS - Durban, 27 de março de 2013 -  BRICS e África: Parceria para o Desenvolvimento, Integração e Industrialização - Declaração de e-Thekwini","13/07/2015","https://www.gov.br/mre/pt-br/canais_atendimento/imprensa/notas-a-imprensa/v-cupula-do-brics-durban-27-de-marco-de-2013-brics-e-africa-parceria-para-o-desenvolvimento-integracao-e-industrializacao-declaracao-de-e-thekwini","A nota aborda soberania digital e cibersegurança de forma específica. No tocante ao posicionamento do MRE, destaca-se: ""...desempenha em nível mundial na promoção do desenvolvimento econômico, social e cultural. Acreditamos que é importante contribuir e participar de um ciberespaço pacífico, seguro e aberto e enfatizamos que a segurança no uso das Tecnologias de Informação e Comunicação (TICs), por meio de normas, padrões e...""","...desempenha em nível mundial na promoção do desenvolvimento econômico, social e cultural. Acreditamos que é importante contribuir e participar de um ciberespaço pacífico, seguro e aberto e enfatizamos que a segurança no uso das Tecnologias de Informação e Comunicação (TICs), por meio de normas, padrões e..."
"Calendário de eventos entre 2 de agosto e 8 de agosto de 2015","31/07/2015","https://www.gov.br/mre/pt-br/canais_atendimento/imprensa/notas-a-imprensa/calendario-de-eventos-entre-2-de-agosto-e-8-de-agosto-de-2015","A nota aborda governança da internet e infraestrutura digital e transformação tecnológica, aportando ao debate sobre governança digital global. Trecho-chave: ""3 e 4/AGO – Cidade do México, México. 8ª edição do Fórum de Governança da Internet da América Latina e Caribe (LACIGF8).""","3 e 4/AGO – Cidade do México, México. 8ª edição do Fórum de Governança da Internet da América Latina e Caribe (LACIGF8). | 5 a 7/AGO – Cidade do México, México. V Conferência Ministerial da América Latina e do Caribe sobre Sociedade da Informação (eLAC)."
"Calendário de eventos entre 26 de julho e 1° de agosto de 2015","24/07/2015","https://www.gov.br/mre/pt-br/canais_atendimento/imprensa/notas-a-imprensa/calendario-de-eventos-entre-26-de-julho-e-1-de-agosto-de-2015","A nota aborda governança da internet de forma específica. No tocante ao posicionamento do MRE, destaca-se: ""26/JUL a 1º/AGO – Meissen, Alemanha. Escola de Verão Europeia sobre Governança da Internet (""European Summer School on Internet Governance – Euro-SSIG"").""","26/JUL a 1º/AGO – Meissen, Alemanha. Escola de Verão Europeia sobre Governança da Internet (""European Summer School on Internet Governance – Euro-SSIG"")."
"Visita ao Brasil do Secretário Especial para a América Latina e Assuntos Consulares, Passaporte e Vistos da Índia – Comunicado Conjunto – Brasília, 20 e 21 de julho de 2015","21/07/2015","https://www.gov.br/mre/pt-br/canais_atendimento/imprensa/notas-a-imprensa/visita-ao-brasil-do-secretario-especial-para-a-america-latina-e-assuntos-consulares-passaporte-e-vistos-da-india-comunicado-conjunto-brasilia-20-e-21-de-julho-de-2015","A nota aborda soberania digital e cibersegurança de forma específica. No tocante ao posicionamento do MRE, destaca-se: ""...entre outras: comércio, agricultura, meio ambiente, usos pacíficos de energia nuclear, espaço, defesa, medicina tradicional, educação, cultura e segurança cibernética. Ambos os lados concordaram em coordenar esforços no âmbito do G-4, grupo composto por Brasil, Índia, Alemanha e Japão que atua em favor da reforma...""","...entre outras: comércio, agricultura, meio ambiente, usos pacíficos de energia nuclear, espaço, defesa, medicina tradicional, educação, cultura e segurança cibernética. Ambos os lados concordaram em coordenar esforços no âmbito do G-4, grupo composto por Brasil, Índia, Alemanha e Japão que atua em favor da reforma... | ...alia trade and commerce, agriculture, environment, peaceful uses of nuclear energy, space, defence, traditional medicine, education, culture, and cyber security. Both sides agreed to coordinate their efforts within G-4 for UN Security Council reform; work closely together in BASIC for Climate Change, and to..."
"Comunicado Conjunto por ocasião das Primeiras Consultas Intergovernamentais de Alto Nível Brasil-Alemanha – Brasília, 20 de agosto de 2015","20/08/2015","https://www.gov.br/mre/pt-br/canais_atendimento/imprensa/notas-a-imprensa/comunicado-conjunto-por-ocasiao-das-primeiras-consultas-intergovernamentais-de-alto-nivel-brasil-alemanha-brasilia-20-de-agosto-de-2015","A nota aborda governança da internet e privacidade e proteção de dados pessoais, aportando ao debate sobre governança digital global. Trecho-chave: ""A Chanceler Angela Merkel congratulou o Governo brasileiro pela bem-sucedida Conferência “NETmundial”, em São Paulo (abril de 2014). Os dois lados concordaram em manter a cooperação com vistas a uma internet transparente e inclusiva, que garanta a...""","A Chanceler Angela Merkel congratulou o Governo brasileiro pela bem-sucedida Conferência “NETmundial”, em São Paulo (abril de 2014). Os dois lados concordaram em manter a cooperação com vistas a uma internet transparente e inclusiva, que garanta a... | Tendo presente a exitosa cooperação entre Brasil e Alemanha sobre o direito à privacidade na era digital, as Chefes de Governo decidiram estabelecer mecanismo bilateral de consultas e de cooperação sobre temas cibernéticos. | Chancellor Angela Merkel congratulated the Brazilian Government for the successful “NETmundial” Conference, in São Paulo (April 2014). The two countries agreed to maintain cooperation to promote an inclusive and transparent Internet, ensuring..."
"Calendário de eventos entre 16 e 22 de agosto de 2015","14/08/2015","https://www.gov.br/mre/pt-br/canais_atendimento/imprensa/notas-a-imprensa/calendario-de-eventos-entre-16-de-agosto-e-22-de-agosto-de-2015-2","A nota aborda governança da internet de forma específica. No tocante ao posicionamento do MRE, destaca-se: ""17/AGO – São Paulo, Brasil. Mesa de debate ""Ecossistema da Governança da Internet"", no âmbito da 2ª Escola de Governança da Internet no Brasil (EGI), iniciativa do Comitê Gestor da Internet no Brasil (CGI br) e do Núcleo de...""","17/AGO – São Paulo, Brasil. Mesa de debate ""Ecossistema da Governança da Internet"", no âmbito da 2ª Escola de Governança da Internet no Brasil (EGI), iniciativa do Comitê Gestor da Internet no Brasil (CGI br) e do Núcleo de..."
"Calendário de eventos entre 9 e 15 de agosto de 2015","07/08/2015","https://www.gov.br/mre/pt-br/canais_atendimento/imprensa/notas-a-imprensa/calendario-de-eventos-entre-9-de-agosto-e-15-de-agosto-de-2016","A nota aborda governança da internet de forma específica. No tocante ao posicionamento do MRE, destaca-se: ""10 e 11/AGO – João Pessoa. Missão preparatória das Nações Unidas para a X Edição do Fórum de Governança da Internet (IGF).""","10 e 11/AGO – João Pessoa. Missão preparatória das Nações Unidas para a X Edição do Fórum de Governança da Internet (IGF)."
"Calendário de eventos entre 30 de agosto e 5 de setembro de 2015","29/08/2015","https://www.gov.br/mre/pt-br/canais_atendimento/imprensa/notas-a-imprensa/calendario-de-eventos-entre-30-de-agosto-e-5-de-setembro-de-2015","A nota aborda governança da internet de forma específica. No tocante ao posicionamento do MRE, destaca-se: ""...Gabinete do Plano de Trabalho de Avaliação (2016 - 2018).
  


  02 a 4/SET – Paris, França. Reunião do Grupo Assessor Multissetorial do Fórum de Governança da Internet (MAG-IGF), em preparação para a X edição do IGF (João Pessoa, 10 a 13 de novembro de 2015).
  

  03 a 04/SET – Assunção, Paraguai. Reunião do...""","...Gabinete do Plano de Trabalho de Avaliação (2016 - 2018).
  


  02 a 4/SET – Paris, França. Reunião do Grupo Assessor Multissetorial do Fórum de Governança da Internet (MAG-IGF), em preparação para a X edição do IGF (João Pessoa, 10 a 13 de novembro de 2015).
  

  03 a 04/SET – Assunção, Paraguai. Reunião do..."
"Calendário de eventos entre 6 e 12 de setembro de 2015","04/09/2015","https://www.gov.br/mre/pt-br/canais_atendimento/imprensa/notas-a-imprensa/calendario-de-eventos-entre-16-de-agosto-e-22-de-agosto-de-2015-3","A nota aborda governança da internet e infraestrutura digital e transformação tecnológica, aportando ao debate sobre governança digital global. Trecho-chave: ""...Reunião Ministerial do Conselho Energético Sul-Americano.
  

  10 e 11/SET – Porto, Portugal. 4ª edição do Fórum para a Sociedade da Informação - Governança da Internet, organizado pela Associação para a Promoção e Desenvolvimento da Sociedade da Informação (APDSI), de Portugal, e outras instituições.""","...Reunião Ministerial do Conselho Energético Sul-Americano.
  

  10 e 11/SET – Porto, Portugal. 4ª edição do Fórum para a Sociedade da Informação - Governança da Internet, organizado pela Associação para a Promoção e Desenvolvimento da Sociedade da Informação (APDSI), de Portugal, e outras instituições. | ...– Quito, Equador. V Reunião Ministerial do Conselho Energético Sul-Americano.
  

  10 e 11/SET – Porto, Portugal. 4ª edição do Fórum para a Sociedade da Informação - Governança da Internet, organizado pela Associação para a Promoção e Desenvolvimento da Sociedade da Informação (APDSI), de Portugal, e outras..."
"Viagem da Presidenta da República à Finlândia – 20 de outubro de 2015 – Lista de Hotéis","14/10/2015","https://www.gov.br/mre/pt-br/canais_atendimento/imprensa/notas-a-imprensa/viagem-da-presidenta-da-republica-a-finlandia-20-de-outubro-de-2015-lista-de-hoteis","A nota aborda regulação de plataformas e serviços digitais de forma específica. No tocante ao posicionamento do MRE, destaca-se: ""...HelsinkiTelefone: +358 9 16661Correio Eletrônico: granmarina@scandichotels.comSite: http://www.scandichotels.fi/Hotels/Suomi/Helsinki/Scandic-GrandMarina/#.VheuAcqZ2TEApartamento simples: EUR 114,00Apartamento duplo: EUR 124,00""","...HelsinkiTelefone: +358 9 16661Correio Eletrônico: granmarina@scandichotels.comSite: http://www.scandichotels.fi/Hotels/Suomi/Helsinki/Scandic-GrandMarina/#.VheuAcqZ2TEApartamento simples: EUR 114,00Apartamento duplo: EUR 124,00"
"Calendário de eventos entre 4 e 10 de outubro de 2015","02/10/2015","https://www.gov.br/mre/pt-br/canais_atendimento/imprensa/notas-a-imprensa/calendario-de-eventos-entre-4-e-10-de-outubro-de-2017","A nota aborda governança da internet e privacidade e proteção de dados pessoais, aportando ao debate sobre governança digital global. Trecho-chave: ""5 a 7/OUT – João Pessoa, PB, Brasil. Missão de campo preparatória à X edição do Fórum de Governança da Internet – IGF.""","5 a 7/OUT – João Pessoa, PB, Brasil. Missão de campo preparatória à X edição do Fórum de Governança da Internet – IGF. | 6 e 7/OUT – Brasília, Brasil. ""Global Data Privacy Dialogue 2015"". | 8 e 9/OUT – Berlim, Alemanha. Reunião Internacional Multissetorial sobre o projeto ""Internet & Jurisdiction""."
"Calendário de eventos entre 22 e 28 de novembro de 2015","20/11/2015","https://www.gov.br/mre/pt-br/canais_atendimento/imprensa/notas-a-imprensa/calendario-de-eventos-9-15-de-agosto-de-2015-portugues-2","A nota aborda infraestrutura digital e transformação tecnológica de forma específica. No tocante ao posicionamento do MRE, destaca-se: ""...a Reunião de Alto Nível da Assembleia Geral das Nações Unidas sobre o WSIS+10 (Revisão Decenal da Implementação dos Resultados da Cúpula Mundial da Sociedade da Informação).""","...a Reunião de Alto Nível da Assembleia Geral das Nações Unidas sobre o WSIS+10 (Revisão Decenal da Implementação dos Resultados da Cúpula Mundial da Sociedade da Informação). | ...1ª Reunião de legisladores e especialistas da América Latina e do Caribe sobre os desafios da Internet: governança e dimensões éticas da sociedade da informação."
"Comunicado dos Mandatários do G20  – Cúpula de Antália, 15-16 de novembro de 2015","18/11/2015","https://www.gov.br/mre/pt-br/canais_atendimento/imprensa/notas-a-imprensa/comunicado-dos-lideres-do-g20-cupula-de-antalia-15-16-de-novembro-de-2015","A nota aborda privacidade e proteção de dados pessoais e inclusão e acessibilidade digital, aportando ao debate sobre governança digital global. Trecho-chave: ""...All states in ensuring the secure use of ICTs, should respect and protect the principles of freedom from unlawful and arbitrary interference of privacy, including in the context of digital communications. We also note the key role played by the United Nations in developing norms and in this context...""","...All states in ensuring the secure use of ICTs, should respect and protect the principles of freedom from unlawful and arbitrary interference of privacy, including in the context of digital communications. We also note the key role played by the United Nations in developing norms and in this context... | ...our collective ability to use the Internet to bolster economic growth and development around the world. We commit ourselves to bridge the digital divide. In the ICT environment, just as elsewhere, states have a special responsibility to promote security, stability, and economic ties with other..."
"Reunião dos Mandatários do BRICS à Margem da Cúpula do G20 - Antália, Turquia, 15 de novembro de 2015","15/11/2015","https://www.gov.br/mre/pt-br/canais_atendimento/imprensa/notas-a-imprensa/reuniao-informal-dos-lideres-do-brics-a-margem-da-cupula-do-g20-antalia-15-de-novembro-de-2015","A nota aborda regulação de plataformas e serviços digitais de forma específica. No tocante ao posicionamento do MRE, destaca-se: ""...in the implementation of the Strategy for the BRICS Economic Partnership adopted at the Ufa Summit as well as in preparing a draft BRICS Roadmap for Trade, Economic and Investment Cooperation until 2020.
  

  The Leaders exchanged views on the main topics on the G20 Summit agenda and...""","...in the implementation of the Strategy for the BRICS Economic Partnership adopted at the Ufa Summit as well as in preparing a draft BRICS Roadmap for Trade, Economic and Investment Cooperation until 2020.
  

  The Leaders exchanged views on the main topics on the G20 Summit agenda and..."
"Calendário de eventos entre 15 e 21 de novembro de 2015","14/11/2015","https://www.gov.br/mre/pt-br/canais_atendimento/imprensa/notas-a-imprensa/calendario-de-eventos-entre-15-e-21-de-novembro-de-2015","A nota aborda infraestrutura digital e transformação tecnológica de forma específica. No tocante ao posicionamento do MRE, destaca-se: ""17/NOV – Brasília. VIII Reunião do Diálogo Brasil-União Europeia sobre Sociedade da Informação.""","17/NOV – Brasília. VIII Reunião do Diálogo Brasil-União Europeia sobre Sociedade da Informação."
"Visita ao Brasil de Sua Alteza Real o Príncipe Herdeiro da Noruega – Brasília, 16 de novembro de 2015","13/11/2015","https://www.gov.br/mre/pt-br/canais_atendimento/imprensa/notas-a-imprensa/visita-ao-brasil-de-sua-alteza-real-o-principe-herdeiro-da-noruega-brasilia-16-de-novembro-de-2015","A nota aborda privacidade e proteção de dados pessoais de forma específica. No tocante ao posicionamento do MRE, destaca-se: ""Brasil e Noruega têm coordenado ações em organismos internacionais, em temas como privacidade na era digital, saúde global e direitos dos povos indígenas.""","Brasil e Noruega têm coordenado ações em organismos internacionais, em temas como privacidade na era digital, saúde global e direitos dos povos indígenas."
"Calendário de eventos entre 8 e 14 de novembro de 2015","06/11/2015","https://www.gov.br/mre/pt-br/canais_atendimento/imprensa/notas-a-imprensa/calendario-de-eventos-8-e-14-de-novembro-de-2016","A nota aborda governança da internet de forma específica. No tocante ao posicionamento do MRE, destaca-se: ""10 a 13/NOV – João Pessoa, Brasil. X edição do Fórum de Governança da Internet (X IGF)""","10 a 13/NOV – João Pessoa, Brasil. X edição do Fórum de Governança da Internet (X IGF)"
"Declaração de Riade – IV Cúpula América do Sul-Países Árabes (ASPA) – Riade, 10 e 11 de novembro de 2015","24/11/2015","https://www.gov.br/mre/pt-br/canais_atendimento/imprensa/notas-a-imprensa/declaracao-de-riade-iv-cupula-america-do-sul-paises-arabes-aspa-11-de-novembro-de-2015","A nota aborda soberania digital e cibersegurança e infraestrutura digital e transformação tecnológica, aportando ao debate sobre governança digital global. Trecho-chave: ""Também reafirmar que a Cooperação Sul-Sul é guiada pelos seguintes princípios: respeito à soberania nacional, apropriação e independência nacionais, igualdade, não-condicionalidade, solidariedade, complementariedade, não interferência em assuntos...""","Também reafirmar que a Cooperação Sul-Sul é guiada pelos seguintes princípios: respeito à soberania nacional, apropriação e independência nacionais, igualdade, não-condicionalidade, solidariedade, complementariedade, não interferência em assuntos... | 5- Pedir a expansão da coordenação e da cooperação científicas, particularmente nas áreas de sociedade da informação; adaptação e mitigação dos efeitos da mudança climática; combate à desertificação; gestão de recursos hídricos; e agricultura."
"Declaração de Brasília – Segunda Conferência Global de Alto Nível sobre Segurança no Trânsito – Brasília, 18-19 de novembro de 2015","20/11/2015","https://www.gov.br/mre/pt-br/canais_atendimento/imprensa/notas-a-imprensa/segunda-conferencia-global-de-alto-nivel-sobre-seguranca-no-transito","A nota aborda governança da internet de forma específica. No tocante ao posicionamento do MRE, destaca-se: ""...is a shared responsibility to move towards a world free from road traffic fatalities and serious injuries, and that addressing road safety demands multi-stakeholder collaboration;""","...is a shared responsibility to move towards a world free from road traffic fatalities and serious injuries, and that addressing road safety demands multi-stakeholder collaboration; | OP23.
  
  Increase awareness of road safety risk factors, protection and prevention measures and implement multi-stakeholder advocacy actions and social marketing campaigns, that emphasize the importance of the interrelation between road safety and a healthy lifestyle;"
"VII Reunião da Comissão Mista Brasil-Índia – Comunicado Conjunto e Ata  –  Nova Délhi, 19 de novembro de 2015 [Inglês]","01/12/2015","https://www.gov.br/mre/pt-br/canais_atendimento/imprensa/notas-a-imprensa/vii-reuniao-da-comissao-mista-brasil-india-comunicado-conjunto-e-ata-nova-delhi-19-de-novembro-de-2015","A nota aborda soberania digital e cibersegurança e regulação de plataformas e serviços digitais, aportando ao debate sobre governança digital global. Trecho-chave: ""...and Food Supply to India in November 2015 and the joint decision to start discussions within the Joint Working Group on Agriculture on a roadmap to facilitate and implement initiatives under the MoU on Agriculture and Allied Sectors.""","...and Food Supply to India in November 2015 and the joint decision to start discussions within the Joint Working Group on Agriculture on a roadmap to facilitate and implement initiatives under the MoU on Agriculture and Allied Sectors. | 49. India and Brazil have agreed to strengthen joint efforts on promoting cyber security, combating cybercrime, and improving cooperation between our technical, law enforcement, cyber R&D, and capacity building institutions. To this..."
"Calendário de eventos entre 13 e 19 de dezembro de 2015","11/12/2015","https://www.gov.br/mre/pt-br/canais_atendimento/imprensa/notas-a-imprensa/calendario-de-eventos-entre-13-e-19-de-dezembro-de-2015","A nota aborda infraestrutura digital e transformação tecnológica de forma específica. No tocante ao posicionamento do MRE, destaca-se: ""...Reunião de Alto Nível da Assembleia Geral das Nações Unidas sobre WSIS+10 (Revisão Decenal da Implementação dos Resultados da Cúpula Mundial da Sociedade da Informação).""","...Reunião de Alto Nível da Assembleia Geral das Nações Unidas sobre WSIS+10 (Revisão Decenal da Implementação dos Resultados da Cúpula Mundial da Sociedade da Informação)."
"Visita do Ministro das Relações Exteriores à Etiópia, ao Marrocos e à Tunísia – 8 a 11 de março de 2016","04/03/2016","https://www.gov.br/mre/pt-br/canais_atendimento/imprensa/notas-a-imprensa/viagem-do-ministro-das-relacoes-exteriores-a-etiopia-ao-marrocos-e-a-tunisia-8-a-11-de-marco-de-2016","A nota aborda infraestrutura digital e transformação tecnológica de forma específica. No tocante ao posicionamento do MRE, destaca-se: ""Reunião entre o Ministro Mauro Vieira e o Ministro da Indústria, do Comércio, do Investimento e da Economia Digital, Moulay Hafid Elalamy
    

     Fotos: AIG/MRE""","Reunião entre o Ministro Mauro Vieira e o Ministro da Indústria, do Comércio, do Investimento e da Economia Digital, Moulay Hafid Elalamy
    

     Fotos: AIG/MRE | ...e se reunirá com os Ministros do Equipamento, dos Transportes e da Logística, Azziz Rabbah, e da Indústria, do Comércio, do Investimento e da Economia Digital do Marrocos, Moulay Hafid Elalamy, com quem copresidirá a abertura de Seminário Empresarial Brasil-Marrocos. O Chanceler brasileiro será recebido..."
"Declaração Conjunta adotada por ocasião da I Reunião do Mecanismo 2+2 de Consulta e Avaliação Estratégica entre os Ministérios da Defesa e das Relações Exteriores do Brasil e do Paraguai – Assunção, 4 de abril de 2016","04/04/2016","https://www.gov.br/mre/pt-br/canais_atendimento/imprensa/notas-a-imprensa/declaracao-conjunta-adotada-por-ocasiao-da-i-reuniao-do-mecanismo-2-2-de-consulta-e-avaliacao-estrategica-entre-os-ministerios-da-defesa-e-das-relacoes-exteriores-do-brasil-e-do-paraguai","A nota aborda regulação de plataformas e serviços digitais de forma específica. No tocante ao posicionamento do MRE, destaca-se: ""...a Escola Sul-Americana de Defesa (ESUDE); a Junta Interamericana de Defesa (JID); e a XII Conferência de Ministros de Defesa das Américas (XII CDMA).""","...a Escola Sul-Americana de Defesa (ESUDE); a Junta Interamericana de Defesa (JID); e a XII Conferência de Ministros de Defesa das Américas (XII CDMA). | ...Sudamericana de Defensa (ESUDE); la Junta Interamericana de Defensa (JID); y la XII Conferencia de Ministros de Defensa de las Américas (XII CDMA)."
"Calendário de eventos entre 3 e 9 de abril de 2016","01/04/2016","https://www.gov.br/mre/pt-br/canais_atendimento/imprensa/notas-a-imprensa/calendario-de-eventos-entre-3-e-9-de-abril-de-2016","A nota aborda governança da internet e infraestrutura digital e transformação tecnológica, aportando ao debate sobre governança digital global. Trecho-chave: ""4 a 6/ABR – Genebra, Suíça. Reunião do Grupo Assessor Multissetorial (MAG) para preparação da XI edição do Fórum Governança da Internet (IGF).""","4 a 6/ABR – Genebra, Suíça. Reunião do Grupo Assessor Multissetorial (MAG) para preparação da XI edição do Fórum Governança da Internet (IGF). | 07/ABR – Brasília. Seminário ""Viabilizando a Economia Digital e a Inovação no Brasil: Lançamento do Relatório de Desenvolvimento Mundial 2016 sobre Dividendos Digitais""."
"Consultas Políticas Brasil-Liga dos Estados Árabes – Brasília, 28 de abril de 2016","27/04/2016","https://www.gov.br/mre/pt-br/canais_atendimento/imprensa/notas-a-imprensa/consultas-politicas-brasil-liga-dos-estados-arabes-brasilia-28-de-abril-de-2016","A nota aborda governança da internet de forma específica. No tocante ao posicionamento do MRE, destaca-se: ""O Governo brasileiro tem buscado, nos últimos anos, ampliar a cooperação multissetorial com a Liga e aprofundar o diálogo político bilateral com seus 22 países membros. A realização da I Reunião ocorre menos de um ano após a...""","O Governo brasileiro tem buscado, nos últimos anos, ampliar a cooperação multissetorial com a Liga e aprofundar o diálogo político bilateral com seus 22 países membros. A realização da I Reunião ocorre menos de um ano após a..."
"Calendário de eventos entre 24 e 30 de abril de 2016","22/04/2016","https://www.gov.br/mre/pt-br/canais_atendimento/imprensa/notas-a-imprensa/calendario-de-eventos-entre-24-e-30de-abril-de-2016","A nota aborda infraestrutura digital e transformação tecnológica de forma específica. No tocante ao posicionamento do MRE, destaca-se: ""28 e 29/ABR. Videoconferência do G20 sobre definição e medição de economia digital.""","28 e 29/ABR. Videoconferência do G20 sobre definição e medição de economia digital."
"Calendario de eventos entre 10 e 16 de abril de 2016","08/04/2016","https://www.gov.br/mre/pt-br/canais_atendimento/imprensa/notas-a-imprensa/calendario-de-eventos-entre10-e-16-de-abril-de-2016","A nota aborda privacidade e proteção de dados pessoais e inclusão e acessibilidade digital, aportando ao debate sobre governança digital global. Trecho-chave: ""14/ABR – Brasília. 2º Seminário Internacional sobre Estado de Direito e Proteção de Dados do Consumidor.""","14/ABR – Brasília. 2º Seminário Internacional sobre Estado de Direito e Proteção de Dados do Consumidor. | 15/ABR – Roma, Itália. Organização das Nações Unidas para a Alimentação e Agricultura (FAO). Evento FAO / Google: “Unidos para fortalecer o papel da tecnologia para o desenvolvimento sustentável”. | 15/ABR – Brasília. 2º Sessão de treinamento em Proteção de Dados do Consumidor."
"Comunicado conjunto por ocasião da visita oficial da Presidenta da República Argentina, Cristina Fernández de Kirchner, ao Brasil – Brasília, 29 de julho de 2011","20/05/2016","https://www.gov.br/mre/pt-br/canais_atendimento/imprensa/notas-a-imprensa/comunicado-conjunto-por-ocasiao-da-visita-oficial-da-presidenta-da-republica-argentina-cristina-fernandez-de-kirchner-ao-brasil-brasilia-29-de-julho-de-2011","A nota aborda infraestrutura digital e transformação tecnológica de forma específica. No tocante ao posicionamento do MRE, destaca-se: ""Projeto 22 - Cooperação na Área de Massificação do Acesso à Internet em Banda Larga""","Projeto 22 - Cooperação na Área de Massificação do Acesso à Internet em Banda Larga | ...da identificação por parte das equipes técnicas de Brasil e Argentina, no âmbito do Plano de Ação na Área de Massificação do Acesso à Internet em Banda Larga, de pontos de conexão em áreas de fronteira (Paso de los Libres e Uruguaiana) e pontos de intercâmbio de tráfego (Puerto Iguazú e Foz de Iguaçu),... | As equipes técnicas do Brasil e da Argentina identificaram pontos de interesse comum entre as empresas Telebrás e ARSAT relativos à conectividade de banda larga e redigiram as bases para o Acordo Marco a ser celebrado entre essas empresas. Entre os pontos, destacam-se:"
"XII Reunião de Ministros das Relações Exteriores dos Países Membros da OTCA - El Coca, Equador, 3 de maio de 2013 – Declaração de El Coca – texto integral [Espanhol]","20/05/2016","https://www.gov.br/mre/pt-br/canais_atendimento/imprensa/notas-a-imprensa/xii-reuniao-de-ministros-das-relacoes-exteriores-dos-paises-membros-da-otca-el-coca-equador-3-de-maio-de-2013-declaracao-de-el-coca-texto-integral-espanhol","A nota aborda governança da internet de forma específica. No tocante ao posicionamento do MRE, destaca-se: ""...de apropiación por terceros de los nombres geográficos de los Países Parte de la OTCA en general y del nombre de dominio de primer nivel ....amazonia... o relacionados, sin el debido consentimiento de los Países amazónicos. Agradecer a la República Federativa de Brasil y República del Perú por...""","...de apropiación por terceros de los nombres geográficos de los Países Parte de la OTCA en general y del nombre de dominio de primer nivel ....amazonia... o relacionados, sin el debido consentimiento de los Países amazónicos. Agradecer a la República Federativa de Brasil y República del Perú por..."
"Calendário de eventos entre 15 e 21 de maio de 2016","13/05/2016","https://www.gov.br/mre/pt-br/canais_atendimento/imprensa/notas-a-imprensa/calendario-de-eventos-entre-15-e-21-de-maio-de-2016","A nota aborda infraestrutura digital e transformação tecnológica e inclusão e acessibilidade digital, aportando ao debate sobre governança digital global. Trecho-chave: ""16 a 18/MAI – Pequim, China. Encontro do G20 sobre Inovação, Nova Revolução Industrial e Economia Digital.""","16 a 18/MAI – Pequim, China. Encontro do G20 sobre Inovação, Nova Revolução Industrial e Economia Digital. | 17 e 18/MAI – Islamabade, Paquistão. 19ª Reunião do Conselho de Coordenação da Comissão sobre Ciência e Tecnologia para o Desenvolvimento Sustentável do Sul (COMSATS)."
"Calendário de eventos entre 8 e 14 de maio de 2016","06/05/2016","https://www.gov.br/mre/pt-br/canais_atendimento/imprensa/notas-a-imprensa/calendario-de-eventos-entre-8-e-14-de-maio-de-2016","A nota aborda inclusão e acessibilidade digital de forma específica. No tocante ao posicionamento do MRE, destaca-se: ""9 a 13/MAIO – Genebra, Suíça. 19ª Comissão de Ciência e Tecnologia para o Desenvolvimento do Conselho Econômico e Social das Nações Unidas (ECOSOC).""","9 a 13/MAIO – Genebra, Suíça. 19ª Comissão de Ciência e Tecnologia para o Desenvolvimento do Conselho Econômico e Social das Nações Unidas (ECOSOC)."
"V Cúpula do Fórum de Diálogo Índia, Brasil e África do Sul (IBAS) – Declaração de Tshwane – 18/10/2011","30/05/2016","https://www.gov.br/mre/pt-br/canais_atendimento/imprensa/notas-a-imprensa/v-cupula-do-forum-de-dialogo-india-brasil-e-africa-do-sul-ibas-declaracao-de-tshwane-18-10-2011","A nota abrange múltiplos eixos temáticos da governança digital global: governança da internet, soberania digital e cibersegurança, infraestrutura digital e transformação tecnológica e regulação de plataformas e serviços digitais. Como evidência, destaca-se: ""...que a cooperação Sul-Sul é um esforço comum de povos e países do Sul, uma parceria entre iguais, e deve ser guiada pelos princípios de respeito à soberania nacional, propriedade e independência nacional, igualdade, não condicionamento, não interferência nos assuntos domésticos e benefício mútuo.38. Os Líderes...""","...que a cooperação Sul-Sul é um esforço comum de povos e países do Sul, uma parceria entre iguais, e deve ser guiada pelos princípios de respeito à soberania nacional, propriedade e independência nacional, igualdade, não condicionamento, não interferência nos assuntos domésticos e benefício mútuo.38. Os Líderes... | Governança da Internet52. Os Líderes reafirmaram seu compromisso de trabalhar em conjunto em direção a uma sociedade de informação inclusiva, orientada ao desenvolvimento... | 55. Os Líderes enfatizaram a Governança da Internet como área estratégica chave que exige colaboração próxima e ação concreta. Nesse contexto, recomendaram o estabelecimento de um Observatório de..."
"Calendário de eventos entre 5 e 11 de junho de 2016","03/06/2016","https://www.gov.br/mre/pt-br/canais_atendimento/imprensa/notas-a-imprensa/calendario-de-eventos-entre-15-e-21-de-maio-de-2018","A nota aborda governança da internet de forma específica. No tocante ao posicionamento do MRE, destaca-se: ""6 e 7/JUN – Nova York, EUA. Primeiro Fórum Anual Multissetorial sobre Ciência, Tecnologia e Inovação para os Objetivos do Desenvolvimento Sustentável (STI Forum).""","6 e 7/JUN – Nova York, EUA. Primeiro Fórum Anual Multissetorial sobre Ciência, Tecnologia e Inovação para os Objetivos do Desenvolvimento Sustentável (STI Forum)."
"Discurso do Ministro José Serra durante a Reunião Ministerial da Organização Mundial de Comércio (OMC) – Paris, 2 de junho de 2016","02/06/2016","https://www.gov.br/mre/pt-br/canais_atendimento/imprensa/notas-a-imprensa/discurso-do-ministro-jose-serra-durante-a-sessao-reforcando-a-contribuicao-do-comercio-e-do-investimento-para-o-crescimento-inclusivo-da-reuniao-do-conselho-ministerial-da-ocde-paris-2-de-junho-de-2016","A nota aborda privacidade e proteção de dados pessoais de forma específica. No tocante ao posicionamento do MRE, destaca-se: ""...previsibilidade do comércio baseado na Internet com disciplinas que assegurem a cooperação adequada para fazer valer os direitos do consumidor e o direito à privacidade. Se não alcançarmos esse equilíbrio, as disciplinas serão inúteis, uma vez que os consumidores perderão a confiança nesse instrumento, se sentirem...""","...previsibilidade do comércio baseado na Internet com disciplinas que assegurem a cooperação adequada para fazer valer os direitos do consumidor e o direito à privacidade. Se não alcançarmos esse equilíbrio, as disciplinas serão inúteis, uma vez que os consumidores perderão a confiança nesse instrumento, se sentirem..."
"Calendário de eventos entre 19 e 25 de junho de 2016","17/06/2016","https://www.gov.br/mre/pt-br/canais_atendimento/imprensa/notas-a-imprensa/calendario-de-eventos-entre-19-e-25-de-junho-de-2016","A nota aborda infraestrutura digital e transformação tecnológica de forma específica. No tocante ao posicionamento do MRE, destaca-se: ""22 a 23/JUN – Cancún, México. Conferência ministerial da Organização para a Cooperação e Desenvolvimento Econômico (OCDE) sobre o tema ""Economia Digital: Inovação, Crescimento e Prosperidade Social"".""","22 a 23/JUN – Cancún, México. Conferência ministerial da Organização para a Cooperação e Desenvolvimento Econômico (OCDE) sobre o tema ""Economia Digital: Inovação, Crescimento e Prosperidade Social""."
"Comunicado Conjunto dos Chanceleres de Argentina, Brasil, Chile e Uruguai sobre a situação na Venezuela","12/06/2016","https://www.gov.br/mre/pt-br/canais_atendimento/imprensa/notas-a-imprensa/comunicado-conjunto","A nota aborda direitos humanos no ambiente digital de forma específica. No tocante ao posicionamento do MRE, destaca-se: ""Nesse sentido, reafirmam que as autoridades têm a responsabilidade de garantir o direito às manifestações pacíficas e à livre expressão de ideias, e fazem um chamado a que, conforme prometeu o governo, se investiguem as responsabilidades pela violência.""","Nesse sentido, reafirmam que as autoridades têm a responsabilidade de garantir o direito às manifestações pacíficas e à livre expressão de ideias, e fazem um chamado a que, conforme prometeu o governo, se investiguem as responsabilidades pela violência."
"Calendário de eventos entre 10 e 16 de julho de 2016","08/07/2016","https://www.gov.br/mre/pt-br/canais_atendimento/imprensa/notas-a-imprensa/calendario-de-eventos-entre-26-de-junho-e-2-de-julho-de-2020","A nota aborda governança da internet de forma específica. No tocante ao posicionamento do MRE, destaca-se: ""12 a 14/JUL – Nova York, EUA. Reunião do Grupo Assessor Multissetorial (MAG) preparatório do XI Fórum de Governança da Internet (IGF).""","12 a 14/JUL – Nova York, EUA. Reunião do Grupo Assessor Multissetorial (MAG) preparatório do XI Fórum de Governança da Internet (IGF). | 14 a 16/JUL – Glen Cove, EUA. Reunião de grupo de reflexão sobre o Fórum de Governança da Internet (IGF), organizado pelo Departamento de Temas Econômicos e Sociais das Nações Unidas (UNDESA)."
"Calendário de eventos entre 24 e 30 de julho de 2016","22/07/2016","https://www.gov.br/mre/pt-br/canais_atendimento/imprensa/notas-a-imprensa/calendario-de-eventos-entre-15-e-21-de-maio-de-2021","A nota aborda governança da internet e soberania digital e cibersegurança, aportando ao debate sobre governança digital global. Trecho-chave: ""27 a 29/JUL – São José, Costa Rica. 9ª Reunião do Fórum de Governança da Internet da América Latina e do Caribe (LACIGF).""","27 a 29/JUL – São José, Costa Rica. 9ª Reunião do Fórum de Governança da Internet da América Latina e do Caribe (LACIGF). | 29/JUL – Nova Delhi, Índia. 9ª Cúpula Anual sobre Segurança Cibernética e de Redes."
"Calendário de eventos entre 21 e 27 de agosto de 2016","19/08/2016","https://www.gov.br/mre/pt-br/canais_atendimento/imprensa/notas-a-imprensa/calendario-de-eventos-entre-26-de-junho-e-2-de-julho-de-2025","A nota aborda inclusão e acessibilidade digital de forma específica. No tocante ao posicionamento do MRE, destaca-se: ""25 a 27/AGO – João Pessoa, Brasil. IX Encontro da Associação Nacional para Inclusão Digital (ANID).""","25 a 27/AGO – João Pessoa, Brasil. IX Encontro da Associação Nacional para Inclusão Digital (ANID)."
"Comunicado dos Líderes do G20 – Cúpula de Hangzhou – 4-5 de setembro de 2016","08/09/2016","https://www.gov.br/mre/pt-br/canais_atendimento/imprensa/notas-a-imprensa/comunicado-dos-lideres-do-g20-cupula-de-hangzhou-4-5-de-setembro-de-2016","A nota abrange múltiplos eixos temáticos da governança digital global: privacidade e proteção de dados pessoais, infraestrutura digital e transformação tecnológica e inclusão e acessibilidade digital. Como evidência, destaca-se: ""...G20 para o Crescimento Inovador como nova agenda que abrange políticas e medidas transversais, nas áreas de inovação, nova revolução industrial e economia digital. Nesse contexto, reconhecemos a importância de reformas estruturais. Seguiremos as recomendações do Plano em consonância com nossas circunstâncias...""","...G20 para o Crescimento Inovador como nova agenda que abrange políticas e medidas transversais, nas áreas de inovação, nova revolução industrial e economia digital. Nesse contexto, reconhecemos a importância de reformas estruturais. Seguiremos as recomendações do Plano em consonância com nossas circunstâncias... | ...pela OCDE e por outras organizações internacionais relevantes, para levar adiante o trabalho do G20 sobre inovação, nova revolução industrial e economia digital, sujeito às prioridades das futuras presidências do G20, assegurando continuidade e consistência com os resultados alcançados até o momento e... | ...de informações que fortaleça o crescimento econômico, a confiança e a segurança, ao mesmo tempo em que garantimos o respeito à privacidade e à proteção de dados pessoais, investimento no setor de TCI, empreendedorismo, transformação digital, cooperação sobre comércio eletrônico, maior inclusão digital e..."
"VIII Cúpula do BRICS – Goa, Índia, 15 e 16 de outubro de 2016","11/10/2016","https://www.gov.br/mre/pt-br/canais_atendimento/imprensa/notas-a-imprensa/viii-cupula-do-brics-goa-india-15-e-16-de-outubro-de-2016","A nota aborda governança da internet de forma específica. No tocante ao posicionamento do MRE, destaca-se: ""...No dia 16, os líderes dos cinco países devem se reunir com seus homólogos dos países da Iniciativa da Baía de Bengala para Cooperação Técnica Multissetorial e Econômica (BIMSTEC) – Bangladesh, Butão, Myanmar, Nepal, Sri Lanka e Tailândia.""","...No dia 16, os líderes dos cinco países devem se reunir com seus homólogos dos países da Iniciativa da Baía de Bengala para Cooperação Técnica Multissetorial e Econômica (BIMSTEC) – Bangladesh, Butão, Myanmar, Nepal, Sri Lanka e Tailândia."
"Calendário de eventos entre 9 e 15 de outubro de 2016","07/10/2016","https://www.gov.br/mre/pt-br/canais_atendimento/imprensa/notas-a-imprensa/calendario-de-eventos-entre-26-de-junho-e-2-de-julho-de-2029","A nota aborda infraestrutura digital e transformação tecnológica de forma específica. No tocante ao posicionamento do MRE, destaca-se: ""...questões internacionais Relacionadas a Políticas Públicas de Internet (CWG-Internet) e sobre Implementação dos Resultados da Cúpula Mundial sobre a Sociedade da Informação (CWG-WSIS).""","...questões internacionais Relacionadas a Políticas Públicas de Internet (CWG-Internet) e sobre Implementação dos Resultados da Cúpula Mundial sobre a Sociedade da Informação (CWG-WSIS)."
"Visita do Presidente da República ao Paraguai - Assunção, 3 de outubro de 2016 - Ato Assinado","04/10/2016","https://www.gov.br/mre/pt-br/canais_atendimento/imprensa/notas-a-imprensa/visita-do-presidente-da-republica-ao-paraguai-ato-assinado","A nota aborda infraestrutura digital e transformação tecnológica de forma específica. No tocante ao posicionamento do MRE, destaca-se: ""...por meio de rotas de fibra óptica para os pontos de interconexão onde se encontram os provedores internacionais de internet e sua conexão com os cabos submarinos que chegam à costa brasileira. 2. Para este efeito, cria-se um Grupo Técnico Misto de Conectividade, doravante denominado ""Grupo Técnico"", com o...""","...por meio de rotas de fibra óptica para os pontos de interconexão onde se encontram os provedores internacionais de internet e sua conexão com os cabos submarinos que chegam à costa brasileira. 2. Para este efeito, cria-se um Grupo Técnico Misto de Conectividade, doravante denominado ""Grupo Técnico"", com o..."
"XI Conferência de Chefes de Estado e de Governo da Comunidade dos Países de Língua Portuguesa (CPLP)","29/10/2016","https://www.gov.br/mre/pt-br/canais_atendimento/imprensa/notas-a-imprensa/xi-conferencia-de-chefes-de-estado-e-de-governo-da-comunidade-dos-paises-de-lingua-portuguesa-cplp","A nota aborda governança da internet de forma específica. No tocante ao posicionamento do MRE, destaca-se: ""...Moçambique, Portugal, São Tomé e Príncipe e Timor-Leste. A Comunidade tem como objetivos a concertação política e diplomática, a cooperação multissetorial e a promoção e difusão da língua portuguesa.""","...Moçambique, Portugal, São Tomé e Príncipe e Timor-Leste. A Comunidade tem como objetivos a concertação política e diplomática, a cooperação multissetorial e a promoção e difusão da língua portuguesa."
"Calendário de eventos entre 23 e 29 de outubro de 2016","21/10/2016","https://www.gov.br/mre/pt-br/canais_atendimento/imprensa/notas-a-imprensa/calendario-de-eventos-entre-26-de-junho-e-2-de-julho-de-2028","A nota aborda infraestrutura digital e transformação tecnológica de forma específica. No tocante ao posicionamento do MRE, destaca-se: ""26/OUT – Brasília. Reunião de coordenação preparatória à IX Reunião do Diálogo Brasil-União Européia sobre a Sociedade da Informação.""","26/OUT – Brasília. Reunião de coordenação preparatória à IX Reunião do Diálogo Brasil-União Européia sobre a Sociedade da Informação."
"Visita do Presidente da República à Índia – Goa, 17 de outubro de 2016 – Comunicado Conjunto Brasil-Índia","17/10/2016","https://www.gov.br/mre/pt-br/canais_atendimento/imprensa/notas-a-imprensa/visita-do-presidente-da-republica-a-india-goa-17-de-outubro-de-2016-comunicado-conjunto-brasil-india","A nota aborda soberania digital e cibersegurança e infraestrutura digital e transformação tecnológica, aportando ao debate sobre governança digital global. Trecho-chave: ""...energética; agricultura e segurança alimentar; saúde, produtos farmacêuticos e acesso a medicamentos; tecnologias da informação e de comunicações; segurança cibernética; espaço; defesa; aviação civil; e infraestrutura.""","...energética; agricultura e segurança alimentar; saúde, produtos farmacêuticos e acesso a medicamentos; tecnologias da informação e de comunicações; segurança cibernética; espaço; defesa; aviação civil; e infraestrutura. | ...tecnologias é um vetor para a inovação econômica e social. Observaram que Brasil e Índia têm grande interesse em aprofundar a cooperação em TIC, segurança cibernética e temas relacionados à economia digital. | ...e social. Observaram que Brasil e Índia têm grande interesse em aprofundar a cooperação em TIC, segurança cibernética e temas relacionados à economia digital."
"Calendário de eventos entre 14 e 20 de novembro de 2016","11/11/2016","https://www.gov.br/mre/pt-br/canais_atendimento/imprensa/notas-a-imprensa/calendario-de-eventos-entre-26-de-junho-e-2-de-julho-de-2032","A nota aborda infraestrutura digital e transformação tecnológica de forma específica. No tocante ao posicionamento do MRE, destaca-se: ""14/NOV a 16/NOV – Paris, França. Reuniões dos Grupos de Trabalho sobre Medição e Análise da Economia Digital, sobre infraestrutura e Política de Serviços e sobre Segurança e Privacidade na Economia Digital, no âmbito do Comitê sobre Políticas de Economia...""","14/NOV a 16/NOV – Paris, França. Reuniões dos Grupos de Trabalho sobre Medição e Análise da Economia Digital, sobre infraestrutura e Política de Serviços e sobre Segurança e Privacidade na Economia Digital, no âmbito do Comitê sobre Políticas de Economia... | 17/NOV e 18/NOV – Paris, França. Reunião do Comitê sobre Política de Economia Digital da Organização para a Cooperação e Desenvolvimento Econômico (CDEP/OCDE)."
"Calendário de eventos entre 06 e 13 de novembro de 2016","04/11/2016","https://www.gov.br/mre/pt-br/canais_atendimento/imprensa/notas-a-imprensa/calendario-de-eventos-entre-26-de-junho-e-2-de-julho-de-2031","A nota aborda infraestrutura digital e transformação tecnológica de forma específica. No tocante ao posicionamento do MRE, destaca-se: ""09 a 11/NOV – Roma, Itália. II Encontro Global da Parceria Público-Privada de Infraestrutura 5G.""","09 a 11/NOV – Roma, Itália. II Encontro Global da Parceria Público-Privada de Infraestrutura 5G. | 10/NOV a 11/NOV – Bruxelas, Bélgica. IX Diálogo Brasil-União Europeia sobre Sociedade da Informação."
"Declaração conjunta do presidente da República Federativa do Brasil e do primeiro-ministro da República Portuguesa por ocasião da XII Cimeira Brasil-Portugal","01/11/2016","https://www.gov.br/mre/pt-br/canais_atendimento/imprensa/notas-a-imprensa/declaracao-conjunta-do-presidente-da-republica-federativa-do-brasil-e-do-primeiro-ministro-da-republica-portuguesa-por-ocasiao-da-xii-cimeira-brasil-portugal","A nota aborda infraestrutura digital e transformação tecnológica de forma específica. No tocante ao posicionamento do MRE, destaca-se: ""Ciência, Tecnologia, Inovação e Sociedade da Informação""","Ciência, Tecnologia, Inovação e Sociedade da Informação | ...ainda, que o crescimento econômico, a produtividade industrial e a inovação tecnológica dependem de forma crescente e irreversível da evolução da economia digital."
"Calendário de eventos entre 05 de dezembro e 11 de dezembro de 2016","02/12/2016","https://www.gov.br/mre/pt-br/canais_atendimento/imprensa/notas-a-imprensa/calendario-nota-468","A nota aborda governança da internet de forma específica. No tocante ao posicionamento do MRE, destaca-se: ""05 a 09/DEZ – Guadalajara, México. XI Fórum de Governança da Internet (IGF).""","05 a 09/DEZ – Guadalajara, México. XI Fórum de Governança da Internet (IGF)."
"Calendário de eventos entre 09 de janeiro e 15 de janeiro de 2017","06/01/2017","https://www.gov.br/mre/pt-br/canais_atendimento/imprensa/notas-a-imprensa/calendario-de-eventos-entre-23-e-31-de-dezembro-de-2018","A nota aborda infraestrutura digital e transformação tecnológica de forma específica. No tocante ao posicionamento do MRE, destaca-se: ""12/JAN – Berlim, Alemanha. Conferência Conjunta com a OCDE ""Questões-chave para a Transformação Digital no G20"".""","12/JAN – Berlim, Alemanha. Conferência Conjunta com a OCDE ""Questões-chave para a Transformação Digital no G20""."
"Calendário de eventos entre 30 de janeiro e 5 de fevereiro de 2017","28/01/2017","https://www.gov.br/mre/pt-br/canais_atendimento/imprensa/notas-a-imprensa/calendario-de-eventos-entre-30-de-janeiro-e-05-de-fevereiro-de-2017","A nota aborda infraestrutura digital e transformação tecnológica de forma específica. No tocante ao posicionamento do MRE, destaca-se: ""...dos Grupos de Trabalho do Conselho da União Internacional de Telecomunicações (UIT) sobre a Implementação dos Resultados da Cúpula Mundial da Sociedade da Informação (CWG-WSIS) e sobre Questões de Políticas Públicas Internacionais afetas à Internet (CWG-Internet).""","...dos Grupos de Trabalho do Conselho da União Internacional de Telecomunicações (UIT) sobre a Implementação dos Resultados da Cúpula Mundial da Sociedade da Informação (CWG-WSIS) e sobre Questões de Políticas Públicas Internacionais afetas à Internet (CWG-Internet)."
"Calendário de eventos entre 23 de janeiro e 29 de janeiro de 2017","20/01/2017","https://www.gov.br/mre/pt-br/canais_atendimento/imprensa/notas-a-imprensa/calendario-de-eventos-entre-23-e-31-de-dezembro-de-2020","A nota aborda inclusão e acessibilidade digital de forma específica. No tocante ao posicionamento do MRE, destaca-se: ""23 a 25/JAN – Genebra, Suíça. Reunião do Painel Intersessional da Comissão sobre Ciência e Tecnologia para o Desenvolvimento (CSTD) das Nações Unidas.""","23 a 25/JAN – Genebra, Suíça. Reunião do Painel Intersessional da Comissão sobre Ciência e Tecnologia para o Desenvolvimento (CSTD) das Nações Unidas. | 26 e 27/JAN – Genebra, Suíça. Segunda reunião do Grupo de Trabalho de Cooperação Aprimorada (WGEC) da Comissão sobre Ciência e Tecnologia para o Desenvolvimento (CSTD) das Nações Unidas."
"Calendário de eventos entre 06 de fevereiro e 12 de fevereiro de 2017","05/02/2017","https://www.gov.br/mre/pt-br/canais_atendimento/imprensa/notas-a-imprensa/calendario-de-eventos-entre-06-de-fevereiro-e-12-de-fevereiro-de-2017","A nota aborda infraestrutura digital e transformação tecnológica de forma específica. No tocante ao posicionamento do MRE, destaca-se: ""...dos Grupos de Trabalho do Conselho da União Internacional de Telecomunicações (UIT) sobre a Implementação dos Resultados da Cúpula Mundial da Sociedade da Informação (CWG-WSIS) e sobre Questões de Políticas Públicas Internacionais afetas à Internet (CWG-Internet).""","...dos Grupos de Trabalho do Conselho da União Internacional de Telecomunicações (UIT) sobre a Implementação dos Resultados da Cúpula Mundial da Sociedade da Informação (CWG-WSIS) e sobre Questões de Políticas Públicas Internacionais afetas à Internet (CWG-Internet)."
"Calendário de eventos entre 27 de fevereiro e 5 de março de 2017","24/02/2017","https://www.gov.br/mre/pt-br/canais_atendimento/imprensa/notas-a-imprensa/calendario-de-eventos-entre-27-de-fevereiro-e-5-de-marco-de-2017","A nota aborda governança da internet e infraestrutura digital e transformação tecnológica, aportando ao debate sobre governança digital global. Trecho-chave: ""...Dia Africano da Alimentação Escolar.
  
  1º a 03/MAR – Genebra, Suíça. Reunião do Grupo Assessor Multissetorial (MAG) preparatória ao XII Fórum de Governança da Internet (IGF).""","...Dia Africano da Alimentação Escolar.
  
  1º a 03/MAR – Genebra, Suíça. Reunião do Grupo Assessor Multissetorial (MAG) preparatória ao XII Fórum de Governança da Internet (IGF). | 03/MAR – Berlim, Alemanha. Reunião da Força-Tarefa do G20 sobre Economia Digital."
"Direito à privacidade na era digital","24/03/2017","https://www.gov.br/mre/pt-br/canais_atendimento/imprensa/notas-a-imprensa/direito-a-privacidade-na-era-digital","A nota aborda privacidade e proteção de dados pessoais de forma específica. No tocante ao posicionamento do MRE, destaca-se: ""No marco da 34ª sessão do Conselho de Direitos Humanos das Nações Unidas (CDH), foi aprovada, por consenso, a resolução sobre o direito à privacidade na era digital, projeto apresentado pelo Brasil, em conjunto com Alemanha, Áustria, Liechtenstein, México e Suíça.""","No marco da 34ª sessão do Conselho de Direitos Humanos das Nações Unidas (CDH), foi aprovada, por consenso, a resolução sobre o direito à privacidade na era digital, projeto apresentado pelo Brasil, em conjunto com Alemanha, Áustria, Liechtenstein, México e Suíça. | A resolução, que já conta com o copatrocínio de 68 países de diferentes regiões, reafirma o direito à privacidade conforme previsto na Declaração Universal de Direitos Humanos e no Pacto Internacional de Direitos Civis e Políticos. | O documento do CDH conclama os estados a respeitar e proteger o direito à privacidade, a pôr fim a violações, a prover medidas efetivas de reparação e a assegurar que qualquer restrição ao direito à privacidade deverá respeitar os..."
"Calendário de eventos entre 27 de março e 02 de abril de 2017","24/03/2017","https://www.gov.br/mre/pt-br/canais_atendimento/imprensa/notas-a-imprensa/calendario-de-eventos-entre-27-de-marco-e-02-de-abril-de-2017","A nota aborda governança da internet e infraestrutura digital e transformação tecnológica, aportando ao debate sobre governança digital global. Trecho-chave: ""27/MAR – Berlim, Alemanha. Reunião da Força-Tarefa do G20 em Economia Digital.""","27/MAR – Berlim, Alemanha. Reunião da Força-Tarefa do G20 em Economia Digital. | 27/MAR a 29/MAR – Brasília. Curso Jurídico da Escola de Governança da Internet no Brasil."
"Lançamento do Satélite Geoestacionário de Defesa e Comunicações (SGDC)","18/03/2017","https://www.gov.br/mre/pt-br/canais_atendimento/imprensa/notas-a-imprensa/lancamento-do-satelite-geoestacionario-de-defesa-e-comunicacoes-sgdc","A nota aborda infraestrutura digital e transformação tecnológica de forma específica. No tocante ao posicionamento do MRE, destaca-se: ""...de Defesa e Comunicações (SGDC-1). O satélite permitirá ampliar a cobertura de internet de alta performance, no âmbito do Plano Nacional de Banda Larga (PNBL), da Telebrás, e trará maior soberania, independência e segurança às comunicações estratégicas do Brasil, particularmente aquelas...""","...de Defesa e Comunicações (SGDC-1). O satélite permitirá ampliar a cobertura de internet de alta performance, no âmbito do Plano Nacional de Banda Larga (PNBL), da Telebrás, e trará maior soberania, independência e segurança às comunicações estratégicas do Brasil, particularmente aquelas..."
"Calendário de eventos entre 20 e 26 de março de 2017","17/03/2017","https://www.gov.br/mre/pt-br/canais_atendimento/imprensa/notas-a-imprensa/calendario-de-eventos-entre-20-e-26-de-marco-de-2017","A nota aborda privacidade e proteção de dados pessoais de forma específica. No tocante ao posicionamento do MRE, destaca-se: ""23/MAR – Brasília. Oficina de Trabalho sobre Proteção de Direitos e Indústria de Dados Pessoais, organizada pelo Ministério da Ciência, Tecnologia, Inovações e Comunicações (MCTIC).""","23/MAR – Brasília. Oficina de Trabalho sobre Proteção de Direitos e Indústria de Dados Pessoais, organizada pelo Ministério da Ciência, Tecnologia, Inovações e Comunicações (MCTIC)."
"Calendário de eventos entre 13 de março e 19 de março de 2017","11/03/2017","https://www.gov.br/mre/pt-br/canais_atendimento/imprensa/notas-a-imprensa/calendario-de-eventos-entre-13-de-marco-e-19-de-marco-de-2017","A nota aborda infraestrutura digital e transformação tecnológica de forma específica. No tocante ao posicionamento do MRE, destaca-se: ""15 a 17/MAR – Hong Kong, China. Reunião da Comissão de Banda Larga para o Desenvolvimento Sustentável da União Internacional de Telecomunicações (UIT) e Organização das Nações Unidas para a Educação, a Ciência e a...""","15 a 17/MAR – Hong Kong, China. Reunião da Comissão de Banda Larga para o Desenvolvimento Sustentável da União Internacional de Telecomunicações (UIT) e Organização das Nações Unidas para a Educação, a Ciência e a..."
"Calendário de eventos entre 03 de abril e 09 de abril de 2017","31/03/2017","https://www.gov.br/mre/pt-br/canais_atendimento/imprensa/notas-a-imprensa/calendario-de-eventos-entre-03-de-abril-e-09-de-abril-de-2017","A nota aborda governança da internet e infraestrutura digital e transformação tecnológica, aportando ao debate sobre governança digital global. Trecho-chave: ""03/ABR a 07/ABR – Rio de Janeiro. IX Escola do Sul em Governança da Internet (SSIG), sobre o tema Governança Sustentável da Internet.""","03/ABR a 07/ABR – Rio de Janeiro. IX Escola do Sul em Governança da Internet (SSIG), sobre o tema Governança Sustentável da Internet. | 06/ABR – Dusseldorf, Alemanha. Conferência Multissetorial sobre Economia Digital."
"Declaração Conjunta Emitida na Conclusão da 24ª Reunião Ministerial do BASIC sobre Mudança do Clima – Pequim, China, 11 de abril de 2017","17/04/2017","https://www.gov.br/mre/pt-br/canais_atendimento/imprensa/notas-a-imprensa/declaracao-conjunta-emitida-na-conclusao-da-24-reuniao-ministerial-do-basic-sobre-mudanca-do-clima-pequim-china-11-de-abril-de-2017","A nota aborda regulação de plataformas e serviços digitais de forma específica. No tocante ao posicionamento do MRE, destaca-se: ""...outcomes achieved at COP 22 in November 2016, which demonstrated the irreversible momentum behind the multilateral process and adopted the roadmap for the work required to operationalise the Paris Agreement from 2020. They expressed their appreciation to the Government of the Kingdom of...""","...outcomes achieved at COP 22 in November 2016, which demonstrated the irreversible momentum behind the multilateral process and adopted the roadmap for the work required to operationalise the Paris Agreement from 2020. They expressed their appreciation to the Government of the Kingdom of..."
"Calendário de eventos entre 1º e 7 de maio de 2017","28/04/2017","https://www.gov.br/mre/pt-br/canais_atendimento/imprensa/notas-a-imprensa/calendario-de-eventos-entre-1-e-7-de-maio-de-2017","A nota aborda inclusão e acessibilidade digital de forma específica. No tocante ao posicionamento do MRE, destaca-se: ""03/MAI A 05/MAI – Genebra, Suíça. Terceira Reunião do Grupo de trabalho sobre Cooperação Aprimorada da Comissão de Ciência e Tecnologia para o Desenvolvimento das Nações Unidas (WGEC/CSTD).""","03/MAI A 05/MAI – Genebra, Suíça. Terceira Reunião do Grupo de trabalho sobre Cooperação Aprimorada da Comissão de Ciência e Tecnologia para o Desenvolvimento das Nações Unidas (WGEC/CSTD). | 05/MAI – Cairo, Egito. 20ª Reunião do Conselho de Coordenação da Comissão de Ciência e Tecnologia para o Desenvolvimento Sustentável no Sul (COMSATS)."
"Declaração Conjunta por ocasião da Visita do Presidente do Governo do Reino da Espanha ao Brasil – 24 e 25 de abril de 2017","24/04/2017","https://www.gov.br/mre/pt-br/canais_atendimento/imprensa/notas-a-imprensa/declaracao-conjunta-por-ocasiao-da-visita-do-presidente-do-governo-do-reino-da-espanha-ao-brasil-24-e-25-de-abril-de-2017","A nota aborda infraestrutura digital e transformação tecnológica de forma específica. No tocante ao posicionamento do MRE, destaca-se: ""EDUCAÇÃO, CULTURA, SOCIEDADE DA INFORMAÇÃO E AGENDA DIGITAL""","EDUCAÇÃO, CULTURA, SOCIEDADE DA INFORMAÇÃO E AGENDA DIGITAL"
"Calendário de eventos entre 08 de maio e 14 de maio de 2017","05/05/2017","https://www.gov.br/mre/pt-br/canais_atendimento/imprensa/notas-a-imprensa/calendario-de-eventos-entre-08-de-maio-a-14-de-maio-de-2017","A nota aborda privacidade e proteção de dados pessoais e inclusão e acessibilidade digital, aportando ao debate sobre governança digital global. Trecho-chave: ""08 a 12/MAI – Genebra, Suíça. 20ª Sessão Anual da Comissão de Ciência e Tecnologia para o Desenvolvimento da Organização das Nações Unidas (CSTD/ONU).""","08 a 12/MAI – Genebra, Suíça. 20ª Sessão Anual da Comissão de Ciência e Tecnologia para o Desenvolvimento da Organização das Nações Unidas (CSTD/ONU). | 10 a 11/MAI – Brasília. Seminário Internacional sobre Proteção de Dados Pessoais."
"Visita Oficial ao Brasil da Secretária-Executiva da Comunidade dos Países de Língua Portuguesa –  Brasília e Salvador, 2 a 5 de maio de 2017","03/05/2017","https://www.gov.br/mre/pt-br/canais_atendimento/imprensa/notas-a-imprensa/visita-oficial-ao-brasil-da-secretaria-executiva-da-comunidade-dos-paises-de-lingua-portuguesa-brasilia-e-salvador-2-a-5-de-maio-de-2017","A nota aborda governança da internet de forma específica. No tocante ao posicionamento do MRE, destaca-se: ""...Moçambique, Portugal, São Tomé e Príncipe e Timor-Leste. A Comunidade tem como objetivos a concertação política e diplomática, a cooperação multissetorial e a promoção e difusão da língua portuguesa.""","...Moçambique, Portugal, São Tomé e Príncipe e Timor-Leste. A Comunidade tem como objetivos a concertação política e diplomática, a cooperação multissetorial e a promoção e difusão da língua portuguesa."
"Grupo de países amigos das micro, pequenas e médias empresas na OMC","26/05/2017","https://www.gov.br/mre/pt-br/canais_atendimento/imprensa/notas-a-imprensa/grupo-de-paises-amigos-das-micro-pequenas-e-medias-empresas-na-omc","A nota aborda infraestrutura digital e transformação tecnológica de forma específica. No tocante ao posicionamento do MRE, destaca-se: ""...acesso a informação e oportunidades de mercado; (ii) cumprimento de marcos regulatórios; (iii) transporte e logística; (iv) acesso a crédito; (v) conectividade digital; e (vi) desenvolvimento tecnológico.""","...acesso a informação e oportunidades de mercado; (ii) cumprimento de marcos regulatórios; (iii) transporte e logística; (iv) acesso a crédito; (v) conectividade digital; e (vi) desenvolvimento tecnológico."
"Declaração conjunta aprovada por ocasião da VI Cúpula Brasil–União Europeia - Brasília, 24 de janeiro de 2013","01/06/2017","https://www.gov.br/mre/pt-br/canais_atendimento/imprensa/notas-a-imprensa/declaracao-conjunta-aprovada-por-ocasiao-da-vi-cupula-brasil-uniao-europeia-brasilia-24-de-janeiro-de-2013","A nota aborda governança da internet e infraestrutura digital e transformação tecnológica, aportando ao debate sobre governança digital global. Trecho-chave: ""...realizada em Bruxelas, em 21 e 22 de novembro de 2012. Ressaltaram, em particular, o avanço da cooperação bilateral em pesquisa e desenvolvimento e governança da internet, bem como a troca de experiências em áreas como regulação das telecomunicações e desenvolvimento de banda larga. Reafirmaram o interesse mútuo em...""","...realizada em Bruxelas, em 21 e 22 de novembro de 2012. Ressaltaram, em particular, o avanço da cooperação bilateral em pesquisa e desenvolvimento e governança da internet, bem como a troca de experiências em áreas como regulação das telecomunicações e desenvolvimento de banda larga. Reafirmaram o interesse mútuo em... | 40. Saudaram os resultados da V Reunião do Diálogo Brasil-União Europeia sobre Sociedade da Informação, realizada em Bruxelas, em 21 e 22 de novembro de 2012. Ressaltaram, em particular, o avanço da cooperação bilateral em pesquisa e desenvolvimento..."
"Visita do ministro Aloysio Nunes Ferreira aos Estados Unidos – Washington, 2 de junho de 2017","01/06/2017","https://www.gov.br/mre/pt-br/canais_atendimento/imprensa/notas-a-imprensa/visita-do-ministro-aloysio-nunes-ferreira-aos-estados-unidos-washington-2-de-junho-de-2017","A nota aborda infraestrutura digital e transformação tecnológica de forma específica. No tocante ao posicionamento do MRE, destaca-se: ""...norte-americano propostas brasileiras nas áreas de comércio e investimentos, aviação civil, espaço, infraestrutura, energia, agricultura, saúde, economia digital, defesa e segurança.""","...norte-americano propostas brasileiras nas áreas de comércio e investimentos, aviação civil, espaço, infraestrutura, energia, agricultura, saúde, economia digital, defesa e segurança."
"Calendário de eventos entre 12 de junho e 18 de junho de 2017","09/06/2017","https://www.gov.br/mre/pt-br/canais_atendimento/imprensa/notas-a-imprensa/calendario-de-eventos-entre-12-de-junho-e-18-de-junho-de-2017","A nota aborda governança da internet e infraestrutura digital e transformação tecnológica, aportando ao debate sobre governança digital global. Trecho-chave: ""12/JUN a 16/JUN – Genebra, Suíça. Reunião Anual de Revisão da Implementação dos Resultados da Cúpula Mundial sobre Sociedade da Informação (WSIS Forum);""","12/JUN a 16/JUN – Genebra, Suíça. Reunião Anual de Revisão da Implementação dos Resultados da Cúpula Mundial sobre Sociedade da Informação (WSIS Forum); | 13/JUN a 15/JUN – Genebra, Suíça. Segunda Sessão de Consultas Abertas sobre Fórum de Governança da Internet (IGF) 2017 e Reunião do Grupo Assessor Multissetorial (MAG/IGF);"
"Calendário de eventos entre 05 de junho e 11 de junho de 2017","07/06/2017","https://www.gov.br/mre/pt-br/canais_atendimento/imprensa/notas-a-imprensa/calendario-de-eventos-entre-05-de-junho-e-11-de-junho-de-2017","A nota aborda soberania digital e cibersegurança de forma específica. No tocante ao posicionamento do MRE, destaca-se: ""08/JUN – Brasília. Seminário ""Confiança no Ambiente Digital: os desafios da segurança cibernética na Estratégia Digital Brasileira"";""","08/JUN – Brasília. Seminário ""Confiança no Ambiente Digital: os desafios da segurança cibernética na Estratégia Digital Brasileira"";"
"Declaração dos Lideres do G20 – Moldando um Mundo Interconectado","08/07/2017","https://www.gov.br/mre/pt-br/canais_atendimento/imprensa/notas-a-imprensa/declaracao-dos-lideres-do-g20-moldando-um-mundo-interconectado","A nota abrange múltiplos eixos temáticos da governança digital global: privacidade e proteção de dados pessoais, infraestrutura digital e transformação tecnológica e regulação de plataformas e serviços digitais. Como evidência, destaca-se: ""...no uso das TICs. Apoiamos o livre fluxo de informações, ao mesmo tempo em que respeitamos os marcos legais aplicáveis em matéria de privacidade, proteção de dados e direitos de propriedade intelectual. O Roteiro do G20 para Digitalização nos ajudará a orientar nosso trabalho futuro.Comprometemo-nos a ajudar a...""","...no uso das TICs. Apoiamos o livre fluxo de informações, ao mesmo tempo em que respeitamos os marcos legais aplicáveis em matéria de privacidade, proteção de dados e direitos de propriedade intelectual. O Roteiro do G20 para Digitalização nos ajudará a orientar nosso trabalho futuro.Comprometemo-nos a ajudar a... | ...que ajudem as micro, pequenas e médias empresas a se integrarem a cadeias globais sustentáveis de suprimentos.Aproveitando a digitalização: a transformação digital é força motriz de um crescimento global, inovador, inclusivo e sustentável e pode contribuir para reduzir a desigualdade e atingir os objetivos da... | ...das TICs, ressaltamos a necessidade de maior cooperação em matéria de TICs na agricultura e salientamos a importância do acesso dos agricultores a serviços digitais de alta velocidade e de adequado fornecimento de serviços nas zonas rurais. Para aumentar a transparência nos mercados mundiais de alimentos,..."
"Declaração de Hamburgo dos Líderes do G20 sobre a Luta contra o Terrorismo","08/07/2017","https://www.gov.br/mre/pt-br/canais_atendimento/imprensa/notas-a-imprensa/declaracao-de-hamburgo-dos-lideres-do-g20-sobre-a-luta-contra-o-terrorismo","A nota aborda privacidade e proteção de dados pessoais de forma específica. No tocante ao posicionamento do MRE, destaca-se: ""...informações, medidas preventivas e resposta em matéria de justiça criminal, assegurando o necessário equilíbrio entre os aspectos de segurança e a proteção de dados, de acordo com a legislação doméstica. Garantiremos que os terroristas sejam levados à justiça.""","...informações, medidas preventivas e resposta em matéria de justiça criminal, assegurando o necessário equilíbrio entre os aspectos de segurança e a proteção de dados, de acordo com a legislação doméstica. Garantiremos que os terroristas sejam levados à justiça. | ...existente nas áreas de segurança, viagem e migração, incluindo a INTERPOL, garantindo o equilíbrio necessário entre aspectos de segurança e a proteção de dados. Em particular, incentivamos todos os membros a utilizarem plenamente os mecanismos relevantes de compartilhamento de informações, em particular as..."
"Calendário de eventos entre 31 de julho e 06 de agosto de 2017","28/07/2017","https://www.gov.br/mre/pt-br/canais_atendimento/imprensa/notas-a-imprensa/calendario-de-eventos-entre-31-de-julho-e-06-de-agosto-de-2017","A nota aborda governança da internet de forma específica. No tocante ao posicionamento do MRE, destaca-se: ""02 a 04/AGO – Cidade do Panamá, Panamá. 10ª Reunião Regional da América Latina e Caribe Preparatória para o Fórum de Governança da Internet (LACIGF).""","02 a 04/AGO – Cidade do Panamá, Panamá. 10ª Reunião Regional da América Latina e Caribe Preparatória para o Fórum de Governança da Internet (LACIGF)."
"Vinte e um anos da CPLP","17/07/2017","https://www.gov.br/mre/pt-br/canais_atendimento/imprensa/notas-a-imprensa/vinte-e-um-anos-da-cplp-presidencia-brasileira","A nota aborda governança da internet de forma específica. No tocante ao posicionamento do MRE, destaca-se: ""...reitera seu compromisso de contribuir para que a Comunidade continue cumprindo seu importante mandato de concertação política, cooperação multissetorial e promoção e difusão da língua portuguesa.""","...reitera seu compromisso de contribuir para que a Comunidade continue cumprindo seu importante mandato de concertação política, cooperação multissetorial e promoção e difusão da língua portuguesa."
"Calendário de eventos entre 14 de agosto e 20 de agosto de 2017","11/08/2017","https://www.gov.br/mre/pt-br/canais_atendimento/imprensa/notas-a-imprensa/calendario-de-eventos-entre-14-de-agosto-e-20-de-agosto-de-2017","A nota aborda governança da internet de forma específica. No tocante ao posicionamento do MRE, destaca-se: ""17/AGO – São Paulo. I Seminário sobre Governança da Internet do Centro de Estudos Sociedade e Tecnologia da Universidade de São Paulo (CEST-USP).""","17/AGO – São Paulo. I Seminário sobre Governança da Internet do Centro de Estudos Sociedade e Tecnologia da Universidade de São Paulo (CEST-USP)."
"Atos assinados por ocasião da visita da Presidenta Dilma Rousseff à República da Bulgária - Sófia, 5 e 6 de outubro de 2011","07/08/2017","https://www.gov.br/mre/pt-br/canais_atendimento/imprensa/notas-a-imprensa/atos-assinados-por-ocasiao-da-visita-da-presidenta-dilma-rousseff-a-republica-da-bulgaria-sofia-5-e-6-de-outubro-de-2011","A nota aborda inclusão e acessibilidade digital de forma específica. No tocante ao posicionamento do MRE, destaca-se: ""4) Promoção da inclusão digital, bem como de iniciativas de apoio que objetivem o intercâmbio de informações sobre melhores práticas em capacitação e treinamento na utilização de...""","4) Promoção da inclusão digital, bem como de iniciativas de apoio que objetivem o intercâmbio de informações sobre melhores práticas em capacitação e treinamento na utilização de..."
"Calendário de eventos entre 07 de agosto e 13 de agosto de 2017","04/08/2017","https://www.gov.br/mre/pt-br/canais_atendimento/imprensa/notas-a-imprensa/calendario-de-eventos-entre-07-de-agosto-e-13-de-agosto-de-2017","A nota aborda infraestrutura digital e transformação tecnológica de forma específica. No tocante ao posicionamento do MRE, destaca-se: ""07 a 09/AGO – Santiago, Chile. Reunião preparatória à VI Conferência Ministerial sobre a Sociedade da Informação da América Latina e Caribe (eLAC 2018).""","07 a 09/AGO – Santiago, Chile. Reunião preparatória à VI Conferência Ministerial sobre a Sociedade da Informação da América Latina e Caribe (eLAC 2018)."
"V Cúpula Brasil-União Europeia – Declaração Conjunta e Plano de Ação Conjunta – Bruxelas, 4 outubro de 2011","04/08/2017","https://www.gov.br/mre/pt-br/canais_atendimento/imprensa/notas-a-imprensa/v-cupula-brasil-uniao-europeia-declaracao-conjunta-bruxelas-4-outubro-de-2011","A nota abrange múltiplos eixos temáticos da governança digital global: governança da internet, infraestrutura digital e transformação tecnológica e inclusão e acessibilidade digital. Como evidência, destaca-se: ""...da Sociedade da Informação (CSMI), assim como com o estabelecimento de mecanismos multissetoriais multilaterais, transparentes e democráticos de governança da Internet em âmbito global. O Brasil e a UE compartilham o entendimento de que as Tecnologias da Informação e das Comunicações (TICs) são essenciais para...""","...da Sociedade da Informação (CSMI), assim como com o estabelecimento de mecanismos multissetoriais multilaterais, transparentes e democráticos de governança da Internet em âmbito global. O Brasil e a UE compartilham o entendimento de que as Tecnologias da Informação e das Comunicações (TICs) são essenciais para... | 1.6 Sociedade da informaçãoO Brasil e a UE estão comprometidos com a construção de uma Sociedade da Informação centrada na pessoa, não-discriminatória e orientada para o... | ...e o crescimento econômico, criar empregos e aumentar a eficiência do setor público. As TICs desempenham, ademais, papel fundamental na promoção da inclusão digital e no aperfeiçoamento da coesão social, na melhora da qualidade de vida e na redução da pobreza."
"Atos assinados por ocasião da visita da Presidenta da República, Dilma Rousseff, à Turquia - Ancara, 7 de outubro de 2011","22/08/2017","https://www.gov.br/mre/pt-br/canais_atendimento/imprensa/notas-a-imprensa/atos-assinados-por-ocasiao-da-visita-da-presidenta-da-republica-dilma-rousseff-a-turquia-ancara-7-de-outubro-de-2011","A nota aborda soberania digital e cibersegurança de forma específica. No tocante ao posicionamento do MRE, destaca-se: ""...e de fortalecer a cooperação na área judicial, particularmente em matéria de transferência de pessoas condenadas, com base nos princípios de soberania nacional, igualdade de direitos e não-interferência em assuntos internos das Partes,""","...e de fortalecer a cooperação na área judicial, particularmente em matéria de transferência de pessoas condenadas, com base nos princípios de soberania nacional, igualdade de direitos e não-interferência em assuntos internos das Partes, | Desejosas de incrementar a promoção das relações amistosas e de coordenar a cooperação jurídica em matéria penal com base nos princípios de soberania nacional, igualdade de direitos e não-intervenção nos assuntos internos das Partes;"
"Calendário de eventos entre 21 de agosto e 27 de agosto de 2017","18/08/2017","https://www.gov.br/mre/pt-br/canais_atendimento/imprensa/notas-a-imprensa/calendario-de-eventos-entre-21-de-agosto-e-27-de-agosto-de-2017","A nota aborda governança da internet de forma específica. No tocante ao posicionamento do MRE, destaca-se: ""21 a 25/AGO – São Paulo. IV Curso Intensivo da Escola de Governança da Internet no Brasil.""","21 a 25/AGO – São Paulo. IV Curso Intensivo da Escola de Governança da Internet no Brasil."
"IX Cúpula do BRICS – Declaração de Xiamen – Xiamen, China, 4 de setembro de 2017","04/09/2017","https://www.gov.br/mre/pt-br/canais_atendimento/imprensa/notas-a-imprensa/nona-cupula-do-brics-declaracao-de-xiamen-xiamen-china-4-de-setembro-de-2017","A nota abrange múltiplos eixos temáticos da governança digital global: governança da internet, privacidade e proteção de dados pessoais, inteligência artificial e governança algorítmica e infraestrutura digital e transformação tecnológica. Como evidência, destaca-se: ""...em TICs em nossos países. Defenderemos o estabelecimento de regras internacionalmente aplicáveis para a segurança da infraestrutura das TICs, a proteção de dados e para a Internet, que possam ser amplamente aceitas por todas as partes interessadas, e criaremos conjuntamente uma rede confiável e segura....""","...em TICs em nossos países. Defenderemos o estabelecimento de regras internacionalmente aplicáveis para a segurança da infraestrutura das TICs, a proteção de dados e para a Internet, que possam ser amplamente aceitas por todas as partes interessadas, e criaremos conjuntamente uma rede confiável e segura.... | ...e a inovação conjunta do BRICS nas TICs, incluindo a Internet de Coisas, Computação em Nuvem, Big Data, Análise de Dados, Nanotecnologia, Inteligência Artificial, 5G e suas aplicações inovadoras de modo a elevar o nível de infraestrutura e conectividade em TICs em nossos países. Defenderemos o... | ...Institute of Future Networks"". Aprimoraremos a pesquisa, o desenvolvimento e a inovação conjunta do BRICS nas TICs, incluindo a Internet de Coisas, Computação em Nuvem, Big Data, Análise de Dados, Nanotecnologia, Inteligência Artificial, 5G e suas aplicações inovadoras de modo a elevar o nível de infraestrutura e..."
"Calendário de eventos entre 2 e 8 de outubro de 2017","29/09/2017","https://www.gov.br/mre/pt-br/canais_atendimento/imprensa/notas-a-imprensa/calendario-de-eventos-entre-2-e-8-de-outubro-de-2017","A nota aborda soberania digital e cibersegurança e infraestrutura digital e transformação tecnológica, aportando ao debate sobre governança digital global. Trecho-chave: ""04 a 06/OUT – Washington, EUA. I Reunião do GT sobre Medidas de Fortalecimento da Cooperação e da Confiança no Ciberespaço da OEA.""","04 a 06/OUT – Washington, EUA. I Reunião do GT sobre Medidas de Fortalecimento da Cooperação e da Confiança no Ciberespaço da OEA. | 04 a 06/OUT – Genebra, Suíça. Primeira Sessão do Grupo Intergovernamental de Peritos em Comércio Eletrônico e Economia Digital (IGE-DIG) da UNCTAD."
"Calendário de eventos entre 25 de setembro a 1º de outubro de 2017","22/09/2017","https://www.gov.br/mre/pt-br/canais_atendimento/imprensa/notas-a-imprensa/calendario-de-eventos-entre-25-de-setembro-a-1-de-outubro-de-2017","A nota aborda infraestrutura digital e transformação tecnológica de forma específica. No tocante ao posicionamento do MRE, destaca-se: ""27/SET – Brasília. Mesa-Redonda sobre Políticas Públicas para Inovação, Empreendedorismo e Economia Digital.""","27/SET – Brasília. Mesa-Redonda sobre Políticas Públicas para Inovação, Empreendedorismo e Economia Digital."
"Atos assinados por ocasião da visita do chanceler de El Salvador, Hugo Martínez – Brasília, 25 de outubro de 2017","25/10/2017","https://www.gov.br/mre/pt-br/canais_atendimento/imprensa/notas-a-imprensa/atos-assinados-por-ocasiao-da-visita-do-chanceler-de-el-salvador-hugo-martinez-brasilia-25-de-outubro-de-2017","A nota aborda regulação de plataformas e serviços digitais de forma específica. No tocante ao posicionamento do MRE, destaca-se: ",""
"Calendário de eventos entre 23 e 29 de outubro de 2017","21/10/2017","https://www.gov.br/mre/pt-br/canais_atendimento/imprensa/notas-a-imprensa/calendario-de-eventos-entre-23-e-29-de-outubro-de-2017","A nota aborda privacidade e proteção de dados pessoais e infraestrutura digital e transformação tecnológica, aportando ao debate sobre governança digital global. Trecho-chave: ""...72ª AGNU. III Comissão. Diálogos interativos: Instrumentos de Promoção e Proteção dos Direitos Humanos – direitos à água potável e ao saneamento; direito à privacidade.""","...72ª AGNU. III Comissão. Diálogos interativos: Instrumentos de Promoção e Proteção dos Direitos Humanos – direitos à água potável e ao saneamento; direito à privacidade. | 23 e 24/OUT – Hamburgo, Alemanha. Força-tarefa sobre Economia Digital do G20. | 26/OUT – São Paulo. Conferência sobre Economia Digital Brasil-Estados Unidos."
"Calendário de eventos  entre 16 e 22 de outubro de 2017","16/10/2017","https://www.gov.br/mre/pt-br/canais_atendimento/imprensa/notas-a-imprensa/calendario-de-eventos-entre-16-e-22-de-outubro-de-2017","A nota aborda infraestrutura digital e transformação tecnológica de forma específica. No tocante ao posicionamento do MRE, destaca-se: ""17 a 19/OUT – Brasília. 3ª Semana de Inovação: Transformação Digital como Ferramenta de Inovação.""","17 a 19/OUT – Brasília. 3ª Semana de Inovação: Transformação Digital como Ferramenta de Inovação."
"Calendário de eventos entre 20 e 26 de novembro de 2017","19/11/2017","https://www.gov.br/mre/pt-br/canais_atendimento/imprensa/notas-a-imprensa/calendario-de-eventos-entre-20-e-26-de-novembro-de-2017","A nota aborda infraestrutura digital e transformação tecnológica de forma específica. No tocante ao posicionamento do MRE, destaca-se: ""20 a 23/NOV – Paris, França. Reunião do Comitê de Políticas de Economia Digital da Organização para Cooperação e Desenvolvimento Econômico - OCDE.""","20 a 23/NOV – Paris, França. Reunião do Comitê de Políticas de Economia Digital da Organização para Cooperação e Desenvolvimento Econômico - OCDE."
"Visita do Ministro Aloysio Nunes Ferreira à Itália – Comunicado Conjunto","13/11/2017","https://www.gov.br/mre/pt-br/canais_atendimento/imprensa/notas-a-imprensa/visita-do-ministro-aloysio-nunes-ferreira-a-italia-comunicado-conjunto","A nota aborda governança da internet de forma específica. No tocante ao posicionamento do MRE, destaca-se: ""18. O ministro Nunes Ferreira saudou o interesse da Itália no Marco Civil da Internet brasileiro, destacando o profícuo relacionamento bilateral no campo da governança da rede.""","18. O ministro Nunes Ferreira saudou o interesse da Itália no Marco Civil da Internet brasileiro, destacando o profícuo relacionamento bilateral no campo da governança da rede."
"Calendário de eventos entre 06 de novembro e 12 de novembro de 2017","03/11/2017","https://www.gov.br/mre/pt-br/canais_atendimento/imprensa/notas-a-imprensa/calendario-de-eventos-entre-06-de-outubr-e-12-de-novembro-de-2017","A nota aborda governança da internet e inclusão e acessibilidade digital, aportando ao debate sobre governança digital global. Trecho-chave: ""06 a 08/NOV – Genebra, Suíça. Painel Intersecional da Comissão de Ciência e Tecnologia para o Desenvolvimento – CSTD/ONU.""","06 a 08/NOV – Genebra, Suíça. Painel Intersecional da Comissão de Ciência e Tecnologia para o Desenvolvimento – CSTD/ONU. | 10/NOV – Lisboa, Portugal. Fórum de Governança da Internet da Comunidade dos Países de Língua Portuguesa – CPLP."
"Declaração Conjunta de Associação entre o Governo da República Federativa do Brasil e a Agência Internacional de Energia – Brasília, 31 de outubro de 2017","01/11/2017","https://www.gov.br/mre/pt-br/canais_atendimento/imprensa/notas-a-imprensa/declaracao-conjunta-de-associacao-entre-o-governo-da-republica-federativa-do-brasil-e-a-agencia-internacional-de-energia-brasilia-31-de-outubro-de-2017","A nota aborda regulação de plataformas e serviços digitais de forma específica. No tocante ao posicionamento do MRE, destaca-se: ""RECORDANDO as importantes contribuições do Brasil para o roteiro tecnológico mundial da AIE sobre energia hidrelétrica (""global technology roadmap on hydropower""), em coautoria com o Ministério de Minas e Energia (2012); a seção especial de 113 páginas sobre o Brasil na publicação da AIE, o...""","RECORDANDO as importantes contribuições do Brasil para o roteiro tecnológico mundial da AIE sobre energia hidrelétrica (""global technology roadmap on hydropower""), em coautoria com o Ministério de Minas e Energia (2012); a seção especial de 113 páginas sobre o Brasil na publicação da AIE, o... | RECALLING Brazil’s important contributions to the IEA’s global technology roadmap on hydropower, co-authored by the Ministry of Mines and Energy (2012); a 113-page Special Section on Brazil in the IEA’s flagship publication,..."
"Calendário de eventos entre 18 e 24 de dezembro de 2017","15/12/2017","https://www.gov.br/mre/pt-br/canais_atendimento/imprensa/notas-a-imprensa/calendario-de-eventos-entre-04-e-10-de-dezembro-de-2021","A nota aborda governança da internet de forma específica. No tocante ao posicionamento do MRE, destaca-se: ""18 a 22/DEZ – Genebra, Suíça. 12ª Reunião do Fórum de Governança da Internet – IGF.""","18 a 22/DEZ – Genebra, Suíça. 12ª Reunião do Fórum de Governança da Internet – IGF."
"Atos assinados por ocasião da visita do Presidente do Estado Plurinacional da Bolívia, Evo Morales","05/12/2017","https://www.gov.br/mre/pt-br/canais_atendimento/imprensa/notas-a-imprensa/atos-assinados-por-ocasiao-da-visita-do-presidente-do-estado-plurinacional-da-bolivia-evo-morales","A nota aborda privacidade e proteção de dados pessoais de forma específica. No tocante ao posicionamento do MRE, destaca-se: ""...sujeitando suas ações às disposições dos respectivos ordenamentos legais em matéria de acesso à informação pública governamental e à proteção de dados pessoais.""","...sujeitando suas ações às disposições dos respectivos ordenamentos legais em matéria de acesso à informação pública governamental e à proteção de dados pessoais."
"Calendário de eventos entre 04 e 10 de dezembro de 2017","01/12/2017","https://www.gov.br/mre/pt-br/canais_atendimento/imprensa/notas-a-imprensa/calendario-de-eventos-entre-04-e-10-de-dezembro-de-2017","A nota aborda infraestrutura digital e transformação tecnológica de forma específica. No tocante ao posicionamento do MRE, destaca-se: ""04 e 05/DEZ – Brasília. União Europeia ICT Week: Inovação e Transformação Digital.""","04 e 05/DEZ – Brasília. União Europeia ICT Week: Inovação e Transformação Digital. | 06 e 07/DEZ – Brasília. X Diálogo Brasil – União Europeia sobre Sociedade da Informação."
"Acordo entre a República Federativa do Brasil e o estado de Israel de Previdência Social – 27 de fevereiro de 2018","27/02/2018","https://www.gov.br/mre/pt-br/canais_atendimento/imprensa/notas-a-imprensa/acordo-entre-a-republica-federativa-do-brasil-e-o-estado-de-israel-de-previdencia-social-27-de-fevereiro-de-2018","A nota aborda privacidade e proteção de dados pessoais de forma específica. No tocante ao posicionamento do MRE, destaca-se: ""k) “Dados pessoais” significa qualquer tipo de informação relacionada, direta ou indiretamente, a uma pessoa física identificada ou identificável (detentora dos dados...""","k) “Dados pessoais” significa qualquer tipo de informação relacionada, direta ou indiretamente, a uma pessoa física identificada ou identificável (detentora dos dados... | l) “Processamento de dados pessoais” significa qualquer operação ou conjunto de operações, as quais são realizadas em dados pessoais, por meios automáticos ou não, tais como coleta,..."
"Calendário de eventos entre 19 e 25 de fevereiro de 2018","16/02/2018","https://www.gov.br/mre/pt-br/canais_atendimento/imprensa/notas-a-imprensa/calendario-de-eventos-entre-19-e-25-de-fevereiro-de-2018","A nota aborda privacidade e proteção de dados pessoais de forma específica. No tocante ao posicionamento do MRE, destaca-se: ""19 e 20/FEV – Genebra, Suíça. Seminário sobre Direito à Privacidade na Era Digital.""","19 e 20/FEV – Genebra, Suíça. Seminário sobre Direito à Privacidade na Era Digital."
"Calendário de eventos entre 9 e 15 de abril de 2018","06/04/2018","https://www.gov.br/mre/pt-br/canais_atendimento/imprensa/notas-a-imprensa/calendario-de-eventos-entre-2-e-8-de-abril-de-2019","A nota aborda infraestrutura digital e transformação tecnológica de forma específica. No tocante ao posicionamento do MRE, destaca-se: ""10 e 11/ABR – Buenos Aires, Argentina. Reunião da força-tarefa do G20 sobre Economia Digital.""","10 e 11/ABR – Buenos Aires, Argentina. Reunião da força-tarefa do G20 sobre Economia Digital."
"Calendário de eventos entre 23 e 29 de abril de 2018","20/04/2018","https://www.gov.br/mre/pt-br/canais_atendimento/imprensa/notas-a-imprensa/calendario-de-eventos-entre-23-e-29-de-abril-de-2018","A nota aborda infraestrutura digital e transformação tecnológica de forma específica. No tocante ao posicionamento do MRE, destaca-se: ""24 a 26/ABR – Washington, EUA. Seminário sobre Economia Digital e Reunião do Grupo de Trabalho Brasil-EUA sobre Internet e Tecnologias da Informação e das Comunicações.""","24 a 26/ABR – Washington, EUA. Seminário sobre Economia Digital e Reunião do Grupo de Trabalho Brasil-EUA sobre Internet e Tecnologias da Informação e das Comunicações."
"Calendário de eventos entre 16 e 22 de abril de 2018","13/04/2018","https://www.gov.br/mre/pt-br/canais_atendimento/imprensa/notas-a-imprensa/calendario-de-eventos-entre-16-e-22-de-abril-de-2018","A nota aborda infraestrutura digital e transformação tecnológica de forma específica. No tocante ao posicionamento do MRE, destaca-se: ""...Latina e do Caribe para o Desenvolvimento Sustentável.
  
  18 a 20/ABR – Cartagena das Índias, Colômbia. 6ª Conferência Ministerial sobre a Sociedade da Informação da América Latina e Caribe (eLAC).
  
  18 a 21/ABR – Milão, Itália. Salão do Móvel de Milão - ""Design Week"". Participação brasileira: Empresas e...""","...Latina e do Caribe para o Desenvolvimento Sustentável.
  
  18 a 20/ABR – Cartagena das Índias, Colômbia. 6ª Conferência Ministerial sobre a Sociedade da Informação da América Latina e Caribe (eLAC).
  
  18 a 21/ABR – Milão, Itália. Salão do Móvel de Milão - ""Design Week"". Participação brasileira: Empresas e..."
"Atos assinados por ocasião da visita do Ministro dos Negócios Estrangeiros da República Islâmica do Irã, Mohammad Javad Zarif – Brasília, 10 de abril de 2018","10/04/2018","https://www.gov.br/mre/pt-br/canais_atendimento/imprensa/notas-a-imprensa/atos-assinados-por-ocasiao-da-visita-do-ministro-dos-negocios-estrangeiros-da-republica-islamica-do-ira-mohammad-javad-zarif-brasilia-10-de-abril-de-2018","A nota aborda soberania digital e cibersegurança de forma específica. No tocante ao posicionamento do MRE, destaca-se: ""DESEJANDO celebrar um Tratado relativo à extradição com base nos princípios da soberania nacional, da não interferência nos assuntos internos de cada Parte e da proteção dos interesses mútuos;""","DESEJANDO celebrar um Tratado relativo à extradição com base nos princípios da soberania nacional, da não interferência nos assuntos internos de cada Parte e da proteção dos interesses mútuos; | INTERESSADAS em fortalecer as relações existentes entre os dois Estados com base nos princípios da soberania nacional, da não interferência nos assuntos internos de cada parte, e da proteção dos interesses mútuos; e | desejando celebrar um Tratado relativo ao auxílio jurídico mútuo em matéria penal com base nos princípios da soberania nacional, da não interferência nos assuntos internos de cada parte e da proteção dos interesses mútuos."
"Calendário de eventos entre 28 de maio e 03 de junho de 2018","28/05/2018","https://www.gov.br/mre/pt-br/canais_atendimento/imprensa/notas-a-imprensa/calendario-de-eventos-entre-21-e-25-de-maio-de-2019","A nota aborda governança da internet de forma específica. No tocante ao posicionamento do MRE, destaca-se: ""29 a 31/MAI – Roma, Itália. Organização das Nações Unidas para a Alimentação e Agricultura (FAO). Diálogo Multissetorial sobre Integração da Biodiversidade nos Setores Agrícolas.""","29 a 31/MAI – Roma, Itália. Organização das Nações Unidas para a Alimentação e Agricultura (FAO). Diálogo Multissetorial sobre Integração da Biodiversidade nos Setores Agrícolas."
"Calendário de eventos entre 17 e 24 de junho de 2018","15/06/2018","https://www.gov.br/mre/pt-br/canais_atendimento/imprensa/notas-a-imprensa/calendario-de-eventos-entre-17-e-24-de-junho-de-2018","A nota aborda regulação de plataformas e serviços digitais de forma específica. No tocante ao posicionamento do MRE, destaca-se: ""21/JUN – Brasília. Seminário Brasil – União Europeia ""Fake News"": Experiências e Desafios.""","21/JUN – Brasília. Seminário Brasil – União Europeia ""Fake News"": Experiências e Desafios."
"Diálogo com os Grupos de Engajamento do G20","20/06/2018","https://www.gov.br/mre/pt-br/canais_atendimento/imprensa/notas-a-imprensa/dialogo-com-os-grupos-de-engajamento-do-g20","A nota aborda infraestrutura digital e transformação tecnológica de forma específica. No tocante ao posicionamento do MRE, destaca-se: ""...mundial. Desde a crise financeira de 2008, o grupo passou a tratar de questões econômicas e sociais diversas, como comércio e investimentos, economia digital, energia, emprego, saúde, educação, mudança do clima, combate à corrupção e outros temas da agenda 2030 para o desenvolvimento sustentável.""","...mundial. Desde a crise financeira de 2008, o grupo passou a tratar de questões econômicas e sociais diversas, como comércio e investimentos, economia digital, energia, emprego, saúde, educação, mudança do clima, combate à corrupção e outros temas da agenda 2030 para o desenvolvimento sustentável."
"Calendário de eventos entre 30 de julho e 5 de agosto de 2018","27/07/2018","https://www.gov.br/mre/pt-br/canais_atendimento/imprensa/notas-a-imprensa/calendario-de-eventos-entre-30-de-julho-e-5-de-agosto-de-2018","A nota aborda governança da internet e infraestrutura digital e transformação tecnológica, aportando ao debate sobre governança digital global. Trecho-chave: ""30/JUL a 01/AGO – Buenos Aires, Argentina. Reunião da força-tarefa do G-20 sobre Economia Digital.""","30/JUL a 01/AGO – Buenos Aires, Argentina. Reunião da força-tarefa do G-20 sobre Economia Digital. | 31/JUL a 02/AGO – Buenos Aires, Argentina. Reunião preparatória da América Latina e do Caribe para o Fórum de Governança da Internet – LACIGF."
"X Cúpula dos BRICS – Declaração de Joanesburgo – 27 de julho de 2018 [Inglês]","27/07/2018","https://www.gov.br/mre/pt-br/canais_atendimento/imprensa/notas-a-imprensa/x-cupula-dos-brics-declaracao-de-joanesburgo-27-de-julho-de-2018-ingles","A nota aborda regulação de plataformas e serviços digitais e inclusão e acessibilidade digital, aportando ao debate sobre governança digital global. Trecho-chave: ""...on combatting the criminal use of ICTs within the UN. We acknowledge the progress made in promoting cooperation according to the BRICS Roadmap of Practical Cooperation on Ensuring Security in the Use of ICTs or any other mutually agreed mechanism. We also acknowledge the importance to...""","...on combatting the criminal use of ICTs within the UN. We acknowledge the progress made in promoting cooperation according to the BRICS Roadmap of Practical Cooperation on Ensuring Security in the Use of ICTs or any other mutually agreed mechanism. We also acknowledge the importance to... | ...advantages of technological progress and do not suffer from lack of its early adoption. It is essential to develop effective policies to bridge the digital divides, including through supporting people to learn and by adopting new technologies and ensure effective mechanisms for transfer of relevant..."
"Calendário de eventos entre 9 e 15 de julho de 2018","10/07/2018","https://www.gov.br/mre/pt-br/canais_atendimento/imprensa/notas-a-imprensa/calendario-de-eventos-entre-9-e-15-de-julho-de-2018","A nota aborda governança da internet e infraestrutura digital e transformação tecnológica, aportando ao debate sobre governança digital global. Trecho-chave: ""11 a 13/JUL – Genebra, Suíça. Reunião do Grupo de Aconselhamento Multissetorial do Fórum de Governança da Internet – MAG/IGF.""","11 a 13/JUL – Genebra, Suíça. Reunião do Grupo de Aconselhamento Multissetorial do Fórum de Governança da Internet – MAG/IGF. | 12 e 13/JUL – Santiago, Chile. Reunião da Mesa Diretora da Estratégia da América Latina e Caribe para a Sociedade da Informação – eLAC."
"Atos assinados por ocasião da Primeira Reunião do Diálogo Político-Militar Brasil-Chile (Mecanismo 2+2) – 9 de agosto de 2018","09/08/2018","https://www.gov.br/mre/pt-br/canais_atendimento/imprensa/notas-a-imprensa/atos-assinados-por-ocasiao-da-primeira-reuniao-do-dialogo-politico-militar-brasil-chile-mecanismo-2-2-9-de-agosto-de-2018","A nota aborda soberania digital e cibersegurança de forma específica. No tocante ao posicionamento do MRE, destaca-se: ""...da Defesa Nacional de ambos os países, doravante “Os Participantes”, decidiram assinar a presente Declaração de Intenções, para promover um ciberespaço internacional seguro e confiável, em apoio aos interesses nacionais e com a finalidade de fomentar uma colaboração e cooperação mais estreita entre...""","...da Defesa Nacional de ambos os países, doravante “Os Participantes”, decidiram assinar a presente Declaração de Intenções, para promover um ciberespaço internacional seguro e confiável, em apoio aos interesses nacionais e com a finalidade de fomentar uma colaboração e cooperação mais estreita entre..."
"Exposição Centenário Mandela – 11 de setembro a 4 de outubro de 2018","11/09/2018","https://www.gov.br/mre/pt-br/canais_atendimento/imprensa/notas-a-imprensa/exposicao-centenario-mandela-11-de-setembro-a-4-de-outubro-de-2018","A nota aborda privacidade e proteção de dados pessoais de forma específica. No tocante ao posicionamento do MRE, destaca-se: ""b) para a imprensa estrangeira, passaporte (páginas em que constam o número do documento, a foto e os dados pessoais do titular); e""","b) para a imprensa estrangeira, passaporte (páginas em que constam o número do documento, a foto e os dados pessoais do titular); e"
"Reunião de Ministros das Relações Exteriores/Relações Internacionais do BRICS – Comunicado de Imprensa (Nova York, 27/09/2018)","27/09/2018","https://www.gov.br/mre/pt-br/canais_atendimento/imprensa/notas-a-imprensa/reuniao-de-ministros-das-relacoes-exteriores-relacoes-internacionais-do-brics-comunicado-de-imprensa-nova-york-27-09-2018","A nota aborda governança da internet de forma específica. No tocante ao posicionamento do MRE, destaca-se: ""...Nesse sentido, saudaram a Primeira Conferência Ministerial Mundial para a Eliminação da TB na Era do Desenvolvimento Sustentável: Uma Resposta Multissetorial, realizada em Moscou,nos dias 16 e 17 de novembro de 2017. Essas iniciativas demonstram que há grande potencial para avançar projetos conjuntos...""","...Nesse sentido, saudaram a Primeira Conferência Ministerial Mundial para a Eliminação da TB na Era do Desenvolvimento Sustentável: Uma Resposta Multissetorial, realizada em Moscou,nos dias 16 e 17 de novembro de 2017. Essas iniciativas demonstram que há grande potencial para avançar projetos conjuntos..."
"Calendário de eventos entre 26 de outubro e 02 de novembro de 2018","26/10/2018","https://www.gov.br/mre/pt-br/canais_atendimento/imprensa/notas-a-imprensa/calendario-de-eventos-entre-26-e-02-de-novembro-de-2018","A nota aborda privacidade e proteção de dados pessoais de forma específica. No tocante ao posicionamento do MRE, destaca-se: ""...– Nova York, EUA. 73a sessão da Assembleia Geral das Nações Unidas: Reunião de consultas informais sobre a resolução intitulada ""O direito à privacidade na era digital"", patrocinada pelo Brasil.""","...– Nova York, EUA. 73a sessão da Assembleia Geral das Nações Unidas: Reunião de consultas informais sobre a resolução intitulada ""O direito à privacidade na era digital"", patrocinada pelo Brasil."
"Calendário de eventos entre 19 e 26 outubro de 2018","19/10/2018","https://www.gov.br/mre/pt-br/canais_atendimento/imprensa/notas-a-imprensa/calendario-de-eventos-entre-19-e-26-outubro-de-2018","A nota aborda privacidade e proteção de dados pessoais de forma específica. No tocante ao posicionamento do MRE, destaca-se: ""...– Nova York, EUA. 73a sessão da Assembleia Geral das Nações Unidas: reunião de consultas informais sobre a resolução intitulada ""O direito à privacidade na era digital"", patrocinada pelo Brasil.""","...– Nova York, EUA. 73a sessão da Assembleia Geral das Nações Unidas: reunião de consultas informais sobre a resolução intitulada ""O direito à privacidade na era digital"", patrocinada pelo Brasil."
"Calendário de eventos entre 8 e 12 de outubro de 2018","05/10/2018","https://www.gov.br/mre/pt-br/canais_atendimento/imprensa/notas-a-imprensa/calendario-de-eventos-entre-8-e-12-de-outubro-de-2018","A nota aborda privacidade e proteção de dados pessoais de forma específica. No tocante ao posicionamento do MRE, destaca-se: ""11/OUT – Nova York, EUA. 73a sessão da Assembleia Geral das Nações Unidas: reunião de consultas informais sobre a resolução intitulada ""Privacidade na Era Digital"", patrocinada pelo Brasil.""","11/OUT – Nova York, EUA. 73a sessão da Assembleia Geral das Nações Unidas: reunião de consultas informais sobre a resolução intitulada ""Privacidade na Era Digital"", patrocinada pelo Brasil."
"Calendário de eventos entre 16 e 23 de novembro de 2018","19/11/2018","https://www.gov.br/mre/pt-br/canais_atendimento/imprensa/notas-a-imprensa/calendario-de-eventos-entre-16-e-23-de-novembro-de-2018","A nota aborda infraestrutura digital e transformação tecnológica de forma específica. No tocante ao posicionamento do MRE, destaca-se: ""12 a 16/NOV (continuação) – Paris, França. 77a Reunião do Comitê de Políticas para a Economia Digital (CDEP) da Organização para a Cooperação e o Desenvolvimento Econômico (OCDE).""","12 a 16/NOV (continuação) – Paris, França. 77a Reunião do Comitê de Políticas para a Economia Digital (CDEP) da Organização para a Cooperação e o Desenvolvimento Econômico (OCDE)."
"Calendário de eventos entre 9 e 16 de novembro de 2018","09/11/2018","https://www.gov.br/mre/pt-br/canais_atendimento/imprensa/notas-a-imprensa/calendario-de-eventos-entre-26-e-02-de-novembro-de-2020","A nota abrange múltiplos eixos temáticos da governança digital global: governança da internet, privacidade e proteção de dados pessoais e infraestrutura digital e transformação tecnológica. Como evidência, destaca-se: ""...07 e 09/NOV – Nova York, EUA. 73a sessão da Assembleia Geral das Nações Unidas: reunião de consultas informais sobre a resolução intitulada ""Privacidade na era digital"", patrocinada pelo Brasil e pela Alemanha. (Continuação).""","...07 e 09/NOV – Nova York, EUA. 73a sessão da Assembleia Geral das Nações Unidas: reunião de consultas informais sobre a resolução intitulada ""Privacidade na era digital"", patrocinada pelo Brasil e pela Alemanha. (Continuação). | 12/NOV – Nova York, EUA. 73a sessão da Assembleia Geral das Nações Unidas: reunião de consultas informais sobre a resolução intitulada ""Privacidade na era digital"", patrocinada pelo Brasil e pela Alemanha. | 12 a 14/NOV – Paris, França. 13a Reunião do Fórum de Governança da Internet (IGF)."
"Calendário de eventos entre 2 e 9 de novembro de 2018","01/11/2018","https://www.gov.br/mre/pt-br/canais_atendimento/imprensa/notas-a-imprensa/calendario-de-eventos-entre-26-e-02-de-novembro-de-2019","A nota aborda privacidade e proteção de dados pessoais de forma específica. No tocante ao posicionamento do MRE, destaca-se: ""...– Nova York, EUA. 73a sessão da Assembleia Geral das Nações Unidas: Reunião de consultas informais sobre a resolução intitulada ""O direito à privacidade na era digital"", patrocinada pelo Brasil.""","...– Nova York, EUA. 73a sessão da Assembleia Geral das Nações Unidas: Reunião de consultas informais sobre a resolução intitulada ""O direito à privacidade na era digital"", patrocinada pelo Brasil."
"Comunicado Conjunto do Presidente Jair Bolsonaro  e do Presidente Donald J. Trump – 19 de março de 2019","19/03/2019","https://www.gov.br/mre/pt-br/canais_atendimento/imprensa/notas-a-imprensa/2019/comunicado-conjunto-do-presidente-donald-j-trump-e-do-presidente-jair-bolsonaro-19-de-marco-de-2019","A nota aborda soberania digital e cibersegurança de forma específica. No tocante ao posicionamento do MRE, destaca-se: ""...parceria entre seus dois países com foco no aumento da prosperidade, na melhoria da segurança, na promoção da democracia, da liberdade e da soberania nacional.""","...parceria entre seus dois países com foco no aumento da prosperidade, na melhoria da segurança, na promoção da democracia, da liberdade e da soberania nacional."
"Solicitação de atribuição do nome de domínio de primeiro nível “.Amazon”","11/03/2019","https://www.gov.br/mre/pt-br/canais_atendimento/imprensa/notas-a-imprensa/2019/solicitacao-de-atribuicao-do-nome-de-dominio-de-primeiro-nivel-amazon","A nota aborda governança da internet de forma específica. No tocante ao posicionamento do MRE, destaca-se: ""Solicitação de atribuição do nome de domínio de primeiro nível “.Amazon”""","Solicitação de atribuição do nome de domínio de primeiro nível “.Amazon” | ...da Internet para Atribuição de Nomes e Números (ICANN) adotou resolução a respeito da atribuição do nome de domínio de primeiro nível “.Amazon” à empresa Amazon Inc. A medida dispõe que, na ausência de um acordo entre os países amazônicos e a companhia norte-americana nessa matéria... | Desde 2012, por intermédio do Itamaraty, o Brasil, em coordenação com os demais países amazônicos, opõe-se firmemente à atribuição do “.Amazon” à empresa Amazon Inc. em regime de exclusividade. Na visão brasileira, devido a sua indissociável relação semântica com a Amazônia, aquele..."
"Solicitação de atribuição de domínio de primeiro nível “.Amazon”","18/04/2019","https://www.gov.br/mre/pt-br/canais_atendimento/imprensa/notas-a-imprensa/2019/solicitacao-de-atribuicao-de-dominio-de-primeiro-nivel-amazon","A nota aborda governança da internet de forma específica. No tocante ao posicionamento do MRE, destaca-se: ""Solicitação de atribuição de domínio de primeiro nível “.Amazon”""","Solicitação de atribuição de domínio de primeiro nível “.Amazon” | ...submeteu à Corporação da Internet para Atribuição de Nomes e Números (ICANN), em 17/4/2019, proposta para obter o domínio de primeiro nível .AMAZON, que, na visão do Brasil, não atende preocupações importantes dos países da Organização do Tratado de Cooperação Amazônica (OTCA). | ...próprias da região amazônica não serão utilizados pela empresa; e (4) que mudanças em relação ao regime de governança do nome de domínio .AMAZON ocorram por acordo entre as partes."
"Solicitação de atribuição de domínio de primeiro nível “.Amazon”","20/05/2019","https://www.gov.br/mre/pt-br/canais_atendimento/imprensa/notas-a-imprensa/2019/solicitacao-de-atribuicao-de-dominio-de-primeiro-nivel-amazon-2","A nota aborda governança da internet de forma específica. No tocante ao posicionamento do MRE, destaca-se: ""Solicitação de atribuição de domínio de primeiro nível “.Amazon”""","Solicitação de atribuição de domínio de primeiro nível “.Amazon” | ...da Internet para Atribuição de Nomes e Números (ICANN), adotada em 17 de maio de 2019, de atribuir o nome de domínio de primeiro nível .Amazon à empresa Amazon Inc., em regime de exclusividade e na ausência de uma solução mutuamente aceitável entre a empresa e os países da região... | ...Governamental da ICANN (GAC, na sigla em inglês), os quais reconhecem o caráter problemático e politicamente sensível do nome de domínio .Amazon e consideram que a atribuição desse nome de domínio só deveria ocorrer com base em uma solução aceitável para os países da região..."
"Calendário de eventos entre 10 e 17 de maio de 2019","10/05/2019","https://www.gov.br/mre/pt-br/canais_atendimento/imprensa/notas-a-imprensa/2019/calendario-de-eventos-entre-10-e-17-de-maio-de-2019","A nota aborda inclusão e acessibilidade digital de forma específica. No tocante ao posicionamento do MRE, destaca-se: ""13 a 17/MAI – Genebra, Suíça. Comissão de Ciência e Tecnologia para o Desenvolvimento, XXII Sessão.""","13 a 17/MAI – Genebra, Suíça. Comissão de Ciência e Tecnologia para o Desenvolvimento, XXII Sessão."
"Comércio eletrônico na OMC","03/05/2019","https://www.gov.br/mre/pt-br/canais_atendimento/imprensa/notas-a-imprensa/2019/comercio-eletronico-na-omc-2","A nota aborda privacidade e proteção de dados pessoais de forma específica. No tocante ao posicionamento do MRE, destaca-se: ""A proposta brasileira resultou de ampla coordenação interna entre diversos órgãos de governo. Aborda questões como proteção do consumidor e de dados pessoais, além de questões tributárias e relacionadas à segurança cibernética e à cooperação tecnológica.""","A proposta brasileira resultou de ampla coordenação interna entre diversos órgãos de governo. Aborda questões como proteção do consumidor e de dados pessoais, além de questões tributárias e relacionadas à segurança cibernética e à cooperação tecnológica."
"Declaração de Osaka sobre Economia Digital","29/06/2019","https://www.gov.br/mre/pt-br/canais_atendimento/imprensa/notas-a-imprensa/2019/declaracao-de-osaka-sobre-economia-digital","A nota aborda infraestrutura digital e transformação tecnológica de forma específica. No tocante ao posicionamento do MRE, destaca-se: ""Declaração de Osaka sobre Economia Digital""","Declaração de Osaka sobre Economia Digital | Afirmamos a importância de promover discussões políticas nacionais e internacionais para aproveitar todo o potencial dos dados e da economia digital para promover a inovação, para que possamos acompanhar o rápido crescimento da economia digital e maximizar os benefícios da digitalização e... | Com base nesses esforços, nos engajaremos em debates sobre políticas internacionais a fim de aproveitar todo o potencial dos dados e da economia digital e ampliaremos esforços para trabalhar com os fóruns internacionais relevantes para esse fim."
"Declaração de Osaka dos Líderes do G20","29/06/2019","https://www.gov.br/mre/pt-br/canais_atendimento/imprensa/notas-a-imprensa/2019/declaracao-de-osaka-dos-lideres-do-g20","A nota aborda infraestrutura digital e transformação tecnológica de forma específica. No tocante ao posicionamento do MRE, destaca-se: ""8. Saudamos a Declaração Ministerial do G20 sobre Comércio e Economia Digital realizada em Tsukuba. Esforçamo-nos por construir um ambiente de comércio e investimentos que seja livre, justo, não-discriminatório,...""","8. Saudamos a Declaração Ministerial do G20 sobre Comércio e Economia Digital realizada em Tsukuba. Esforçamo-nos por construir um ambiente de comércio e investimentos que seja livre, justo, não-discriminatório,... | ...os marcos jurídicos nacionais e internacionais sejam respeitados. O livre fluxo de dados com confiança permitirá aproveitar as oportunidades da economia digital. Cooperaremos para incentivar a interoperabilidade de diferentes estruturas e afirmamos o papel dos dados no desenvolvimento. Também reafirmamos a... | 12. A fim de promover ainda mais a inovação na economia digital, apoiamos o intercâmbio de boas práticas sobre políticas eficientes e enfoques e marcos regulatórios que sejam inovadores, ágeis, flexíveis e..."
"Reunião informal de líderes do BRICS à margem da Cúpula do G20 – Comunicado conjunto de imprensa – Osaka, 28 de junho de 2019","28/06/2019","https://www.gov.br/mre/pt-br/canais_atendimento/imprensa/notas-a-imprensa/2019/reuniao-informal-de-lideres-do-brics-a-margem-da-cupula-do-g20-comunicado-conjunto-de-imprensa-osaka-28-de-junho-de-2019","A nota aborda infraestrutura digital e transformação tecnológica de forma específica. No tocante ao posicionamento do MRE, destaca-se: ""...maior participação dos países em desenvolvimento nas cadeias globais de valor. Reconhecemos a importância da interface entre comércio e economia digital. Afirmamos também o papel dos dados para o desenvolvimento.""","...maior participação dos países em desenvolvimento nas cadeias globais de valor. Reconhecemos a importância da interface entre comércio e economia digital. Afirmamos também o papel dos dados para o desenvolvimento."
"Reunião Informal de Líderes do BRICS à margem do G20 – Osaka, 28 de junho de 2019","26/06/2019","https://www.gov.br/mre/pt-br/canais_atendimento/imprensa/notas-a-imprensa/2019/reuniao-informal-de-lideres-do-brics-a-margem-do-g20-osaka-28-de-junho-de-2019","A nota aborda infraestrutura digital e transformação tecnológica de forma específica. No tocante ao posicionamento do MRE, destaca-se: ""...relacionados à agenda do G20, tais como desdobramentos recentes na economia e no sistema financeiro internacional, transições energéticas e economia digital.""","...relacionados à agenda do G20, tais como desdobramentos recentes na economia e no sistema financeiro internacional, transições energéticas e economia digital."
"Cúpula do G20 em Osaka","26/06/2019","https://www.gov.br/mre/pt-br/canais_atendimento/imprensa/notas-a-imprensa/2019/cupula-do-g20-em-osaka","A nota aborda infraestrutura digital e transformação tecnológica de forma específica. No tocante ao posicionamento do MRE, destaca-se: ""...tratará de temas relacionados à economia mundial, bem como ao comércio e aos investimentos internacionais. A segunda debaterá inovação e economia digital, incluindo o tema da inteligência artificial. A terceira, já no dia 29, debaterá temas afetos ao desenvolvimento sustentável, tais como...""","...tratará de temas relacionados à economia mundial, bem como ao comércio e aos investimentos internacionais. A segunda debaterá inovação e economia digital, incluindo o tema da inteligência artificial. A terceira, já no dia 29, debaterá temas afetos ao desenvolvimento sustentável, tais como... | Alguns dos temas prioritários para a presidência japonesa do G20 são: economia digital; infraestrutura de qualidade; envelhecimento populacional (tema com implicações para a previdência social, o futuro do trabalho e a saúde); e..."
"Declaração Conjunta Presidencial por ocasião da visita do Presidente da República do Chile, Sebastian Piñera – Brasília, 28 de agosto de 2019","28/08/2019","https://www.gov.br/mre/pt-br/canais_atendimento/imprensa/notas-a-imprensa/2019/declaracao-conjunta-presidencial-por-ocasiao-da-visita-do-presidente-da-republica-do-chile-sebastian-pinera-brasilia-28-de-agosto-de-2019","A nota aborda soberania digital e cibersegurança de forma específica. No tocante ao posicionamento do MRE, destaca-se: ""Os presidentes afirmaram sua opinião comum de que os desafios ambientais devem ser tratados respeitando a soberania nacional e ressaltaram a importância de implementar os mecanismos multilaterais existentes. Afirmaram que é valioso e importante buscar também formas de...""","Os presidentes afirmaram sua opinião comum de que os desafios ambientais devem ser tratados respeitando a soberania nacional e ressaltaram a importância de implementar os mecanismos multilaterais existentes. Afirmaram que é valioso e importante buscar também formas de..."
"Financiamento ambiental: mecanismos internacionais existentes","27/08/2019","https://www.gov.br/mre/pt-br/canais_atendimento/imprensa/notas-a-imprensa/2019/financiamento-ambiental-mecanismos-internacionais-existentes","A nota aborda soberania digital e cibersegurança de forma específica. No tocante ao posicionamento do MRE, destaca-se: ""...redundantes, com montantes que ficam muito aquém dos seus compromissos internacionais, e com insinuações ambíguas quanto ao princípio da soberania nacional.""","...redundantes, com montantes que ficam muito aquém dos seus compromissos internacionais, e com insinuações ambíguas quanto ao princípio da soberania nacional."
"Conflito na Síria. Escalada de tensões no nordeste sírio.","11/10/2019","https://www.gov.br/mre/pt-br/canais_atendimento/imprensa/notas-a-imprensa/2019/conflito-na-siria-escalada-de-tensoes-no-nordeste-sirio","A nota aborda soberania digital e cibersegurança de forma específica. No tocante ao posicionamento do MRE, destaca-se: ""...8804, e pelo e-mail dac@itamaraty.gov.br. Nos demais horários, poderá ser contatado o telefone do plantão consular da Secretaria de Assuntos de Soberania Nacional e Cidadania do Itamaraty: +55 61 98197-2284.""","...8804, e pelo e-mail dac@itamaraty.gov.br. Nos demais horários, poderá ser contatado o telefone do plantão consular da Secretaria de Assuntos de Soberania Nacional e Cidadania do Itamaraty: +55 61 98197-2284."
"Calendário de eventos entre 04 e 11 de outubro de 2019","04/10/2019","https://www.gov.br/mre/pt-br/canais_atendimento/imprensa/notas-a-imprensa/2019/calendario-de-eventos-entre-04-e-11-de-outubro-de-2019","A nota aborda infraestrutura digital e transformação tecnológica de forma específica. No tocante ao posicionamento do MRE, destaca-se: ""7/OUT – Taipé, Taiwan. Taiwan Business Alliance Conference, organized by the Ministry of Economic Affairs, with discussion panels on 5G and IoT Industry, AI, Electric vehicles/Self-driving cars.""","7/OUT – Taipé, Taiwan. Taiwan Business Alliance Conference, organized by the Ministry of Economic Affairs, with discussion panels on 5G and IoT Industry, AI, Electric vehicles/Self-driving cars."
"XI Cúpula do BRICS – Declaração de Brasília","14/11/2019","https://www.gov.br/mre/pt-br/canais_atendimento/imprensa/notas-a-imprensa/2019/declaracao-de-brasilia-11-cupula-do-brics","A nota aborda soberania digital e cibersegurança e infraestrutura digital e transformação tecnológica, aportando ao debate sobre governança digital global. Trecho-chave: ""...plenamente dos benefícios do desenvolvimento sustentável. A cooperação internacional neste campo, como em todos os outros, deve respeitar a soberania nacional e os regulamentos e disposições legais e institucionais nacionais, bem como práticas e procedimentos.""","...plenamente dos benefícios do desenvolvimento sustentável. A cooperação internacional neste campo, como em todos os outros, deve respeitar a soberania nacional e os regulamentos e disposições legais e institucionais nacionais, bem como práticas e procedimentos. | ...incluindo biotecnologia, serviços financeiros, aviação regional, alinhamento de padrões técnicos, desenvolvimento de habilidades e economia digital. | ...déficit de demanda na economia internacional necessita de fontes adicionais de crescimento, as quais investimento em infraestrutura, incluindo em infraestrutura digital, desenvolvimento de competências, particularmente para os jovens, investimento sustentável, investimento em serviços básicos locais, e..."
"XI Cúpula do BRICS – Brasília, 13 e 14 de novembro de 2019","11/11/2019","https://www.gov.br/mre/pt-br/canais_atendimento/imprensa/notas-a-imprensa/2019/xi-cupula-do-brics-brasilia-13-e-14-de-novembro-de-2019","A nota aborda infraestrutura digital e transformação tecnológica de forma específica. No tocante ao posicionamento do MRE, destaca-se: ""...do BRICS, sob o lema “Crescimento Econômico para um Futuro Inovador”. As áreas prioritárias de trabalho são: ciência, tecnologia e inovação; economia digital; aproximação entre o Conselho Empresarial do BRICS e o Novo Banco de Desenvolvimento (NDB); saúde e combate à corrupção e ao terrorismo.""","...do BRICS, sob o lema “Crescimento Econômico para um Futuro Inovador”. As áreas prioritárias de trabalho são: ciência, tecnologia e inovação; economia digital; aproximação entre o Conselho Empresarial do BRICS e o Novo Banco de Desenvolvimento (NDB); saúde e combate à corrupção e ao terrorismo."
"Processo de adesão à Convenção de Budapeste - Nota Conjunta do Ministério das Relações Exteriores e do Ministério da Justiça e Segurança Pública","11/12/2019","https://www.gov.br/mre/pt-br/canais_atendimento/imprensa/notas-a-imprensa/2019/processo-de-adesao-a-convencao-de-budapeste-nota-conjunta-do-ministerio-das-relacoes-exteriores-e-do-ministerio-da-justica-e-seguranca-publica","A nota aborda governança da internet de forma específica. No tocante ao posicionamento do MRE, destaca-se: ""A iniciativa de adesão do Brasil à Convenção de Budapeste vem somar-se à Lei no 12.965/2014, o Marco Civil da Internet, para a persecução penal dos crimes cibernéticos.""","A iniciativa de adesão do Brasil à Convenção de Budapeste vem somar-se à Lei no 12.965/2014, o Marco Civil da Internet, para a persecução penal dos crimes cibernéticos."
"Terremoto na Turquia","28/01/2020","https://www.gov.br/mre/pt-br/canais_atendimento/imprensa/notas-a-imprensa/2020/terremoto-na-turquia-2","A nota aborda soberania digital e cibersegurança de forma específica. No tocante ao posicionamento do MRE, destaca-se: ""...8804, e pelo e-mail dac@itamaraty.gov.br. Nos demais horários, poderá ser contatado o telefone do plantão consular da Secretaria de Assuntos de Soberania Nacional e Cidadania do Itamaraty: +55 61 98197-2284.]""","...8804, e pelo e-mail dac@itamaraty.gov.br. Nos demais horários, poderá ser contatado o telefone do plantão consular da Secretaria de Assuntos de Soberania Nacional e Cidadania do Itamaraty: +55 61 98197-2284.]"
"Comunicado Conjunto Brasil-Índia por ocasião da Visita de Estado do Presidente da República Federativa do Brasil à Índia (25-27 de janeiro de 2020)","25/01/2020","https://www.gov.br/mre/pt-br/canais_atendimento/imprensa/notas-a-imprensa/2020/comunicado-conjunto-brasil-india-por-ocasiao-da-visita-de-estado-do-presidente-da-republica-federativa-do-brasil-a-india-25-27-de-janeiro-de-2020","A nota aborda soberania digital e cibersegurança de forma específica. No tocante ao posicionamento do MRE, destaca-se: ""Combating Crime, Terrorism and Cyber Security Cooperation""","Combating Crime, Terrorism and Cyber Security Cooperation"
"Assinatura do Memorando de Entendimento entre o Brasil e o Chile sobre Cooperação na área de Telecomunicações e Economia Digital","24/07/2020","https://www.gov.br/mre/pt-br/canais_atendimento/imprensa/notas-a-imprensa/2020/assinatura-do-memorando-de-entendimento-entre-o-brasil-e-o-chile-sobre-cooperacao-na-area-de-telecomunicacoes-e-economia-digital","A nota aborda infraestrutura digital e transformação tecnológica e regulação de plataformas e serviços digitais, aportando ao debate sobre governança digital global. Trecho-chave: ""Assinatura do Memorando de Entendimento entre o Brasil e o Chile sobre Cooperação na área de Telecomunicações e Economia Digital""","Assinatura do Memorando de Entendimento entre o Brasil e o Chile sobre Cooperação na área de Telecomunicações e Economia Digital | ...Neumann, assinaram hoje, em videoconferência, o Memorando de Entendimento entre o Brasil e o Chile sobre Cooperação em Telecomunicações e Economia Digital. | ...de telecomunicações, conectividade e fluxo de dados entre os dois países. O Memorando prevê, ainda, a cooperação em internet das coisas, 5G, inteligência artificial e suas aplicações."
"Diálogo Bilateral Brasil-França","10/07/2020","https://www.gov.br/mre/pt-br/canais_atendimento/imprensa/notas-a-imprensa/2020/dialogo-bilateral-brasil-franca","A nota aborda soberania digital e cibersegurança de forma específica. No tocante ao posicionamento do MRE, destaca-se: ""...Secretário de Negociações Bilaterais no Oriente Médio, Europa e África, e o embaixador Fabio Mendes Marzano, Secretário de Assuntos de Soberania Nacional e Cidadania, e por seu homólogo francês, senhor Philippe Errera, Diretor-Geral de Assuntos Políticos e de Segurança.""","...Secretário de Negociações Bilaterais no Oriente Médio, Europa e África, e o embaixador Fabio Mendes Marzano, Secretário de Assuntos de Soberania Nacional e Cidadania, e por seu homólogo francês, senhor Philippe Errera, Diretor-Geral de Assuntos Políticos e de Segurança."
"Explosões no porto de Beirute, Líbano","04/08/2020","https://www.gov.br/mre/pt-br/canais_atendimento/imprensa/notas-a-imprensa/2020/explosoes-no-porto-de-beirute-libano","A nota aborda soberania digital e cibersegurança de forma específica. No tocante ao posicionamento do MRE, destaca-se: ""...e pelo e-mail dac@itamaraty.gov.br. Nos demais horários, poderá ser contatado o telefone do plantão consular da Secretaria de Assuntos de Soberania Nacional e Cidadania do Itamaraty pelo número +55 61 98197-2284.""","...e pelo e-mail dac@itamaraty.gov.br. Nos demais horários, poderá ser contatado o telefone do plantão consular da Secretaria de Assuntos de Soberania Nacional e Cidadania do Itamaraty pelo número +55 61 98197-2284."
"Terremoto no Mar Egeu","30/10/2020","https://www.gov.br/mre/pt-br/canais_atendimento/imprensa/notas-a-imprensa/2020/terremoto-no-mar-egeu","A nota aborda soberania digital e cibersegurança de forma específica. No tocante ao posicionamento do MRE, destaca-se: ""...às 19h, pelos telefones +55 61 2030 8803 e +55 61 2030 8804 e pelo e-mail dac@itamaraty.gov.br, e o plantão consular da Secretaria de Assuntos de Soberania Nacional e Cidadania, nos demais dias e horários, pelo telefone +55 61 98197-2284. O atendimento à imprensa será feito pelo e-mail...""","...às 19h, pelos telefones +55 61 2030 8803 e +55 61 2030 8804 e pelo e-mail dac@itamaraty.gov.br, e o plantão consular da Secretaria de Assuntos de Soberania Nacional e Cidadania, nos demais dias e horários, pelo telefone +55 61 98197-2284. O atendimento à imprensa será feito pelo e-mail..."
"Assinatura de Pacote Comercial com os EUA – Nota Conjunta do Ministério das Relações Exteriores e do Ministério da Economia","19/10/2020","https://www.gov.br/mre/pt-br/canais_atendimento/imprensa/notas-a-imprensa/2020/nota-conjunta-do-ministerio-das-relacoes-exteriores-e-do-ministerio-da-economia-assinatura-de-pacote-comercial-com-os-eua","A nota aborda inteligência artificial e governança algorítmica de forma específica. No tocante ao posicionamento do MRE, destaca-se: ""...eletrônicos, interoperabilidade entre guichês únicos de comércio exterior e automação na gestão de riscos, inclusive com o emprego de “machine learning” e inteligência artificial. Há também seção destinada ao tratamento a ser conferido a produtos agrícolas, de especial interesse do Brasil e...""","...eletrônicos, interoperabilidade entre guichês únicos de comércio exterior e automação na gestão de riscos, inclusive com o emprego de “machine learning” e inteligência artificial. Há também seção destinada ao tratamento a ser conferido a produtos agrícolas, de especial interesse do Brasil e..."
"V Diálogo Estratégico Brasil–Reino Unido – Comunicado Conjunto","09/10/2020","https://www.gov.br/mre/pt-br/canais_atendimento/imprensa/notas-a-imprensa/2020/v-dialogo-estrategico-brasil-reino-unido-comunicado-conjunto","A nota aborda soberania digital e cibersegurança e infraestrutura digital e transformação tecnológica, aportando ao debate sobre governança digital global. Trecho-chave: ""...Os ministros saudaram o aprofundamento da colaboração bilateral em relação ao uso de inteligência artificial, proteção de dados, economia digital e acesso digital, implementação da rede 5G e cibersegurança, inclusive por meio do próximo Diálogo Digital e de Segurança Cibernética, que o...""","...Os ministros saudaram o aprofundamento da colaboração bilateral em relação ao uso de inteligência artificial, proteção de dados, economia digital e acesso digital, implementação da rede 5G e cibersegurança, inclusive por meio do próximo Diálogo Digital e de Segurança Cibernética, que o... | ...data protection, digital economy and digital access, implementation of the 5G network and cybersecurity, including through the upcoming Digital and Cyber Security Dialogue, which Brazil and the UK plan to hold in the first semester of 2021. | ...bilateral collaboration regarding the use of artificial intelligence, data protection, digital economy and digital access, implementation of the 5G network and cybersecurity, including through the upcoming Digital and Cyber Security Dialogue, which Brazil and the UK plan to hold in the first..."
"Visita oficial à República Cooperativa da Guiana de Sua Excelência Embaixador Ernesto Araújo, Ministro das Relações Exteriores da República Federativa do Brasil – Comunicado conjunto à imprensa","26/11/2020","https://www.gov.br/mre/pt-br/canais_atendimento/imprensa/notas-a-imprensa/2020/visita-oficial-a-republica-cooperativa-da-guiana-de-sua-excelencia-do-embaixador-ernesto-araujo-ministro-das-relacoes-exteriores-da-republica-federativa-do-brasil-2013-comunicado-conjunto-a-imprensa","A nota aborda infraestrutura digital e transformação tecnológica de forma específica. No tocante ao posicionamento do MRE, destaca-se: ""...de Rota Ótica de Boa Vista, Brasil a Georgetown, Guiana”, assinado durante a visita, reconhecendo a importância de estabelecer infraestrutura de conectividade digital entre os dois países .""","...de Rota Ótica de Boa Vista, Brasil a Georgetown, Guiana”, assinado durante a visita, reconhecendo a importância de estabelecer infraestrutura de conectividade digital entre os dois países ."
"Declaração de Líderes do G20 da Cúpula de Riade – 22/11/2020","22/11/2020","https://www.gov.br/mre/pt-br/canais_atendimento/imprensa/notas-a-imprensa/2020/declaracao-de-lideres-do-g20-da-cupula-de-riade-2013-16-e-17-11-2020","A nota aborda infraestrutura digital e transformação tecnológica de forma específica. No tocante ao posicionamento do MRE, destaca-se: ""Economia Digital: conectividade, tecnologias digitais e políticas têm desempenhado um papel fundamental no fortalecimento de nossa resposta à pandemia e na...""","Economia Digital: conectividade, tecnologias digitais e políticas têm desempenhado um papel fundamental no fortalecimento de nossa resposta à pandemia e na... | Declaração Extraordinária dos Ministros de Economia Digital do G20                               30 de abril | Declaração dos Ministros de Economia Digital do G20                                                       22 de julho"
"Declaração de Moscou da XII Cúpula do BRICS","17/11/2020","https://www.gov.br/mre/pt-br/canais_atendimento/imprensa/notas-a-imprensa/2020/declaracao-de-moscou-da-xii-cupula-do-brics","A nota aborda infraestrutura digital e transformação tecnológica de forma específica. No tocante ao posicionamento do MRE, destaca-se: ""...do BRICS para o período de 2021-2025 como uma diretriz chave para aprimorar a cooperação do BRICS em comércio, investimento e financiamento, economia digital e desenvolvimento sustentável, para facilitar a rápida recuperação econômica e elevar os padrões de vida nos países do BRICS. Também...""","...do BRICS para o período de 2021-2025 como uma diretriz chave para aprimorar a cooperação do BRICS em comércio, investimento e financiamento, economia digital e desenvolvimento sustentável, para facilitar a rápida recuperação econômica e elevar os padrões de vida nos países do BRICS. Também... | 66. Reconhecemos o papel da economia digital como uma ferramenta importante para a modernização e transformação da indústria, promoção do crescimento econômico inclusivo, apoio ao... | ...de negócios mais estreitos entre os países do BRICS, inclusive em promoção comercial, investimentos, desenvolvimento de infraestrutura, economia digital e intercâmbio de melhores práticas nas áreas de energia, regulamentação efetiva, conduta empresarial responsável, financiamento do..."
"Lançamento do Diálogo Trilateral Brasil-Estados Unidos-Japão (JUSBE)","10/11/2020","https://www.gov.br/mre/pt-br/canais_atendimento/imprensa/notas-a-imprensa/2020/lancamento-do-dialogo-trilateral-brasil-estados-unidos-japao-jusbe","A nota aborda infraestrutura digital e transformação tecnológica de forma específica. No tocante ao posicionamento do MRE, destaca-se: ""...de redes de comunicações que seja seguro, confiável e vibrante, bem como em desenvolver uma abordagem comum quanto à utilização de redes 5G transparentes, seguras e baseadas na livre e justa concorrência e no primado do direito, em linha com suas legislações nacionais, prioridades na...""","...de redes de comunicações que seja seguro, confiável e vibrante, bem como em desenvolver uma abordagem comum quanto à utilização de redes 5G transparentes, seguras e baseadas na livre e justa concorrência e no primado do direito, em linha com suas legislações nacionais, prioridades na... | ...ensure a secure, trusted, and vibrant communication network ecosystem, and to develop a common approach to the deployment of transparent and secure 5G networks based on the foundation of free and fair competition, transparency, and the rule of law, in line with their national legislation, policy..."
"Visita do Subsecretário para Crescimento Econômico, Energia e Meio Ambiente do Departamento de Estado dos EUA, Keith Krach, ao Brasil, de 9 a 11 de novembro de 2020","10/11/2020","https://www.gov.br/mre/pt-br/canais_atendimento/imprensa/notas-a-imprensa/2020/visita-do-subsecretario-para-crescimento-economico-energia-e-meio-ambiente-do-departamento-de-estado-dos-eua-keith-krach-ao-brasil-de-9-a-11-de-novembro-de-2020","A nota aborda infraestrutura digital e transformação tecnológica de forma específica. No tocante ao posicionamento do MRE, destaca-se: ""Tanto no exercício JUSBE, quanto no âmbito bilateral, Brasil e EUA discutiram novos temas, como economia digital e 5G. O Brasil apoia os princípios contidos na proposta do Clean Network feita pelo EUA, inclusive na Organização para a Cooperação e o...""","Tanto no exercício JUSBE, quanto no âmbito bilateral, Brasil e EUA discutiram novos temas, como economia digital e 5G. O Brasil apoia os princípios contidos na proposta do Clean Network feita pelo EUA, inclusive na Organização para a Cooperação e o..."
"Comunicado Conjunto de Presidentes dos Estados Partes e Estados Associados do Mercosul","16/12/2020","https://www.gov.br/mre/pt-br/canais_atendimento/imprensa/notas-a-imprensa/2020/comunicado-conjunto-de-presidentes-dos-estados-partes-e-estados-associados-do-mercosul","A nota aborda infraestrutura digital e transformação tecnológica de forma específica. No tocante ao posicionamento do MRE, destaca-se: ""...fundamentais para aproveitar as oportunidades e desafios derivados do avanço das novas tecnologias e da sociedade digital, considerando que a infraestrutura digital e os serviços de telecomunicações são elementos chave para garantir direitos fundamentais e promover a reativação econômica.""","...fundamentais para aproveitar as oportunidades e desafios derivados do avanço das novas tecnologias e da sociedade digital, considerando que a infraestrutura digital e os serviços de telecomunicações são elementos chave para garantir direitos fundamentais e promover a reativação econômica."
"Assinado Acordo sobre Comércio Eletrônico do MERCOSUL – Nota Conjunta do Ministério das Relações Exteriores e do Ministério da Economia","30/04/2021","https://www.gov.br/mre/pt-br/canais_atendimento/imprensa/notas-a-imprensa/assinado-acordo-sobre-comercio-eletronico-do-mercosul-nota-conjunta-mre-mecon","A nota aborda privacidade e proteção de dados pessoais de forma específica. No tocante ao posicionamento do MRE, destaca-se: ""...ao consumidor “online” com as normas sobre a matéria vigentes no MERCOSUL; a adoção e a manutenção de marcos legais relativos à proteção de dados pessoais; a livre transferência de informações por meios eletrônicos para fins comerciais; a proibição da exigência de instalação de servidores...""","...ao consumidor “online” com as normas sobre a matéria vigentes no MERCOSUL; a adoção e a manutenção de marcos legais relativos à proteção de dados pessoais; a livre transferência de informações por meios eletrônicos para fins comerciais; a proibição da exigência de instalação de servidores..."
"Adoção do relatório do Grupo de Peritos Governamentais das Nações Unidas sobre segurança cibernética","31/05/2021","https://www.gov.br/mre/pt-br/canais_atendimento/imprensa/notas-a-imprensa/adocao-do-relatorio-do-grupo-de-peritos-governamentais-das-nacoes-unidas-sobre-seguranca-cibernetica","A nota aborda soberania digital e cibersegurança de forma específica. No tocante ao posicionamento do MRE, destaca-se: ""Adoção do relatório do Grupo de Peritos Governamentais das Nações Unidas sobre segurança cibernética""","Adoção do relatório do Grupo de Peritos Governamentais das Nações Unidas sobre segurança cibernética"
"Adesão brasileira ao projeto do cabo de fibras óticas “Humboldt” — Nota Conjunta do Ministério das Relações Exteriores e do Ministério das Comunicações","13/05/2021","https://www.gov.br/mre/pt-br/canais_atendimento/imprensa/notas-a-imprensa/adesao-brasileira-ao-projeto-do-cabo-de-fibras-oticas-201chumboldt201d-nota-conjunta-do-ministerio-das-relacoes-exteriores-e-do-ministerio-das-comunicacoes","A nota aborda infraestrutura digital e transformação tecnológica e regulação de plataformas e serviços digitais, aportando ao debate sobre governança digital global. Trecho-chave: ""O projeto também completará a conexão por fibra ótica do Brasil com seus vizinhos, consolidando a infraestrutura digital regional e posicionando o Brasil como líder da transformação digital e do mercado digital na região. Atualmente, Argentina, Brasil e Chile...""","O projeto também completará a conexão por fibra ótica do Brasil com seus vizinhos, consolidando a infraestrutura digital regional e posicionando o Brasil como líder da transformação digital e do mercado digital na região. Atualmente, Argentina, Brasil e Chile... | ...do Brasil com seus vizinhos, consolidando a infraestrutura digital regional e posicionando o Brasil como líder da transformação digital e do mercado digital na região. Atualmente, Argentina, Brasil e Chile respondem por 80% do tráfego de internet na América do Sul. | ...brasileira ao projeto do cabo “Humboldt” vem somar-se a outras importantes iniciativas do governo brasileiro, como o leilão de frequências de 5G, que dinamizará o mercado nacional de telecomunicações, ao viabilizar aplicações industriais dessa tecnologia ultrarrápida, ultraestável e..."
"Reuniões de Chanceleres e de Ministros de Desenvolvimento do G20 – Matera, Itália, 29 de junho de 2021","29/06/2021","https://www.gov.br/mre/pt-br/canais_atendimento/imprensa/notas-a-imprensa/reunioes-de-chanceleres-e-de-ministros-de-desenvolvimento-do-g20-2013-matera-italia-29-de-junho-de-2021","A nota aborda privacidade e proteção de dados pessoais de forma específica. No tocante ao posicionamento do MRE, destaca-se: ""...the importance of accelerating digital transformation and innovation, with appropriate protection of intellectual property rights and data privacy consistent with national and international legal frameworks and the voluntary transfer of technologies on mutually agreed terms, in sustainable and...""","...the importance of accelerating digital transformation and innovation, with appropriate protection of intellectual property rights and data privacy consistent with national and international legal frameworks and the voluntary transfer of technologies on mutually agreed terms, in sustainable and..."
"Reunião de Ministros das Relações Exteriores / Relações Internacionais do BRICS – Comunicado de imprensa","01/06/2021","https://www.gov.br/mre/pt-br/canais_atendimento/imprensa/notas-a-imprensa/reuniao-de-ministros-das-relacoes-exteriores-relacoes-internacionais-do-brics-comunicado-de-imprensa","A nota aborda privacidade e proteção de dados pessoais e regulação de plataformas e serviços digitais, aportando ao debate sobre governança digital global. Trecho-chave: ""...including technical advancement, business development, of safeguarding the security of States and public interests, and of respecting the right to privacy of individuals. They underscored the leading role of the United Nations in promoting dialogue to forge common understandings on the security of and...""","...including technical advancement, business development, of safeguarding the security of States and public interests, and of respecting the right to privacy of individuals. They underscored the leading role of the United Nations in promoting dialogue to forge common understandings on the security of and... | ...of advancing the intra-BRICS cooperation, including through the consideration of relevant initiatives and the implementation of the BRICS Roadmap of Practical Cooperation on Ensuring Security in the Use of ICTs."
"Declaração conjunta do BRICS sobre o Fortalecimento e a Reforma do Sistema Multilateral","01/06/2021","https://www.gov.br/mre/pt-br/canais_atendimento/imprensa/notas-a-imprensa/declaracao-conjunta-do-brics-sobre-o-fortalecimento-e-a-reforma-do-sistema-multilateral","A nota aborda regulação de plataformas e serviços digitais de forma específica. No tocante ao posicionamento do MRE, destaca-se: ""...the Republic of India, the People’s Republic of China and the Republic of South Africa met on 1 June 2021 in via Video Conferencing. On the landmark occasion of the 15 th anniversary of BRICS, the Ministers espoused their shared values of peace, freedom and rule of law, respect for human...""","...the Republic of India, the People’s Republic of China and the Republic of South Africa met on 1 June 2021 in via Video Conferencing. On the landmark occasion of the 15 th anniversary of BRICS, the Ministers espoused their shared values of peace, freedom and rule of law, respect for human... | ...and emerging, traditional and non-traditional challenges, including those emanating from terrorism, money laundering, cyber-realm, infodemics and fake news. vi. It should promote international and regional peace and security, social and economic development, and preserve nature’s balance with..."
"Comunicado Conjunto Brasil-Argentina por ocasião da visita a Brasília do Ministro das Relações Exteriores, Comércio Internacional e Culto da Argentina","08/10/2021","https://www.gov.br/mre/pt-br/canais_atendimento/imprensa/notas-a-imprensa/comunicado-conjunto-brasil-argentina-por-ocasiao-da-visita-a-brasilia-do-ministro-das-relacoes-exteriores-comercio-internacional-e-culto-da-argentina","A nota aborda infraestrutura digital e transformação tecnológica de forma específica. No tocante ao posicionamento do MRE, destaca-se: ""...etapa pós-pandemia de COVID 19 em diferentes áreas, como integração produtiva para uma convergência virtuosa com cadeias comerciais globais, economia digital e serviços baseados no conhecimento, integração energética e integração no setor saúde. Destacaram, em particular, a realização do Fórum...""","...etapa pós-pandemia de COVID 19 em diferentes áreas, como integração produtiva para uma convergência virtuosa com cadeias comerciais globais, economia digital e serviços baseados no conhecimento, integração energética e integração no setor saúde. Destacaram, em particular, a realização do Fórum..."
"Segunda parte da Reunião Ministerial  do Conselho da OCDE","07/10/2021","https://www.gov.br/mre/pt-br/canais_atendimento/imprensa/notas-a-imprensa/segunda-parte-da-reuniao-ministerial-do-conselho-da-ocde","A nota aborda infraestrutura digital e transformação tecnológica de forma específica. No tocante ao posicionamento do MRE, destaca-se: ""...provisão de serviços públicos e serviços financeiros e de pagamentos pelos meios digitais, bem como as perspectivas positivas que os leilões 5G abrem para níveis mais altos de conectividade e produtividade da sociedade e economia brasileiras.""","...provisão de serviços públicos e serviços financeiros e de pagamentos pelos meios digitais, bem como as perspectivas positivas que os leilões 5G abrem para níveis mais altos de conectividade e produtividade da sociedade e economia brasileiras."
"Declaração dos Líderes do G20 Roma","02/11/2021","https://www.gov.br/mre/pt-br/canais_atendimento/imprensa/notas-a-imprensa/declaracao-dos-lideres-do-g20-roma","A nota aborda privacidade e proteção de dados pessoais e infraestrutura digital e transformação tecnológica, aportando ao debate sobre governança digital global. Trecho-chave: ""...esforços para aprimorar a inovação em tecnologias digitais e outras relacionadas à saúde, levando em consideração a necessidade de proteger dados pessoais de saúde, encorajar a transferência voluntária de tecnologia em termos mutuamente acordados e trabalhar com a OMS para atualizar e reforçar...""","...esforços para aprimorar a inovação em tecnologias digitais e outras relacionadas à saúde, levando em consideração a necessidade de proteger dados pessoais de saúde, encorajar a transferência voluntária de tecnologia em termos mutuamente acordados e trabalhar com a OMS para atualizar e reforçar... | 46. ​​ Economia digital, ensino superior e pesquisa . Reconhecemos o papel da tecnologia e da inovação como facilitadores-chave para a recuperação global e o... | ...​​e confiáveis ​​que podem fornecer melhor acesso aos serviços dos setores público e privado, promovendo a privacidade e a proteção de dados pessoais. Continuaremos a trabalhar no desenvolvimento de ferramentas de identidade digital, implantáveis ​​também em cenários de emergência."
"Aprovação pelo Senado Federal da  Convenção de Budapeste sobre o Crime Cibernético","17/12/2021","https://www.gov.br/mre/pt-br/canais_atendimento/imprensa/notas-a-imprensa/aprovacao-pelo-senado-federal-da-convencao-de-budapeste-sobre-o-crime-cibernetico","A nota aborda governança da internet e privacidade e proteção de dados pessoais, aportando ao debate sobre governança digital global. Trecho-chave: ""...ao importante marco normativo já adotado pelo País em matéria de governança e de proteção de direitos em meio digital, de que são exemplos o Marco Civil da Internet e a Lei Geral de Proteção de Dados Pessoais.""","...ao importante marco normativo já adotado pelo País em matéria de governança e de proteção de direitos em meio digital, de que são exemplos o Marco Civil da Internet e a Lei Geral de Proteção de Dados Pessoais. | ...matéria de governança e de proteção de direitos em meio digital, de que são exemplos o Marco Civil da Internet e a Lei Geral de Proteção de Dados Pessoais."
"LIX Cúpula de Chefes de Estado do MERCOSUL e Estados Associados e LIX Reunião Ordinária do Conselho do Mercado Comum - Comunicado de Imprensa de Argentina, Brasil e Paraguai","17/12/2021","https://www.gov.br/mre/pt-br/canais_atendimento/imprensa/notas-a-imprensa/lix-cupula-de-chefes-de-estado-do-mercosul-e-estados-associados-e-lix-reuniao-ordinaria-do-conselho-do-mercado-comum-comunicado-de-imprensa-de-argentina-brasil-e-paraguai","A nota aborda infraestrutura digital e transformação tecnológica e regulação de plataformas e serviços digitais, aportando ao debate sobre governança digital global. Trecho-chave: ""...digital, para fortalecer a pesquisa, o desenvolvimento e a inovação em soluções digitais. Busca-se aproveitar o potencial de crescimento da economia digital e consolidar um mercado digital regional no MERCOSUL, que permita promover um ambiente de maior produtividade e competitividade, com impactos...""","...digital, para fortalecer a pesquisa, o desenvolvimento e a inovação em soluções digitais. Busca-se aproveitar o potencial de crescimento da economia digital e consolidar um mercado digital regional no MERCOSUL, que permita promover um ambiente de maior produtividade e competitividade, com impactos... | ...o desenvolvimento e a inovação em soluções digitais. Busca-se aproveitar o potencial de crescimento da economia digital e consolidar um mercado digital regional no MERCOSUL, que permita promover um ambiente de maior produtividade e competitividade, com impactos positivos no comércio eletrônico..."
"Declaração Presidencial sobre a Recuperação Pós-Pandemia","17/12/2021","https://www.gov.br/mre/pt-br/canais_atendimento/imprensa/notas-a-imprensa/declaracao-presidencial-sobre-a-recuperacao-pos-pandemia","A nota aborda inclusão e acessibilidade digital de forma específica. No tocante ao posicionamento do MRE, destaca-se: ""...meios digitais em seus mais diferentes aspectos, continuarão ganhando força em um momento posterior à crise sanitária, e que a integração e a acessibilidade digital, assim como a capacidade de inovação tecnológica, são essenciais para a prosperidade, a competitividade e a justiça social nos estados partes,...""","...meios digitais em seus mais diferentes aspectos, continuarão ganhando força em um momento posterior à crise sanitária, e que a integração e a acessibilidade digital, assim como a capacidade de inovação tecnológica, são essenciais para a prosperidade, a competitividade e a justiça social nos estados partes,..."
"Comunicado Conjunto Dos Presidentes Dos Estados Partes Do Mercosul E Estados Associados","17/12/2021","https://www.gov.br/mre/pt-br/canais_atendimento/imprensa/notas-a-imprensa/comunicado-conjunto-dos-presidentes-dos-estados-partes-do-mercosul-e-estados-associados-1","A nota aborda infraestrutura digital e transformação tecnológica de forma específica. No tocante ao posicionamento do MRE, destaca-se: ""...a conexão direta, mais rápida e segura entre a América do Sul e a Ásia, contribuindo assim com a impulsão e o desenvolvimento de uma economia digital e das telecomunicações na região. Nesse sentido, reconheceram o valioso aporte que iniciativas como essa possuem para a reativação e a...""","...a conexão direta, mais rápida e segura entre a América do Sul e a Ásia, contribuindo assim com a impulsão e o desenvolvimento de uma economia digital e das telecomunicações na região. Nesse sentido, reconheceram o valioso aporte que iniciativas como essa possuem para a reativação e a..."
"X Diálogo de Alto Nível sobre Direitos Humanos entre Brasil e União Europeia – 1/12/2021 – Comunicado conjunto","01/12/2021","https://www.gov.br/mre/pt-br/canais_atendimento/imprensa/notas-a-imprensa/x-dialogo-de-alto-nivel-sobre-direitos-humanos-entre-brasil-e-uniao-europeia-2013-1-12-2021-2013-comunicado-conjunto","A nota aborda soberania digital e cibersegurança de forma específica. No tocante ao posicionamento do MRE, destaca-se: ""A delegação do Brasil foi chefiada pelo Secretário de Assuntos de Soberania Nacional e Cidadania do Itamaraty, embaixador Paulino Franco de Carvalho Neto. O Representante Especial da UE para Direitos Humanos, senhor Eamon Gilmore,...""","A delegação do Brasil foi chefiada pelo Secretário de Assuntos de Soberania Nacional e Cidadania do Itamaraty, embaixador Paulino Franco de Carvalho Neto. O Representante Especial da UE para Direitos Humanos, senhor Eamon Gilmore,..."
"Nota conjunta do Ministério das Relações Exteriores, da Casa Civil e do Ministério da Economia - Brasil é convidado a iniciar processo de acessão à OCDE","25/01/2022","https://www.gov.br/mre/pt-br/canais_atendimento/imprensa/notas-a-imprensa/nota-conjunta-do-ministerio-das-relacoes-exteriores-da-casa-civil-e-do-ministerio-da-economia-brasil-e-convidado-a-iniciar-processo-de-acessao-a-ocde","A nota aborda infraestrutura digital e transformação tecnológica de forma específica. No tocante ao posicionamento do MRE, destaca-se: ""...trabalho da Organização, em temas tão diversos como comércio, investimentos, defesa da concorrência, agricultura, educação, tributação e economia digital.""","...trabalho da Organização, em temas tão diversos como comércio, investimentos, defesa da concorrência, agricultura, educação, tributação e economia digital."
"Declaração do Representante Permanente do Brasil junto às Nações Unidas, Embaixador Ronaldo Costa Filho, em sessão especial de emergência da Assembleia Geral da ONU sobre a situação na Ucrânia - 28 de fevereiro de 2022 (texto em inglês)","28/02/2022","https://www.gov.br/mre/pt-br/canais_atendimento/imprensa/notas-a-imprensa/declaracao-do-representante-permanente-do-brasil-junto-as-nacoes-unidas-embaixador-ronaldo-costa-filho-em-sessao-especial-de-emergencia-da-assembleia-geral-da-onu-sobre-a-situacao-na-ucrania-28-de-fevereiro-de-2022-texto-em-ingles","A nota aborda soberania digital e cibersegurança de forma específica. No tocante ao posicionamento do MRE, destaca-se: ""Equally important, we call all actors involved to reassess their decisions concerning the supply of weapons, the recourse to cyberattacks and the application of selective sanctions, particularly those which could affect the global economy, including the critical area of food...""","Equally important, we call all actors involved to reassess their decisions concerning the supply of weapons, the recourse to cyberattacks and the application of selective sanctions, particularly those which could affect the global economy, including the critical area of food..."
"Declaração do Representante Permanente do Brasil junto às Nações Unidas, Embaixador Ronaldo Costa Filho, em reunião do Conselho de Segurança da ONU sobre a situação na Ucrânia - 27 de fevereiro de 2022 (texto em inglês)","27/02/2022","https://www.gov.br/mre/pt-br/canais_atendimento/imprensa/notas-a-imprensa/declaracao-do-representante-permanente-do-brasil-junto-as-nacoes-unidas-embaixador-ronaldo-costa-filho-em-reuniao-do-conselho-de-seguranca-da-onu-sobre-a-situacao-na-ucrania-27-de-fevereiro-de-2022-texto-em-ingles","A nota aborda soberania digital e cibersegurança de forma específica. No tocante ao posicionamento do MRE, destaca-se: ""Let us be exceedingly cautious in moving forward in the General Assembly. The supply of weapons, the recourse to cyberattacks, and the application of selective sanctions, which could affect sectors such as fertilizers and wheat, with a strong risk of famine, entail the...""","Let us be exceedingly cautious in moving forward in the General Assembly. The supply of weapons, the recourse to cyberattacks, and the application of selective sanctions, which could affect sectors such as fertilizers and wheat, with a strong risk of famine, entail the..."
"Seminário “A Cadeia Internacional de Semicondutores e o Brasil”","26/04/2022","https://www.gov.br/mre/pt-br/canais_atendimento/imprensa/notas-a-imprensa/seminario-201ca-cadeia-internacional-de-semicondutores-e-o-brasil201d","A nota aborda infraestrutura digital e transformação tecnológica de forma específica. No tocante ao posicionamento do MRE, destaca-se: ""Por sua propriedade físico-química singular e sua aplicação múltipla, trata-se de componente central para o pleno funcionamento da economia digital. A crise impactou a indústria nacional e, em particular, a indústria automotiva. Recuperação sustentada da produção automotiva depende, entre...""","Por sua propriedade físico-química singular e sua aplicação múltipla, trata-se de componente central para o pleno funcionamento da economia digital. A crise impactou a indústria nacional e, em particular, a indústria automotiva. Recuperação sustentada da produção automotiva depende, entre..."
"Declaração Conjunta do BRICS sobre o tema: “Fortalecer a Solidariedade e a Cooperação do BRICS; Responder às novas Características e Desafios da Situação Internacional”","19/05/2022","https://www.gov.br/mre/pt-br/canais_atendimento/imprensa/notas-a-imprensa/declaracao-conjunta-do-brics-sobre-o-tema-201cfortalecer-a-solidariedade-e-a-cooperacao-do-brics-responder-as-novas-caracteristicas-e-desafios-da-situacao-internacional201d","A nota aborda privacidade e proteção de dados pessoais e regulação de plataformas e serviços digitais, aportando ao debate sobre governança digital global. Trecho-chave: ""...security in the use of ICTs. They also acknowledged the need to advance practical intra-BRICS cooperation through implementation of the BRICS Roadmap of Practical Cooperation on ensuring security in the use of ICTs and the activities of the BRICS Working Group on security in the use of ICTs.""","...security in the use of ICTs. They also acknowledged the need to advance practical intra-BRICS cooperation through implementation of the BRICS Roadmap of Practical Cooperation on ensuring security in the use of ICTs and the activities of the BRICS Working Group on security in the use of ICTs. | ...and vulnerable groups of population. They expressed their concerns on the risk, and ethical dilemma related to Artificial Intelligence, such as privacy, manipulation, bias, human-robot interaction, employment, effects and singularity among others. They encouraged BRICS members to work together to..."
"Declaração de Pequim da XIV Cúpula do BRICS","24/06/2022","https://www.gov.br/mre/pt-br/canais_atendimento/imprensa/notas-a-imprensa/declaracao-de-pequim-da-xiv-cupula-do-brics","A nota abrange múltiplos eixos temáticos da governança digital global: privacidade e proteção de dados pessoais, infraestrutura digital e transformação tecnológica, regulação de plataformas e serviços digitais e inclusão e acessibilidade digital. Como evidência, destaca-se: ""38. Reconhecemos o dinamismo da economia digital para mitigar o impacto do COVID-19 e permitir a recuperação econômica global. Reconhecemos também o papel positivo que o comércio e o...""","38. Reconhecemos o dinamismo da economia digital para mitigar o impacto do COVID-19 e permitir a recuperação econômica global. Reconhecemos também o papel positivo que o comércio e o... | ...e produtiva reunião dos Ministros da Comunicação do BRICS em julho de 2022. Apoiamos a coordenação e interação entre o Grupo de Trabalho de Economia Digital e o Grupo de Trabalho de Cooperação em TIC, bem como os fluxos de trabalho estabelecidos nesta trilha, tais como o DBTF e o BIFN quando possível... | ...Incentivamos o Conselho Empresarial do BRICS a fortalecer a cooperação, inclusive nas áreas de agronegócios, aviação, desregulamentação, economia digital, energia e economia verde, serviços financeiros, infraestrutura, manufatura e desenvolvimento de habilidades. Agradecemos as contribuições e..."
"Fórum de Diálogo Índia-Brasil-África do Sul - 10ª Reunião da Comissão Ministerial Trilateral do IBAS, 21 de setembro de 2022","23/09/2022","https://www.gov.br/mre/pt-br/canais_atendimento/imprensa/notas-a-imprensa/forum-de-dialogo-india-brasil-africa-do-sul-10a-reuniao-da-comissao-ministerial-trilateral-do-ibas-21-de-setembro-de-2022","A nota aborda soberania digital e cibersegurança e infraestrutura digital e transformação tecnológica, aportando ao debate sobre governança digital global. Trecho-chave: ""...os Ministros destacaram a Cooperação Sul-Sul como um esforço comum dos povos e países do Sul Global, guiado por princípios de respeito à soberania nacional; propriedade e independência nacionais; igualdade; não condicionalidade; não ingerência nos assuntos internos; e benefício mútuo mediante a...""","...os Ministros destacaram a Cooperação Sul-Sul como um esforço comum dos povos e países do Sul Global, guiado por princípios de respeito à soberania nacional; propriedade e independência nacionais; igualdade; não condicionalidade; não ingerência nos assuntos internos; e benefício mútuo mediante a... | ...o COVID-19 demonstrou a crescente dependência de produtos e sistemas de TIC pelos Estados e sublinharam a importância de garantir a segurança da infraestrutura de TIC. Os Ministros enfatizaram que a cooperação internacional ajudaria na construção de um entendimento comum sobre o comportamento responsável do... | 32. The Ministers agreed on the convening of Working Groups and expert-level meetings in other priority sectors such as Blue Economy, Cyber security, Defence, and Human settlements."
"Nota conjunta do Ministério das Relações Exteriores, da Casa Civil, do Ministério da Economia, da Secretaria-Geral da Presidência e da Secretaria de Governo - Conselho Brasil-OCDE","06/10/2022","https://www.gov.br/mre/pt-br/canais_atendimento/imprensa/notas-a-imprensa/nota-conjunta-do-ministerio-das-relacoes-exteriores-da-casa-civil-do-ministerio-da-economia-da-secretaria-geral-da-presidencia-e-da-secretaria-de-governo-conselho-brasil-ocde","A nota aborda infraestrutura digital e transformação tecnológica de forma específica. No tocante ao posicionamento do MRE, destaca-se: ""...e das práticas nacionais do país candidato aos padrões estabelecidos pela OCDE em 32 diferentes áreas ─ incluindo comércio, investimento, economia digital, saúde, educação, meio ambiente, concorrência, turismo, energia nuclear, entre outras.""","...e das práticas nacionais do país candidato aos padrões estabelecidos pela OCDE em 32 diferentes áreas ─ incluindo comércio, investimento, economia digital, saúde, educação, meio ambiente, concorrência, turismo, energia nuclear, entre outras."
"G20 Bali Leaders’ Declaration – Bali, Indonésia – 15 e 16 de novembro de 2022","17/11/2022","https://www.gov.br/mre/pt-br/canais_atendimento/imprensa/notas-a-imprensa/g20-bali-leaders2019-declaration-bali-indonesia-15-e-16-de-novembro-de-2022","A nota abrange múltiplos eixos temáticos da governança digital global: privacidade e proteção de dados pessoais, regulação de plataformas e serviços digitais e inclusão e acessibilidade digital. Como evidência, destaca-se: ""...in energy access and to eradicate energy poverty. Recognising our leadership role, and guided by the Bali Compact and the Bali Energy Transition Roadmap, we are committed to finding solutions to achieve energy markets stability, transparency, and affordability. We will accelerate transitions and...""","...in energy access and to eradicate energy poverty. Recognising our leadership role, and guided by the Bali Compact and the Bali Energy Transition Roadmap, we are committed to finding solutions to achieve energy markets stability, transparency, and affordability. We will accelerate transitions and... | ...organizations, other international networks and initiatives, and the private sector in addressing the priorities of the G20 Sustainable Finance Roadmap, which is voluntary and flexible in nature, and call for further efforts to advance the Roadmap’s recommended actions that will scale up... | ...allows businesses and entrepreneurs to thrive, and protects and empowers consumers, while addressing the challenges, related to digital divides, privacy, data protection, intellectual property rights, and online safety. We acknowledge the importance to counter disinformation campaigns, cyber..."
"LXI Cúpula de Chefes de Estado do MERCOSUL e Estados Associados e LXI Reunião Ordinária do Conselho do Mercado Comum - Comunicado de Imprensa de Argentina, Brasil, Paraguai e Bolívia","06/12/2022","https://www.gov.br/mre/pt-br/canais_atendimento/imprensa/notas-a-imprensa/lxi-cupula-de-chefes-de-estado-do-mercosul-e-estados-associados-e-lxi-reuniao-ordinaria-do-conselho-do-mercado-comum-comunicado-de-imprensa-de-argentina-brasil-paraguai-e-bolivia","A nota aborda infraestrutura digital e transformação tecnológica de forma específica. No tocante ao posicionamento do MRE, destaca-se: ""...digital do bloco. Celebraram, igualmente, os avanços alcançados em diferentes áreas temáticas, como assinatura digital, inclusão digital e infraestrutura digital.""","...digital do bloco. Celebraram, igualmente, os avanços alcançados em diferentes áreas temáticas, como assinatura digital, inclusão digital e infraestrutura digital."
"Atos assinados por ocasião da viagem do senhor Presidente da República à República Argentina - Buenos Aires, 23 de janeiro de 2023","23/01/2023","https://www.gov.br/mre/pt-br/canais_atendimento/imprensa/notas-a-imprensa/atos-assinados-por-ocasiao-da-viagem-do-senhor-presidente-da-republica-a-republica-argentina-buenos-aires-23-de-janeiro-de-2023","A nota aborda infraestrutura digital e transformação tecnológica de forma específica. No tocante ao posicionamento do MRE, destaca-se: ""...com o objetivo de avançar com uma estratégia conjunta em inteligência artificial, ciência de dados e tecnologias avançadas aplicadas à economia digital.""","...com o objetivo de avançar com uma estratégia conjunta em inteligência artificial, ciência de dados e tecnologias avançadas aplicadas à economia digital."
"Encontro do Ministro Mauro Vieira com o Primeiro-Ministro da Croácia","14/02/2023","https://www.gov.br/mre/pt-br/canais_atendimento/imprensa/notas-a-imprensa/encontro-do-ministro-mauro-vieira-com-o-primeiro-ministro-da-croacia","A nota aborda regulação de plataformas e serviços digitais de forma específica. No tocante ao posicionamento do MRE, destaca-se: ""O Ministro Mauro Vieira participou, ainda, de reunião de trabalho na Chancelaria croata, onde foi recebido pelo Chanceler Gordan Grli ć Radman. Na ocasião, foram assinados acordos bilaterais nas áreas de cultura e de educação. O Ministro será recebido amanhã pelo Presidente da...""","O Ministro Mauro Vieira participou, ainda, de reunião de trabalho na Chancelaria croata, onde foi recebido pelo Chanceler Gordan Grli ć Radman. Na ocasião, foram assinados acordos bilaterais nas áreas de cultura e de educação. O Ministro será recebido amanhã pelo Presidente da..."
"Memorando de Entendimento assinado entre a APEX e a AICEP por ocasião do Fórum Empresarial Portugal-Brasil, em 24 de abril de 2023.","24/04/2023","https://www.gov.br/mre/pt-br/canais_atendimento/imprensa/notas-a-imprensa/memorando-de-entendimento-assinado-entre-a-apex-e-a-aicep-por-ocasiao-do-forum-empresarial-portugal-brasil-em-24-de-abril-de-2023-1","A nota aborda privacidade e proteção de dados pessoais de forma específica. No tocante ao posicionamento do MRE, destaca-se: ""As PARTES comprometem-se a tratar os dados pessoais no estrito cumprimento da legislação nacional e comunitária aplicável à proteção de dados, através de medidas técnicas e organizativas...""","As PARTES comprometem-se a tratar os dados pessoais no estrito cumprimento da legislação nacional e comunitária aplicável à proteção de dados, através de medidas técnicas e organizativas..."
"Lista e íntegra dos atos assinados no Centro Cultural de Belém, em 22 de abril de 2023, por ocasião da visita do Presidente Luiz Inácio Lula da Silva a Portugal","22/04/2023","https://www.gov.br/mre/pt-br/canais_atendimento/imprensa/notas-a-imprensa/lista-e-integra-dos-atos-assinados-no-centro-cultural-de-belem-em-22-de-abril-de-2023-por-ocasiao-da-visita-do-presidente-luiz-inacio-lula-da-silva-a-portugal","A nota aborda privacidade e proteção de dados pessoais e infraestrutura digital e transformação tecnológica, aportando ao debate sobre governança digital global. Trecho-chave: ""Tendo presentes os princípios da licitude, da proporcionalidade, da adequação, da necessidade e da finalidade em matéria de proteção de dados pessoais;""","Tendo presentes os princípios da licitude, da proporcionalidade, da adequação, da necessidade e da finalidade em matéria de proteção de dados pessoais; | Informações confidenciais, documentos e dados pessoais | Utilização e transferência de dados pessoais"
"Declaração Conjunta Brasil-China sobre o combate à mudança do clima","14/04/2023","https://www.gov.br/mre/pt-br/canais_atendimento/imprensa/notas-a-imprensa/declaracao-conjunta-brasil-china-sobre-o-combate-as-mudancas-climaticas","A nota aborda regulação de plataformas e serviços digitais de forma específica. No tocante ao posicionamento do MRE, destaca-se: ""...and to commit to their new collective quantified goal that goes well beyond the floor of USD 100 billion per year and provide a clear roadmap of doubling adaptation finance. Such provision of means of implementation for developing countries is the climate ambition the world needs in...""","...and to commit to their new collective quantified goal that goes well beyond the floor of USD 100 billion per year and provide a clear roadmap of doubling adaptation finance. Such provision of means of implementation for developing countries is the climate ambition the world needs in..."
"Declaração Conjunta entre a República Federativa do Brasil e a República Popular da China sobre o Aprofundamento da Parceria Estratégica Global - Pequim, 14 de abril de 2023","14/04/2023","https://www.gov.br/mre/pt-br/canais_atendimento/imprensa/notas-a-imprensa/declaracao-conjunta-entre-a-republica-federativa-do-brasil-e-a-republica-popular-da-china-sobre-o-aprofundamento-da-parceria-estrategica-global-pequim-14-de-abril-de-2023","A nota aborda infraestrutura digital e transformação tecnológica de forma específica. No tocante ao posicionamento do MRE, destaca-se: ""...bem como expandir novas áreas de cooperação como proteção ambiental, enfrentamento à mudança do clima, economia de baixo carbono e economia digital.""","...bem como expandir novas áreas de cooperação como proteção ambiental, enfrentamento à mudança do clima, economia de baixo carbono e economia digital. | 24. As duas partes reconheceram os pontos em comum e a complementaridade na área de economia digital e saudaram a assinatura de Memorando de Entendimento sobre o Fortalecimento da Cooperação em Investimentos na Economia Digital, para criar a... | ...a consecução desses objetivos. Nesse sentido, decidiram estreitar a cooperação em áreas como comércio eletrônico, economia de baixo carbono, economia digital e tecnologias da informação e comunicação. Concordaram em incentivar a interação entre os ecossistemas de startups dos dois países, o..."
"Lista e íntegra dos atos assinados no Grande Palácio do Povo, por ocasião da visita do Presidente Luiz Inácio Lula da Silva à República Popular da China","14/04/2023","https://www.gov.br/mre/pt-br/canais_atendimento/imprensa/notas-a-imprensa/lista-e-integra-dos-atos-assinados-no-grande-palacio-do-povo-por-ocasiao-da-visita-do-presidente-luiz-inacio-lula-da-silva-a-republica-popular-da-china","A nota aborda inteligência artificial e governança algorítmica e infraestrutura digital e transformação tecnológica, aportando ao debate sobre governança digital global. Trecho-chave: ""VI - MEMORANDO DE ENTENDIMENTO SOBRE O FORTALECIMENTO DA COOPERAÇÃO EM INVESTIMENTOS NA ECONOMIA DIGITAL ENTRE O MINISTÉRIO DO COMÉRCIO DA REPÚBLICA POPULAR DA CHINA E O MINISTÉRIO DO DESENVOLVIMENTO, INDÚSTRIA, COMÉRCIO E SERVIÇOS DA REPÚBLICA...""","VI - MEMORANDO DE ENTENDIMENTO SOBRE O FORTALECIMENTO DA COOPERAÇÃO EM INVESTIMENTOS NA ECONOMIA DIGITAL ENTRE O MINISTÉRIO DO COMÉRCIO DA REPÚBLICA POPULAR DA CHINA E O MINISTÉRIO DO DESENVOLVIMENTO, INDÚSTRIA, COMÉRCIO E SERVIÇOS DA REPÚBLICA... | 2. Desenvolvimento de tecnologias de comunicação móvel 5G, bem como tecnologias-chave e aplicações em tecnologias de comunicação de próxima geração; | 4. Tecnologias-chave, algoritmos, padrões e cenários de aplicação em inteligência artificial (IA);"
"Consenso de Brasília – 30 de maio de 2023","30/05/2023","https://www.gov.br/mre/pt-br/canais_atendimento/imprensa/notas-a-imprensa/consenso-de-brasilia-2013-30-de-maio-de-2023","A nota aborda regulação de plataformas e serviços digitais de forma específica. No tocante ao posicionamento do MRE, destaca-se: ""...establish a contact group, headed by the Foreign Ministers, to evaluate the experiences of South American integration mechanisms and to draft a roadmap for the integration of South America, to be submitted to the consideration of the Heads of State.""","...establish a contact group, headed by the Foreign Ministers, to evaluate the experiences of South American integration mechanisms and to draft a roadmap for the integration of South America, to be submitted to the consideration of the Heads of State."
"Declaração de Ações de Hiroshima para Segurança Alimentar Global Resiliente","20/05/2023","https://www.gov.br/mre/pt-br/canais_atendimento/imprensa/notas-a-imprensa/declaracao-de-acoes-de-hiroshima-para-seguranca-alimentar-global-resiliente","A nota aborda governança da internet e regulação de plataformas e serviços digitais, aportando ao debate sobre governança digital global. Trecho-chave: ""...nota das principais ações descritas na Cúpula dos Sistemas Alimentares das Nações Unidas (UNFSS), de 2021, e no “Global Food Security Roadmap” 2022, endossado por mais de 100 países signatários, bem como dos esforços do G20 em segurança alimentar global, pretendemos tomar...""","...nota das principais ações descritas na Cúpula dos Sistemas Alimentares das Nações Unidas (UNFSS), de 2021, e no “Global Food Security Roadmap” 2022, endossado por mais de 100 países signatários, bem como dos esforços do G20 em segurança alimentar global, pretendemos tomar... | Apoio à assistência humanitária multissetorial a países que enfrentam crises e níveis emergenciais de insegurança alimentar aguda, como no Chifre da África. | ...international markets. Noting the key actions outlined in the United Nations Food Systems Summit 2021 (UNFSS) and the 2022 Global Food Security Roadmap endorsed by over 100 country signatories as well as the G20’s efforts on global food security, we intend to jointly take the following actions in..."
"Declaração da Cúpula CELAC-UE 2023","18/07/2023","https://www.gov.br/mre/pt-br/canais_atendimento/imprensa/notas-a-imprensa/declaracao-da-cupula-celac-ue-2023","A nota aborda privacidade e proteção de dados pessoais e regulação de plataformas e serviços digitais, aportando ao debate sobre governança digital global. Trecho-chave: ""...the importance of cooperating to promote a responsible human-centric, values-based and inclusive model of digital transformation that protects privacy as a fundamental right, increases digital connectivity and cybersecurity, aims at closing digital gaps, fosters the trustworthy development and use...""","...the importance of cooperating to promote a responsible human-centric, values-based and inclusive model of digital transformation that protects privacy as a fundamental right, increases digital connectivity and cybersecurity, aims at closing digital gaps, fosters the trustworthy development and use... | ...Foreign Affairs Ministers to take forward our shared commitments. We look forward to continuing examining the implementation of the bi-regional roadmap 2023-2025, presented at this Summit. A consultative coordination instance between the EU and CELAC will be set up to ensure continuity and..."
"Declaração Conjunta sobre a Aliança Digital América Latina e Caribe - União Europeia","17/07/2023","https://www.gov.br/mre/pt-br/canais_atendimento/imprensa/notas-a-imprensa/declaracao-conjunta-sobre-a-alianca-digital-america-latina-e-caribe-uniao-europeia-traducao-nao-oficial","A nota abrange múltiplos eixos temáticos da governança digital global: governança da internet, privacidade e proteção de dados pessoais, direitos humanos no ambiente digital e infraestrutura digital e transformação tecnológica. Como evidência, destaca-se: ""...com a Agência Espacial Latino-Americana e Caribenha (ALCE). Também serão levados a cabo a transferência e o intercâmbio de conhecimento sobre cidadania digital, digitalização de serviços e registros públicos, identidade digital, assinaturas eletrônicas e correspondente interoperabilidade.""","...com a Agência Espacial Latino-Americana e Caribenha (ALCE). Também serão levados a cabo a transferência e o intercâmbio de conhecimento sobre cidadania digital, digitalização de serviços e registros públicos, identidade digital, assinaturas eletrônicas e correspondente interoperabilidade. | ...princípios democráticos, a transparência e a prestação de contas, altos níveis de segurança cibernética e a proteção da privacidade e dos dados pessoais, bem como solidariedade, inclusão, segurança e sustentabilidade ambiental. Para defender esses valores, cooperaremos na luta contra a... | ...modelo de governança democrático, baseado em altos níveis de privacidade, proteção de dados e segurança. Nós nos propomos a desenvolver uma economia digital próspera, inclusiva, sustentável e responsável e setores digitais locais que promovam a inovação em condições equitativas e que se baseiem..."
"XII Comissão Mista Transfronteiriça Brasil-França – Caiena, 3 e 4 de julho de 2023","06/07/2023","https://www.gov.br/mre/pt-br/canais_atendimento/imprensa/notas-a-imprensa/xii-comissao-mista-transfronteirica-brasil-franca-2013-caiena-3-e-4-de-julho-de-2023","A nota aborda regulação de plataformas e serviços digitais de forma específica. No tocante ao posicionamento do MRE, destaca-se: ""...brasileira foi chefiada pelo Governador do estado do Amapá, Clécio Luís, e pelo Diretor do Departamento de Europa do Itamaraty, Flavio Goldman. A delegação francesa, por sua vez, foi copresidida pelo governador da Guiana Francesa, Thierry Queffelec, e pela diretora do Departamento de...""","...brasileira foi chefiada pelo Governador do estado do Amapá, Clécio Luís, e pelo Diretor do Departamento de Europa do Itamaraty, Flavio Goldman. A delegação francesa, por sua vez, foi copresidida pelo governador da Guiana Francesa, Thierry Queffelec, e pela diretora do Departamento de..."
"Discurso do Ministro das Relações Exteriores por ocasião da LXII Reunião Ordinária do Conselho do Mercado Comum (CMC) - Sessão com Estados Partes - Puerto Iguazú, 3 de julho de 2023","03/07/2023","https://www.gov.br/mre/pt-br/canais_atendimento/imprensa/notas-a-imprensa/discurso-do-ministro-das-relacoes-exteriores-por-ocasiao-da-lxii-reuniao-ordinaria-do-conselho-do-mercado-comum-cmc-puerto-iguazu-3-de-julho-de-2023","A nota aborda infraestrutura digital e transformação tecnológica de forma específica. No tocante ao posicionamento do MRE, destaca-se: ""...de valor com base numa confluência de fatores, desde medidas sanitárias e facilitação do comércio, passando por investimentos, serviços e economia digital, até compras públicas e medidas de convergência regulatória. Isso implica transcender a visão estritamente comercial para abranger temas como...""","...de valor com base numa confluência de fatores, desde medidas sanitárias e facilitação do comércio, passando por investimentos, serviços e economia digital, até compras públicas e medidas de convergência regulatória. Isso implica transcender a visão estritamente comercial para abranger temas como..."
"Declaração sobre o lema escolhido pela Presidência de São Tomé e Príncipe da CPLP: “Juventude e Sustentabilidade na CPLP” – São Tomé, 27 de agosto de 2023","27/08/2023","https://www.gov.br/mre/pt-br/canais_atendimento/imprensa/notas-a-imprensa/declaracao-sobre-o-lema-escolhido-pela-presidencia-de-sao-tome-e-principe-da-cplp-201cjuventude-e-sustentabilidade-na-cplp201d-2013-sao-tome-27-de-agosto-de-2023","A nota aborda governança da internet de forma específica. No tocante ao posicionamento do MRE, destaca-se: ""Reconhecendo que a transversalidade dos temas da juventude e da sustentabilidade impele a uma abordagem multissetorial e um esforço acrescido de coordenação e diálogo intersectorial;""","Reconhecendo que a transversalidade dos temas da juventude e da sustentabilidade impele a uma abordagem multissetorial e um esforço acrescido de coordenação e diálogo intersectorial;"
"Atos assinados por ocasião da visita de Estado do senhor Presidente da República, Luiz Inácio Lula da Silva, a Angola","25/08/2023","https://www.gov.br/mre/pt-br/canais_atendimento/imprensa/notas-a-imprensa/atos-assinados-por-ocasiao-da-visita-de-estado-do-senhor-presidente-da-republica-luiz-inacio-lula-da-silva-a-angola","A nota aborda privacidade e proteção de dados pessoais de forma específica. No tocante ao posicionamento do MRE, destaca-se: ""Cláusula 12 a (Proteção de Dados Pessoais)""","Cláusula 12 a (Proteção de Dados Pessoais) | As PARTES assumem o compromisso de proteger os direitos fundamentais de liberdade e de privacidade, relativos ao tratamento de dados pessoais, nos meios físicos e digitais, devendo, para tanto, adotar medidas corretas de segurança sob o aspecto técnico, jurídico e administrativo, e... | ...os parâmetros previstos na legislação angolana e brasileira, incluindo o previsto na Lei n° 13.709/2018 – Lei Geral de Proteção de Dados (LGPD) –, dentro de propósitos legítimos, específicos, explícitos e informados ao titular;"
"Declaração de Joanesburgo II - Sandton, Gauteng, África do Sul - 23 de agosto de 2023","24/08/2023","https://www.gov.br/mre/pt-br/canais_atendimento/imprensa/notas-a-imprensa/declaracao-de-joanesburgo-ii-sandton-gauteng-africa-do-sul-23-de-agosto-de-2023","A nota abrange múltiplos eixos temáticos da governança digital global: soberania digital e cibersegurança, regulação de plataformas e serviços digitais e inclusão e acessibilidade digital. Como evidência, destaca-se: ""...security in the use of ICTs. We also acknowledge the need to advance practical intra-BRICS cooperation through implementation of the BRICS Roadmap of Practical Cooperation on ensuring security in the use of ICTs and the activities of the BRICS Working Group on security in the use of ICTs.""","...security in the use of ICTs. We also acknowledge the need to advance practical intra-BRICS cooperation through implementation of the BRICS Roadmap of Practical Cooperation on ensuring security in the use of ICTs and the activities of the BRICS Working Group on security in the use of ICTs. | ...BRICS Business Council and BRICS Women’s Business Alliance (WBA) with the aim to promote implementation of BRICS Trade in Services Cooperation Roadmap and relevant documents including the BRICS Framework for cooperation in Trade in Professional Services. | ...BRICS members are at different levels of digital development, and thus recognize the need to address respective challenges including the various digital divides. We welcome the establishment of the BRICS Digital Economy Working Group. We reaffirm that openness, efficiency, stability, reliability, are..."
"XIX Reunião do Conselho de Ministros da ALADI","18/08/2023","https://www.gov.br/mre/pt-br/canais_atendimento/imprensa/notas-a-imprensa/xix-reuniao-do-conselho-de-ministros-da-aladi","A nota aborda infraestrutura digital e transformação tecnológica de forma específica. No tocante ao posicionamento do MRE, destaca-se: ""O encontro serviu para avaliar as atividades da Associação à luz dos múltiplos desafios globais da atualidade. O tema central da reunião foi a economia digital na integração regional, e foram aprovadas seis resoluções que definem linhas de ação para os próximos anos em temas como facilitação de...""","O encontro serviu para avaliar as atividades da Associação à luz dos múltiplos desafios globais da atualidade. O tema central da reunião foi a economia digital na integração regional, e foram aprovadas seis resoluções que definem linhas de ação para os próximos anos em temas como facilitação de..."
"Declaração Ministerial da 47ª reunião anual do G77 - Nova York, 22 de setembro de 2023","23/09/2023","https://www.gov.br/mre/pt-br/canais_atendimento/imprensa/notas-a-imprensa/declaracao-ministerial-no-contexto-da-47a-reuniao-annual-do-g77-nova-york-22-de-setembro-de-2023","A nota abrange múltiplos eixos temáticos da governança digital global: governança da internet, privacidade e proteção de dados pessoais, regulação de plataformas e serviços digitais e inclusão e acessibilidade digital. Como evidência, destaca-se: ""17.       The Ministers recognized that substantial digital divides and data inequalities exist within and among countries and regions, and between developed and all developing countries, and that many developing...""","17.       The Ministers recognized that substantial digital divides and data inequalities exist within and among countries and regions, and between developed and all developing countries, and that many developing... | ...abuse and exploitation in digital contexts, and recalling that no child shall be subjected to arbitrary or unlawful interference with his or her privacy and family. | ...teachers and families in ensuring a reliable source of daily nutrition and using accessible and inclusive distance-learning solutions to close the digital divide, while protecting children from violence, abuse and exploitation in digital contexts, and recalling that no child shall be subjected to arbitrary..."
"11ª Reunião da Comissão Ministerial Trilateral do Fórum de Diálogo Índia-Brasil-África do Sul (IBAS) - Nova York, 22 de setembro de 2023","22/09/2023","https://www.gov.br/mre/pt-br/canais_atendimento/imprensa/notas-a-imprensa/11a-reuniao-da-comissao-ministerial-trilateral-do-forum-de-dialogo-india-brasil-africa-do-sul-ibas-nova-york-22-de-setembro-de-2023","A nota aborda inclusão e acessibilidade digital de forma específica. No tocante ao posicionamento do MRE, destaca-se: ""...and security stemming from the already ubiquitous and borderless digital realm. The Ministers emphasized international cooperation for bridging the digital divides and welcomed the establishment of IBSA cooperation on cyber-related issues, including artificial intelligence and new and emerging technologies.""","...and security stemming from the already ubiquitous and borderless digital realm. The Ministers emphasized international cooperation for bridging the digital divides and welcomed the establishment of IBSA cooperation on cyber-related issues, including artificial intelligence and new and emerging technologies."
"Reunião de Chanceleres do BRICS à margem da 78ª Sessão da Assembleia Geral das Nações Unidas – Comunicado Conjunto – Nova York, 20 de setembro de 2023","20/09/2023","https://www.gov.br/mre/pt-br/canais_atendimento/imprensa/notas-a-imprensa/reuniao-dos-chanceleres-do-brics-a-margem-da-78a-sessao-da-assembleia-geral-das-nacoes-unidas-2013-comunicado-a-imprensa-2013-nova-york-20-de-setembro-de-2023","A nota aborda regulação de plataformas e serviços digitais de forma específica. No tocante ao posicionamento do MRE, destaca-se: ""...sustainable development. They emphasised the continued implementation of the Strategy for BRICS Economic Partnership 2025, the Implementation Roadmap on Trade and Investment related aspects hereof, BRICS Digital Economy Partnership Framework, the Action Plan 2021-2024 for Agricultural...""","...sustainable development. They emphasised the continued implementation of the Strategy for BRICS Economic Partnership 2025, the Implementation Roadmap on Trade and Investment related aspects hereof, BRICS Digital Economy Partnership Framework, the Action Plan 2021-2024 for Agricultural... | ...security in the use of ICTs. They also acknowledged the need to advance practical intra-BRICS cooperation through implementation of the BRICS Roadmap of Practical Cooperation on ensuring security in the use of ICTs and the activities of the BRICS Working Group on security in the use of ICTs...."
"Declaração de Havana sobre “os desafios atuais para o desenvolvimento: o papel da ciência, da tecnologia e da inovação” (em inglês)","16/09/2023","https://www.gov.br/mre/pt-br/canais_atendimento/imprensa/notas-a-imprensa/declaracao-de-havana-sobre-201cos-desafios-atuais-para-o-desenvolvimento-o-papel-da-ciencia-da-tecnologia-e-da-inovacao201d-em-ingles","A nota abrange múltiplos eixos temáticos da governança digital global: governança da internet, regulação de plataformas e serviços digitais e inclusão e acessibilidade digital. Como evidência, destaca-se: ""...change, biodiversity loss , desertification, sand and dust storms and environmental degradation, as well as the digital divides, with no clear roadmap so far to address these global problems.""","...change, biodiversity loss , desertification, sand and dust storms and environmental degradation, as well as the digital divides, with no clear roadmap so far to address these global problems. | ...and the adverse effects of climate change, biodiversity loss , desertification, sand and dust storms and environmental degradation, as well as the digital divides, with no clear roadmap so far to address these global problems. | ...the Global Digital Compact and the Summit of the Future contribute to, inter alia, the achievement of sustainable development and closing the digital divide between developed and developing countries."
"Declaração de Líderes do G20 de Nova Delhi - Nova Delhi, Índia - 9 e 10 de setembro de 2023","09/09/2023","https://www.gov.br/mre/pt-br/canais_atendimento/imprensa/notas-a-imprensa/declaracao-de-lideres-do-g20-de-nova-delhi-nova-delhi-india-9-e-10-de-setembro-de-2023","A nota abrange múltiplos eixos temáticos da governança digital global: privacidade e proteção de dados pessoais, regulação de plataformas e serviços digitais e inclusão e acessibilidade digital. Como evidência, destaca-se: ""...and consumer protection. We endorse the G20 2023 Financial Inclusion Action Plan (FIAP), which provides an action oriented and forward-looking roadmap for rapidly accelerating the financial inclusion of individuals and MSMEs, particularly vulnerable and underserved groups in the G20 countries and...""","...and consumer protection. We endorse the G20 2023 Financial Inclusion Action Plan (FIAP), which provides an action oriented and forward-looking roadmap for rapidly accelerating the financial inclusion of individuals and MSMEs, particularly vulnerable and underserved groups in the G20 countries and... | ...the implementation of the 2030 Agenda. To this end, we: i. Recognise the role of digital transformation, AI, data advances, and the need to address digital divides. We endorse the G20 Principles on Harnessing Data for Development (D4D) and welcome the decision to launch Data for Development Capacity Building... | ...the crucial role of tourism and culture as a means for sustainable socio-economic development and economic prosperity, and take note of the Goa Roadmap for Tourism as one of the vehicles for achieving the SDGs."
"Declaração Ministerial Conjunta do BASIC sobre Mudança do Clima","16/10/2023","https://www.gov.br/mre/pt-br/canais_atendimento/imprensa/notas-a-imprensa/declaracao-ministerial-conjunta-do-basic-sobre-mudanca-do-clima","A nota aborda regulação de plataformas e serviços digitais de forma específica. No tocante ao posicionamento do MRE, destaca-se: ""...their collective provision of climate finance for adaptation to developing countries from 2019 levels by 2025, and putting forward a clear roadmap as early as possible, whilst committing to a new collective quantified goal that goes well beyond the floor of USD 100 billion per year and...""","...their collective provision of climate finance for adaptation to developing countries from 2019 levels by 2025, and putting forward a clear roadmap as early as possible, whilst committing to a new collective quantified goal that goes well beyond the floor of USD 100 billion per year and..."
"Implementação do Ponto 7 do Consenso de Brasília - Mapa do Caminho para a Integração da América do Sul","06/10/2023","https://www.gov.br/mre/pt-br/canais_atendimento/imprensa/notas-a-imprensa/implementacao-do-ponto-7-do-consenso-de-brasilia-mapa-do-caminho-para-a-integracao-da-america-do-sul","A nota aborda infraestrutura digital e transformação tecnológica de forma específica. No tocante ao posicionamento do MRE, destaca-se: ""...como foco de atenção inicial pelos Presidentes da região, a saber: Combate ao Crime Organizado Transnacional, Comércio e Investimento, Conectividade Digital, Cooperação Transfronteiriça, Defesa, Desenvolvimento Social, Educação e Cultura, Energia, Financiamento ao Desenvolvimento, Gênero, Gestão...""","...como foco de atenção inicial pelos Presidentes da região, a saber: Combate ao Crime Organizado Transnacional, Comércio e Investimento, Conectividade Digital, Cooperação Transfronteiriça, Defesa, Desenvolvimento Social, Educação e Cultura, Energia, Financiamento ao Desenvolvimento, Gênero, Gestão..."
"Atos assinados por ocasião da visita do Ministro dos Negócios Estrangeiros de Ruanda - Brasília, 5 de outubro de 2023","05/10/2023","https://www.gov.br/mre/pt-br/canais_atendimento/imprensa/notas-a-imprensa/atos-assinados-por-ocasiao-da-visita-do-ministro-dos-negocios-estrangeiros-de-ruanda","A nota aborda privacidade e proteção de dados pessoais de forma específica. No tocante ao posicionamento do MRE, destaca-se: ""a) os dados, incluindo dados pessoais, devem ser obtidos e processados de maneira justa e legal e devem ser apropriados, relevantes e não excessivos em relação aos fins para os quais...""","a) os dados, incluindo dados pessoais, devem ser obtidos e processados de maneira justa e legal e devem ser apropriados, relevantes e não excessivos em relação aos fins para os quais... | a) dados pessoais da pessoa condenada, incluindo o nome, o sexo, a filiação, a nacionalidade, a data e o local de nascimento;"
"Primeira Reunião Sul-Americana de Diálogo entre Ministros da Defesa e das Relações Exteriores","22/11/2023","https://www.gov.br/mre/pt-br/canais_atendimento/imprensa/notas-a-imprensa/primeira-reuniao-sul-americana-de-dialogo-entre-ministros-da-defesa-e-das-relacoes-exteriores","A nota aborda regulação de plataformas e serviços digitais de forma específica. No tocante ao posicionamento do MRE, destaca-se: ""...Defense and Foreign Affairs"", based on the mandate granted by the Presidents of South America in the Brasilia Consensus, on May 30, and in the Roadmap for South American Integration, adopted on October 5.""","...Defense and Foreign Affairs"", based on the mandate granted by the Presidents of South America in the Brasilia Consensus, on May 30, and in the Roadmap for South American Integration, adopted on October 5. | 5. Taking into account the provisions of points 8 and 9 of the Roadmap for South American Integration, they agreed to:"
"Adoção do Documento “Áreas de Cooperação Prática” no âmbito da Parceria de Diálogo Setorial Brasil-Asean","15/12/2023","https://www.gov.br/mre/pt-br/canais_atendimento/imprensa/notas-a-imprensa/adocao-do-documento-201careas-de-cooperacao-pratica201d-no-ambito-da-parceria-de-dialogo-setorial-brasil-asean","A nota aborda governança da internet e infraestrutura digital e transformação tecnológica, aportando ao debate sobre governança digital global. Trecho-chave: ",""
"Discurso do Ministro Mauro Vieira na Reunião de Sherpas do G20 — Brasília, 12 de dezembro de 2023","12/12/2023","https://www.gov.br/mre/pt-br/canais_atendimento/imprensa/notas-a-imprensa/discurso-do-ministro-mauro-vieira-na-reuniao-de-sherpas-do-g20-2014-brasilia-12-de-dezembro-de-2023","A nota aborda regulação de plataformas e serviços digitais de forma específica. No tocante ao posicionamento do MRE, destaca-se: ""...of Foreign Affairs to host its first Sherpas Meeting here at our Foreign Ministry, the Itamaraty Palace, one of the most iconic Brazilian landmark buildings, designed by the architect Oscar Niemeyer.""","...of Foreign Affairs to host its first Sherpas Meeting here at our Foreign Ministry, the Itamaraty Palace, one of the most iconic Brazilian landmark buildings, designed by the architect Oscar Niemeyer."
"Declaração Especial dos Presidentes do MERCOSUL sobre Democracia e Integridade da Informação em Ambientes Digitais","08/12/2023","https://www.gov.br/mre/pt-br/canais_atendimento/imprensa/notas-a-imprensa/declaracao-especial-dos-presidentes-do-mercosul-sobre-democracia-e-integridade-da-informacao-em-ambientes-digitais","A nota abrange múltiplos eixos temáticos da governança digital global: governança da internet, privacidade e proteção de dados pessoais e inteligência artificial e governança algorítmica. Como evidência, destaca-se: ""...aplicáveis também aos ambientes digitais, tais como os direitos à liberdade de expressão, liberdade de imprensa, privacidade e proteção de dados pessoais, não discriminação e direito ao devido processo, com especial atenção aos casos de assédio e difamação, envolvendo também as plataformas...""","...aplicáveis também aos ambientes digitais, tais como os direitos à liberdade de expressão, liberdade de imprensa, privacidade e proteção de dados pessoais, não discriminação e direito ao devido processo, com especial atenção aos casos de assédio e difamação, envolvendo também as plataformas... | ...de promover ações conjuntas, a partir de uma perspectiva de direitos humanos, para a construção da confiança cidadã, a proteção de dados pessoais e a promoção da integridade, exatidão, consistência e confiabilidade das informações circulantes em ambientes digitais, bem como sobre a... | ...por parte das empresas de tecnologia, especialmente com relação à moderação de conteúdo, algoritmos de recomendação e ao tratamento dos dados pessoais, procurando minimizar a proliferação de conteúdos falsos ou ilegais e a defesa dos direitos das pessoas consumidoras desses serviços, inclusive..."
"Memorando de Entendimento entre o Instituto Guimarães Rosa e a Organização de Estados Ibero-Americanos para a Educação, a Ciência e a Cultura","08/12/2023","https://www.gov.br/mre/pt-br/canais_atendimento/imprensa/notas-a-imprensa/memorando-de-entendimento-entre-o-instituto-guimaraes-rosa-e-a-organizacao-de-estados-ibero-americanos-para-a-educacao-a-ciencia-e-a-cultura","A nota aborda privacidade e proteção de dados pessoais de forma específica. No tocante ao posicionamento do MRE, destaca-se: ""As partes acordam que, no âmbito do presente Memorando, não haverá qualquer tratamento de dados pessoais, conforme definido pela legislação aplicável em matéria de proteção de dados, incluindo, mas não se limitando à Lei Geral de Proteção de...""","As partes acordam que, no âmbito do presente Memorando, não haverá qualquer tratamento de dados pessoais, conforme definido pela legislação aplicável em matéria de proteção de dados, incluindo, mas não se limitando à Lei Geral de Proteção de..."
"Comunicado Conjunto dos Presidentes dos Estados Partes do Mercosul e Bolívia","07/12/2023","https://www.gov.br/mre/pt-br/canais_atendimento/imprensa/notas-a-imprensa/comunicado-conjunto-dos-presidentes-dos-estados-partes-do-mercosul-e-bolivia","A nota aborda infraestrutura digital e transformação tecnológica e inclusão e acessibilidade digital, aportando ao debate sobre governança digital global. Trecho-chave: ""...dos hiatos digital e de dados (“data and digital divide”) a ratificação do Acordo permitirá ao MERCOSUL melhor posicionar-se em temas chaves da economia digital, favorecendo em cláusulas que estimulem a maior inclusão de países em desenvolvimento no comércio eletrônico global. O acordo é consistente...""","...dos hiatos digital e de dados (“data and digital divide”) a ratificação do Acordo permitirá ao MERCOSUL melhor posicionar-se em temas chaves da economia digital, favorecendo em cláusulas que estimulem a maior inclusão de países em desenvolvimento no comércio eletrônico global. O acordo é consistente... | Em um contexto internacional de crescimento dos hiatos digital e de dados (“data and digital divide”) a ratificação do Acordo permitirá ao MERCOSUL melhor posicionar-se em temas chaves da economia digital, favorecendo em cláusulas que..."
"Atos adotados por ocasião da visita ao Brasil do Presidente da França, Emmanuel Macron - 28 de março de 2024","28/03/2024","https://www.gov.br/mre/pt-br/canais_atendimento/imprensa/notas-a-imprensa/atos-adotados-por-ocasiao-da-visita-do-presidente-da-franca-emmanuel-macron-ao-brasil","A nota aborda privacidade e proteção de dados pessoais de forma específica. No tocante ao posicionamento do MRE, destaca-se: ""No âmbito do presente Acordo, cria-se um novo Capítulo VIII intitulado “Proteção de Dados Pessoais”, que comporta um único Artigo, redigido da seguinte forma:""","No âmbito do presente Acordo, cria-se um novo Capítulo VIII intitulado “Proteção de Dados Pessoais”, que comporta um único Artigo, redigido da seguinte forma: | 2. O tratamento de dados pessoais deve se limitar ao mínimo necessário para a realização de suas finalidades, com abrangência dos dados pertinentes, proporcionais e não... | 4. Toda e qualquer pessoa cujos dados pessoais sejam transmitidos de um Estado ao outro em aplicação do presente Acordo terá direito de interpor recurso jurisdicional efetivo se considerar..."
"Visita ao Brasil do Ministro dos Negócios Estrangeiros e Europeus da Croácia, Gordan Grlic Radman - Brasília, 14 de março de 2024","14/03/2024","https://www.gov.br/mre/pt-br/canais_atendimento/imprensa/notas-a-imprensa/visita-ao-brasil-do-ministro-dos-negocios-estrangeiros-e-europeus-da-croacia-gordan-grlic-radman-brasilia-14-de-marco-de-2024","A nota aborda regulação de plataformas e serviços digitais de forma específica. No tocante ao posicionamento do MRE, destaca-se: ""Visita ao Brasil do Ministro dos Negócios Estrangeiros e Europeus da Croácia, Gordan Grlic Radman - Brasília, 14 de março de 2024""","Visita ao Brasil do Ministro dos Negócios Estrangeiros e Europeus da Croácia, Gordan Grlic Radman - Brasília, 14 de março de 2024 | O Ministro dos Negócios Estrangeiros e Europeus da Croácia, Gordan Grlic Radman, realizou visita oficial a Brasília hoje, 14 de março, ocasião na qual manteve reunião de trabalho com o Ministro das Relações Exteriores,..."
"Declaração Conjunta e Declaração de Seguimento da Parceria Estratégica Renovada Brasil - Espanha","06/03/2024","https://www.gov.br/mre/pt-br/canais_atendimento/imprensa/notas-a-imprensa/declaracao-conjunta-e-declaracao-de-seguimento-da-parceria-estrategica-renovada-brasil-espanha","A nota aborda inclusão e acessibilidade digital de forma específica. No tocante ao posicionamento do MRE, destaca-se: ""...objetivos junto à Secretaria-Geral Ibero-Americana (SEGIB). f. Seguir apoiando, desde ambos os países, o Programa Ibero-Americano de Ciência e Tecnologia para o Desenvolvimento (CYTED) para que continue a ser um importante instrumento de cooperação científica e tecnológica da Conferência Ibero-Americana, fornecendo os...""","...objetivos junto à Secretaria-Geral Ibero-Americana (SEGIB). f. Seguir apoiando, desde ambos os países, o Programa Ibero-Americano de Ciência e Tecnologia para o Desenvolvimento (CYTED) para que continue a ser um importante instrumento de cooperação científica e tecnológica da Conferência Ibero-Americana, fornecendo os..."
"Atos adotados por ocasião da visita do presidente Luiz Inácio Lula da Silva à Colômbia — Bogotá, 17 de abril de 2024","18/04/2024","https://www.gov.br/mre/pt-br/canais_atendimento/imprensa/notas-a-imprensa/atos-adotados-por-ocasiao-da-visita-do-presidente-luiz-inacio-lula-da-silva-a-colombia-2014-bogota-17-de-abril-de-2024","A nota aborda privacidade e proteção de dados pessoais e infraestrutura digital e transformação tecnológica, aportando ao debate sobre governança digital global. Trecho-chave: ""QUINTO: TROCA DE INFORMAÇÕES, PROTEÇÃO DE DADOS PESSOAIS, CONFIDENCIALIDADE E PUBLICIDADE""","QUINTO: TROCA DE INFORMAÇÕES, PROTEÇÃO DE DADOS PESSOAIS, CONFIDENCIALIDADE E PUBLICIDADE | ...estimularão a troca de informações sobre tráfico de pessoas, de acordo com o disposto na sua legislação interna sobre proteção de dados pessoais e confidencialidade de informações. Da mesma forma, com referência à proteção das vítimas, buscarão tomar as medidas previstas nas... | 5. Implementação de infraestrutura de comunicação, especialmente redes de banda larga, e cabos de fibra óptica subfluvial;"
"Declaração Conjunta da Iniciativa de Parceria Brasil-Japão sobre Meio Ambiente, Clima, Desenvolvimento Sustentável e Economias Resilientes","03/05/2024","https://www.gov.br/mre/pt-br/canais_atendimento/imprensa/notas-a-imprensa/declaracao-conjunta-da-iniciativa-de-parceria-brasil-japao-sobre-meio-ambiente-clima-desenvolvimento-sustentavel-e-economias-resilientes","A nota aborda inclusão e acessibilidade digital de forma específica. No tocante ao posicionamento do MRE, destaca-se: ""...desenvolvimento tecnológico conjunto e na transferência de tecnologia para as partes interessadas brasileiras. Com vistas ao desenvolvimento de tecnologia para o desenvolvimento sustentável, ambos os lados afirmaram seu compromisso em promover o Projeto de Desenvolvimento Colaborativo da Agricultura Digital e de Precisão...""","...desenvolvimento tecnológico conjunto e na transferência de tecnologia para as partes interessadas brasileiras. Com vistas ao desenvolvimento de tecnologia para o desenvolvimento sustentável, ambos os lados afirmaram seu compromisso em promover o Projeto de Desenvolvimento Colaborativo da Agricultura Digital e de Precisão..."
"Comunicado Conjunto sobre o Fortalecimento da  Parceria Estratégica e Global Brasil -Japão","03/05/2024","https://www.gov.br/mre/pt-br/canais_atendimento/imprensa/notas-a-imprensa/comunicado-conjunto-sobre-o-fortalecimento-da-parceria-estrategica-e-global-brasil-japao","A nota abrange múltiplos eixos temáticos da governança digital global: governança da internet, soberania digital e cibersegurança, inteligência artificial e governança algorítmica, infraestrutura digital e transformação tecnológica e inclusão e acessibilidade digital. Como evidência, destaca-se: ""...seguras, abertas e transparentes, e afirmaram que ambos os países trabalharão para esse propósito em áreas tais como o estabelecimento de redes 5G seguras e de tecnologias abertas e interoperacionais. Nesse contexto, os dois líderes saudaram o progresso na cooperação em Redes de Acesso de...""","...seguras, abertas e transparentes, e afirmaram que ambos os países trabalharão para esse propósito em áreas tais como o estabelecimento de redes 5G seguras e de tecnologias abertas e interoperacionais. Nesse contexto, os dois líderes saudaram o progresso na cooperação em Redes de Acesso de... | 68. Os dois líderes mencionaram a importância de se promover o uso de tecnologias de informação e comunicação mediante expansão da rede de banda larga, inclusive através do programa do setor privado de financiamento de investimento “Projeto de Promoção da Inclusão Digital” da JICA. | ...digital e melhorar as vidas das pessoas. O Brasil congratulou o Japão pela organização da 18a reunião do Fórum de Governança da Internet (IGF). Ambos os países estão determinados a continuar a colaboração em fóruns multilaterais e fóruns de governança digital com diferentes partes..."
"Transferência da Presidência Rotativa do Consenso de Brasília do Chile para a Colômbia – Luque, Paraguai, 28 de junho de 2024","28/06/2024","https://www.gov.br/mre/pt-br/canais_atendimento/imprensa/notas-a-imprensa/transferencia-da-presidencia-rotativa-do-consenso-de-brasilia-do-chile-para-a-colombia-2013-luque-paraguai-28-de-junho-de-2024","A nota aborda infraestrutura digital e transformação tecnológica de forma específica. No tocante ao posicionamento do MRE, destaca-se: ""...em temas como transição energética justa, mudança do clima, modelos produtivos sustentáveis e migrações, integração produtiva e conectividade digital.""","...em temas como transição energética justa, mudança do clima, modelos produtivos sustentáveis e migrações, integração produtiva e conectividade digital."
"Declaração Conjunta dos Presidentes do Estado Plurinacional da Bolívia e da República Federativa do Brasil - Santa Cruz, 9 de julho de 2024","09/07/2024","https://www.gov.br/mre/pt-br/canais_atendimento/imprensa/notas-a-imprensa/declaracao-conjunta-dos-presidentes-do-estado-plurinacional-da-bolivia-e-da-republica-federativa-do-brasil-santa-cruz-9-de-julho-de-2024","A nota aborda infraestrutura digital e transformação tecnológica de forma específica. No tocante ao posicionamento do MRE, destaca-se: ""...a la cooperación en la gestión de espectro y la prestación de servicios públicos públicos por radiofrecuencia, en particular la tecnología 5G para el desarrollo de una conectividad significativa.""","...a la cooperación en la gestión de espectro y la prestación de servicios públicos públicos por radiofrecuencia, en particular la tecnología 5G para el desarrollo de una conectividad significativa."
"Comunicado Conjunto dos Presidentes dos Estados Partes do Mercosul e da Bolívia","08/07/2024","https://www.gov.br/mre/pt-br/canais_atendimento/imprensa/notas-a-imprensa/comunicado-conjunto-dos-presidentes-dos-estados-partes-do-mercosul-e-da-bolivia","A nota aborda infraestrutura digital e transformação tecnológica de forma específica. No tocante ao posicionamento do MRE, destaca-se: ""...conectividade terrestre, aérea, fluvial, digital e energética. A esse respeito, celebraram a realização do Seminário de Integração Física e Conectividade Digital, que favoreceu a discussão político-técnica e a coordenação de ações, com vistas a trabalhar em um plano multimodal que incorpore diversos...""","...conectividade terrestre, aérea, fluvial, digital e energética. A esse respeito, celebraram a realização do Seminário de Integração Física e Conectividade Digital, que favoreceu a discussão político-técnica e a coordenação de ações, com vistas a trabalhar em um plano multimodal que incorpore diversos..."
"Comunicado conjunto da reunião entre o Ministro das Relações Exteriores do Brasil e o Secretário de Relações Exteriores das Filipinas","23/08/2024","https://www.gov.br/mre/pt-br/canais_atendimento/imprensa/notas-a-imprensa/comunicado-conjunto-sobre-a-reuniao-entre-o-secretario-de-relacoes-exteriores-das-filipinas-e-o-ministro-das-relacoes-exteriores-do-brasil","A nota aborda regulação de plataformas e serviços digitais de forma específica. No tocante ao posicionamento do MRE, destaca-se: ""...of providing the necessary support and cooperation to the process of Timor-Leste’s eventual membership in ASEAN, in accordance with ASEAN’s Roadmap for Timor-Leste’s full membership.""","...of providing the necessary support and cooperation to the process of Timor-Leste’s eventual membership in ASEAN, in accordance with ASEAN’s Roadmap for Timor-Leste’s full membership."
"Reunião de ministros das Relações Exteriores do IBAS à margem da 79ª AGNU – Nova York, 26 de setembro de 2024 – comunicado à imprensa","26/09/2024","https://www.gov.br/mre/pt-br/canais_atendimento/imprensa/notas-a-imprensa/reuniao-de-ministros-das-relacoes-exteriores-do-ibas-a-margem-da-79a-agnu-2013-nova-york-26-de-setembro-de-2024-2013-comunicado-a-imprensa","A nota abrange múltiplos eixos temáticos da governança digital global: privacidade e proteção de dados pessoais, infraestrutura digital e transformação tecnológica, regulação de plataformas e serviços digitais e inclusão e acessibilidade digital. Como evidência, destaca-se: ""...reduzir todas as divisões digitais e acelerar o progresso dos Objetivos de Desenvolvimento Sustentável; expandir a inclusão e os benefícios da economia digital para todos; promover um espaço digital inclusivo, aberto, seguro e protegido que respeite, proteja e promova os direitos humanos; promover...""","...reduzir todas as divisões digitais e acelerar o progresso dos Objetivos de Desenvolvimento Sustentável; expandir a inclusão e os benefícios da economia digital para todos; promover um espaço digital inclusivo, aberto, seguro e protegido que respeite, proteja e promova os direitos humanos; promover... | ...desenvolvimento de coletar, acessar e processar dados, respeitando as estruturas legais aplicáveis relacionadas à privacidade, à proteção de dados pessoais, à segurança e aos direitos de propriedade intelectual, como essenciais para aproveitar o potencial da economia digital para o desenvolvimento... | ...à proteção de dados pessoais, à segurança e aos direitos de propriedade intelectual, como essenciais para aproveitar o potencial da economia digital para o desenvolvimento sustentável. As discussões no âmbito das Nações Unidas sobre os princípios fundamentais da governança de dados são..."
"XVI Cúpula do BRICS – Kazan, Rússia, 22 a 24 de outubro de 2024 - Declaração Final","23/10/2024","https://www.gov.br/mre/pt-br/canais_atendimento/imprensa/notas-a-imprensa/xvi-cupula-do-brics-2013-kazan-russia-22-a-24-de-outubro-de-2024-declaracao-final","A nota abrange múltiplos eixos temáticos da governança digital global: privacidade e proteção de dados pessoais, inteligência artificial e governança algorítmica, infraestrutura digital e transformação tecnológica, regulação de plataformas e serviços digitais e inclusão e acessibilidade digital. Como evidência, destaca-se: ""...a governança justa, inclusiva e equitativa dos dados é fundamental para permitir que os países em desenvolvimento aproveitem os benefícios da economia digital e das tecnologias emergentes, incluindo a inteligência artificial. Lançamos apelo para a criação de uma estrutura global justa e equitativa...""","...a governança justa, inclusiva e equitativa dos dados é fundamental para permitir que os países em desenvolvimento aproveitem os benefícios da economia digital e das tecnologias emergentes, incluindo a inteligência artificial. Lançamos apelo para a criação de uma estrutura global justa e equitativa... | ...as oportunidades sociais e econômicas para todos. Incentivamos os membros do BRICS a explorar a possibilidade de atividades conjuntas no campo da infraestrutura digital para garantir a integridade, a estabilidade do funcionamento e a segurança dos segmentos nacionais da Internet, respeitando as estruturas... | ...Conselho Empresarial do BRICS em diferentes domínios, incluindo agricultura, finanças e investimentos, infraestrutura, transporte e logística, economia digital, produção de energia e desenvolvimento sustentável."
"Comunicado conjunto Brasil - Emirados Árabes Unidos por ocasião da reunião de líderes do G20","27/11/2024","https://www.gov.br/mre/pt-br/canais_atendimento/imprensa/notas-a-imprensa/comunicado-conjunto-brasil-emirados-arabes-unidos-por-ocasiao-da-reuniao-de-lideres-do-g20","A nota aborda soberania digital e cibersegurança e regulação de plataformas e serviços digitais, aportando ao debate sobre governança digital global. Trecho-chave: ""Ambas as partes também apelam por um imediato cessar-fogo no Líbano e acentuam a importância de reforçar a unidade, a soberania nacional e a integridade territorial do país. Salientam a importância da eleição de novo presidente no Líbano, bem como do apoio ao Estado e a suas...""","Ambas as partes também apelam por um imediato cessar-fogo no Líbano e acentuam a importância de reforçar a unidade, a soberania nacional e a integridade territorial do país. Salientam a importância da eleição de novo presidente no Líbano, bem como do apoio ao Estado e a suas... | ...Leader’s Summit on 18-19 November 2024. As a guest country, the UAE has been supportive of Brazil’s G20 Priorities, including the launch of the landmark Global Alliance Against Hunger and Poverty, which the UAE strongly advocates for and commits USD 100 million to this cause. The UAE is proud to... | As members of the COP Presidencies Troika, under “Roadmap to Mission 1.5°C”, both countries underline the importance of enhancing international cooperation and ambition in the next round of nationally..."
"Atos adotados por ocasião da visita de estado ao Brasil do Presidente da China, Xi Jinping – 20 de novembro de 2024","20/11/2024","https://www.gov.br/mre/pt-br/canais_atendimento/imprensa/notas-a-imprensa/atos-adotados-por-ocasiao-da-visita-de-estado-ao-brasil-do-presidente-da-china-xi-jinping-2013-20-de-novembro-de-2024-1","A nota aborda infraestrutura digital e transformação tecnológica de forma específica. No tocante ao posicionamento do MRE, destaca-se: ""19) Memorando de Entendimento sobre o Fortalecimento da Cooperação na Economia Digital entre o Ministério das Comunicações da República Federativa do Brasil e a Administração Nacional de Dados da República Popular da China ;""","19) Memorando de Entendimento sobre o Fortalecimento da Cooperação na Economia Digital entre o Ministério das Comunicações da República Federativa do Brasil e a Administração Nacional de Dados da República Popular da China ;"
"Declaração sobre Infraestrutura Pública Digital, IA e Dados para Governança – Comunicado conjunto de Brasil, África do Sul e Índia","19/11/2024","https://www.gov.br/mre/pt-br/canais_atendimento/imprensa/notas-a-imprensa/declaracao-sobre-infraestrutura-publica-digital-ia-e-dados-para-governanca-2013-comunicado-conjunto-de-brasil-africa-do-sul-e-india","A nota aborda privacidade e proteção de dados pessoais e infraestrutura digital e transformação tecnológica, aportando ao debate sobre governança digital global. Trecho-chave: ""...propícia ao apoio a uma maior concorrência e inovação, além de estimular um desenvolvimento econômico mais amplo e reduzir as assimetrias na economia digital.""","...propícia ao apoio a uma maior concorrência e inovação, além de estimular um desenvolvimento econômico mais amplo e reduzir as assimetrias na economia digital. | ...livelihood of families and neighbourhoods. This happens when such systems are inclusive, development-oriented, secure and designed to respect the privacy of individuals. In the marketplace, systems that follow common design principles – like open, modular, interoperable and scalable – enable the... | Key to this deployment is the establishment of fair and equitable principles for data governance to address data protection and management, privacy and security while offering market participants the protection of intellectual property rights and their confidential information."
"Comunicado Conjunto dos Presidentes dos Estados Partes do Mercosul e Estados Associados","06/12/2024","https://www.gov.br/mre/pt-br/canais_atendimento/imprensa/notas-a-imprensa/comunicado-conjunto-dos-presidentes-dos-estados-partes-do-mercosul-e-estados-associados-5","A nota aborda direitos humanos no ambiente digital de forma específica. No tocante ao posicionamento do MRE, destaca-se: ""...referências de políticas públicas nos Estados Partes e Associados, responsáveis pelos programas de inclusão, desigualdade, brechas e cidadania digital.""","...referências de políticas públicas nos Estados Partes e Associados, responsáveis pelos programas de inclusão, desigualdade, brechas e cidadania digital."
"Discurso proferido pelo Ministro Mauro Vieira por ocasião da 1ª reunião de Sherpas do BRICS – Brasília, 25 de fevereiro","25/02/2025","https://www.gov.br/mre/pt-br/canais_atendimento/imprensa/notas-a-imprensa/discurso-proferido-pelo-ministro-mauro-vieira-por-ocasiao-da-1a-reuniao-de-sherpas-do-brics-2013-brasilia-25-de-fevereiro","A nota aborda privacidade e proteção de dados pessoais e inteligência artificial e governança algorítmica, aportando ao debate sobre governança digital global. Trecho-chave: ""...aligned with humanity’s collective interests. Our collaboration should focus on fostering AI research, addressing algorithmic bias, protecting data privacy, mitigating cybersecurity risks, and managing the socio-economic impacts of automation.""","...aligned with humanity’s collective interests. Our collaboration should focus on fostering AI research, addressing algorithmic bias, protecting data privacy, mitigating cybersecurity risks, and managing the socio-economic impacts of automation. | Global AI governance must be inclusive and democratic and contribute to economic development. It cannot be dictated by a handful of actors while the rest of the world..."
"Discurso do Ministro Mauro Vieira por ocasião da segunda sessão da reunião de Ministros das Relações Exteriores do G20 – Joanesburgo, 21/02/25","21/02/2025","https://www.gov.br/mre/pt-br/canais_atendimento/imprensa/notas-a-imprensa/discurso-do-ministro-mauro-vieira-por-ocasiao-da-segunda-sessao-da-reuniao-de-ministros-das-relacoes-exteriores-do-g20-2013-joanesburgo-21-02-25","A nota abrange múltiplos eixos temáticos da governança digital global: privacidade e proteção de dados pessoais, inteligência artificial e governança algorítmica e regulação de plataformas e serviços digitais. Como evidência, destaca-se: ""...de dados a fim de abordar os princípios de coleta, armazenamento, uso e transferência de dados, respeitando a privacidade, a proteção de dados pessoais e as políticas de segurança. A inclusão digital também é primordial para garantir que as pessoas possam acessar serviços emergenciais durante...""","...de dados a fim de abordar os princípios de coleta, armazenamento, uso e transferência de dados, respeitando a privacidade, a proteção de dados pessoais e as políticas de segurança. A inclusão digital também é primordial para garantir que as pessoas possam acessar serviços emergenciais durante... | ...equitable global framework for data governance to address the principles for the collection, storage, use and transfer of data, while respecting privacy, personal data protection and security policies. Digital inclusion is also critical for ensuring people can access emergency services during crises... | ...multilateral fora, particularly the United Nations. The G20 can play a supporting role by exploring long-term, sustainable solutions for AI governance. In this regard, Brazil looks forward to contributing to the G20 Task Force convened by South Africa to discuss these critical issues. To conclude,..."
"I Comissão Permanente Bilateral Brasil-Espanha – Ata Final – Madri, 17 de fevereiro","17/02/2025","https://www.gov.br/mre/pt-br/canais_atendimento/imprensa/notas-a-imprensa/i-comissao-permanente-bilateral-brasil-espanha-2013-ata-final-2013-madri-17-de-fevereiro","A nota aborda inclusão e acessibilidade digital de forma específica. No tocante ao posicionamento do MRE, destaca-se: ""...com a Secretaria-Geral Ibero-Americana (SEGIB). Decidiram continuar apoiando em ambos os países o Programa Ibero-Americano de Ciência e Tecnologia para o Desenvolvimento (CYTED) de ambos os países, para que continue sendo um importante instrumento de cooperação científica e tecnológica da Conferência...""","...com a Secretaria-Geral Ibero-Americana (SEGIB). Decidiram continuar apoiando em ambos os países o Programa Ibero-Americano de Ciência e Tecnologia para o Desenvolvimento (CYTED) de ambos os países, para que continue sendo um importante instrumento de cooperação científica e tecnológica da Conferência..."
"Diálogo Digital Brasil – União Europeia – Comunicado Conjunto – Bruxelas, 12 de fevereiro","12/02/2025","https://www.gov.br/mre/pt-br/canais_atendimento/imprensa/notas-a-imprensa/dialogo-digital-brasil-2013-uniao-europeia-2013-comunicado-conjunto-2013-bruxelas-12-de-fevereiro","A nota aborda infraestrutura digital e transformação tecnológica de forma específica. No tocante ao posicionamento do MRE, destaca-se: ""...de Maceió sobre Inclusão Digital para Todos », com o objetivo de promover a integridade das informações em ambientes digitais e a confiança na economia digital, visando a construir ambientes digitais seguros e confiáveis, alinhados aos valores democráticos.""","...de Maceió sobre Inclusão Digital para Todos », com o objetivo de promover a integridade das informações em ambientes digitais e a confiança na economia digital, visando a construir ambientes digitais seguros e confiáveis, alinhados aos valores democráticos."
"Participação do Ministro Mauro Vieira na Cúpula para Ação em Inteligência Artificial – Paris, 10 e 11 de fevereiro de 2025","09/02/2025","https://www.gov.br/mre/pt-br/canais_atendimento/imprensa/notas-a-imprensa/participacao-do-ministro-mauro-vieira-na-cupula-para-acao-em-inteligencia-artificial-2013-paris-10-e-11-de-fevereiro-de-2025","A nota aborda inteligência artificial e governança algorítmica de forma específica. No tocante ao posicionamento do MRE, destaca-se: ""Participação do Ministro Mauro Vieira na Cúpula para Ação em Inteligência Artificial – Paris, 10 e 11 de fevereiro de 2025""","Participação do Ministro Mauro Vieira na Cúpula para Ação em Inteligência Artificial – Paris, 10 e 11 de fevereiro de 2025"
"Reeleição de Dilma Rousseff para a presidência do Novo Banco de Desenvolvimento (NDB)","24/03/2025","https://www.gov.br/mre/pt-br/canais_atendimento/imprensa/notas-a-imprensa/reeleicao-de-dilma-rousseff-para-a-presidencia-do-novo-banco-de-desenvolvimento-ndb","A nota aborda infraestrutura digital e transformação tecnológica de forma específica. No tocante ao posicionamento do MRE, destaca-se: ""...120 projetos nos países membros, nas áreas de energia limpa e eficiência energética, infraestrutura de transporte, água e saneamento, infraestrutura digital, proteção ambiental e infraestrutura social.""","...120 projetos nos países membros, nas áreas de energia limpa e eficiência energética, infraestrutura de transporte, água e saneamento, infraestrutura digital, proteção ambiental e infraestrutura social."
"Seminário sobre economia de dados e desenvolvimento nacional – Nota Conjunta MRE/MDIC","18/03/2025","https://www.gov.br/mre/pt-br/canais_atendimento/imprensa/notas-a-imprensa/seminario-sobre-economia-de-dados-e-desenvolvimento-nacional-2013-nota-conjunta-mre-mdic","A nota aborda infraestrutura digital e transformação tecnológica de forma específica. No tocante ao posicionamento do MRE, destaca-se: ""...da presidência brasileira do BRICS, realizou-se, no dia 18 de março, o seminário virtual “Alavancando a economia de dados na comunidade de economia digital do BRICS” (“Leveraging data economy across the BRICS’ digital economy community”), reunindo pesquisadores, formuladores de políticas públicas e...""","...da presidência brasileira do BRICS, realizou-se, no dia 18 de março, o seminário virtual “Alavancando a economia de dados na comunidade de economia digital do BRICS” (“Leveraging data economy across the BRICS’ digital economy community”), reunindo pesquisadores, formuladores de políticas públicas e... | ...inclusão social e desenvolvimento econômico. O evento reforçou a importância da cooperação entre os países dos BRICS visando a impulsionar a economia digital, com importantes reflexões sobre os próximos passos na agenda econômica do bloco e sua contribuição para a governança global de economia..."
"Assinatura de acordo de cooperação entre a Polícia Federal e a EUROPOL – Nota Conjunta MRE/MJSP","05/03/2025","https://www.gov.br/mre/pt-br/canais_atendimento/imprensa/notas-a-imprensa/assinatura-de-acordo-de-cooperacao-entre-a-policia-federal-e-a-europol-2013-nota-conjunta-mre-mjsp","A nota aborda privacidade e proteção de dados pessoais de forma específica. No tocante ao posicionamento do MRE, destaca-se: ""...garantindo, ao mesmo tempo, a proteção dos direitos humanos e liberdades fundamentais, com ênfase no direito à privacidade e à proteção de dados pessoais. O instrumento permitirá o aprofundamento da cooperação operacional entre a PF e a EUROPOL, reforçando a capacidade das autoridades de...""","...garantindo, ao mesmo tempo, a proteção dos direitos humanos e liberdades fundamentais, com ênfase no direito à privacidade e à proteção de dados pessoais. O instrumento permitirá o aprofundamento da cooperação operacional entre a PF e a EUROPOL, reforçando a capacidade das autoridades de..."
"Declaração da Presidência da Reunião de Ministros das Relações Exteriores dos Países Membros do BRICS","29/04/2025","https://www.gov.br/mre/pt-br/canais_atendimento/imprensa/notas-a-imprensa/declaracao-da-presidencia-da-reuniao-de-ministros-das-relacoes-exteriores-relacoes-internacionais-dos-paises-membros-do-brics","A nota abrange múltiplos eixos temáticos da governança digital global: privacidade e proteção de dados pessoais, regulação de plataformas e serviços digitais e inclusão e acessibilidade digital. Como evidência, destaca-se: ""...bem como ser representativa, orientada para o desenvolvimento, acessível, inclusiva, dinâmica, responsiva, fundamentada em proteção de dados pessoais, direitos e interesses da humanidade, segurança, transparência, sustentabilidade e propícia para superar as crescentes desigualdades digitais e...""","...bem como ser representativa, orientada para o desenvolvimento, acessível, inclusiva, dinâmica, responsiva, fundamentada em proteção de dados pessoais, direitos e interesses da humanidade, segurança, transparência, sustentabilidade e propícia para superar as crescentes desigualdades digitais e... | 34. While emphasizing the potential of Information and Communication Technologies (ICTs) to bridge the growing digital divides within and between countries, the Ministers acknowledged challenges and threats stemming from and within the digital realm. They reaffirmed their... | 35. The Ministers commended the adoption by the General Assembly of the United Nations Convention against Cybercrime, a landmark multilateral achievement which will constitute an effective tool and the necessary legal framework for international cooperation in preventing..."
"Conclusão das Negociações do Acordo de Pandemias na Organização Mundial da Saúde - Nota Conjunta MRE/MS","16/04/2025","https://www.gov.br/mre/pt-br/canais_atendimento/imprensa/notas-a-imprensa/conclusao-das-negociacoes-do-acordo-de-pandemias-na-organizacao-mundial-da-saude-nota-conjunta-mre-ms","A nota aborda soberania digital e cibersegurança de forma específica. No tocante ao posicionamento do MRE, destaca-se: ""...internacional em saúde pública, a solidariedade entre as nações e a promoção de princípios de equidade, transparência e respeito à soberania nacional.""","...internacional em saúde pública, a solidariedade entre as nações e a promoção de princípios de equidade, transparência e respeito à soberania nacional."
"Segundo Diálogo Brasil-África sobre Segurança Alimentar, Combate à Fome e Desenvolvimento Rural - Declaração Final - Brasília, 19 a 23/5/2025.","23/05/2025","https://www.gov.br/mre/pt-br/canais_atendimento/imprensa/notas-a-imprensa/segundo-dialogo-brasil-africa-sobre-seguranca-alimentar-combate-a-fome-e-desenvolvimento-rural-declaracao-final-brasilia-19-a-23-05-2025","A nota aborda regulação de plataformas e serviços digitais de forma específica. No tocante ao posicionamento do MRE, destaca-se: ""...aquatic food systems as engines for inclusive growth, climate resilience, and poverty reduction. We also underscore FAO’s Blue Transformation roadmap as a useful guide to enhance sustainability and maximize the contribution of fisheries and aquaculture to employment, economic diversification,...""","...aquatic food systems as engines for inclusive growth, climate resilience, and poverty reduction. We also underscore FAO’s Blue Transformation roadmap as a useful guide to enhance sustainability and maximize the contribution of fisheries and aquaculture to employment, economic diversification,..."
"Declaração Conjunta por ocasião da visita de Estado do Presidente Luiz Inácio Lula da Silva a Pequim – 12 e 13 de maio de 2025","13/05/2025","https://www.gov.br/mre/pt-br/canais_atendimento/imprensa/notas-a-imprensa/declaracao-conjunta-por-ocasiao-da-visita-de-estado-do-presidente-luiz-inacio-lula-da-silva-a-pequim-12-e-13-de-maio-de-2025","A nota aborda infraestrutura digital e transformação tecnológica de forma específica. No tocante ao posicionamento do MRE, destaca-se: ""...a incentivar novos fluxos de investimentos e comércio em setores prioritários, com especial atenção a indústria, infraestrutura, economia digital, mineração sustentável, aviação civil e transição energética, elevando o nível da cooperação bilateral em cadeias produtivas e de...""","...a incentivar novos fluxos de investimentos e comércio em setores prioritários, com especial atenção a indústria, infraestrutura, economia digital, mineração sustentável, aviação civil e transição energética, elevando o nível da cooperação bilateral em cadeias produtivas e de... | ...de Fortalecimento de Capacidades de IA para o Bem e para Todos"", promovendo cooperação pragmática em Inteligência Artificial em áreas como infraestrutura digital, conjuntos de dados, aplicações de código aberto e formação de talentos, entre outras. Nesse sentido, comprometem-se em estreitar laços e... | ...visita, as partes assinaram ou chegaram a consenso sobre uma série de atos de cooperação em áreas como desenvolvimento sustentável, finanças, economia digital, inspeção e quarentena, cultura e educação."
"Declaração sobre Mudança Climática e a COP30 por ocasião da Cúpula Brasil–Caribe","13/06/2025","https://www.gov.br/mre/pt-br/canais_atendimento/imprensa/notas-a-imprensa/declaracao-sobre-mudanca-climatica-e-a-cop30-por-ocasiao-da-cupula-brasil2013caribe","A nota aborda regulação de plataformas e serviços digitais de forma específica. No tocante ao posicionamento do MRE, destaca-se: ""10.We reaffirm our support to the Presidencies of the 29th and 30th COPs for guiding the “Baku to Belém Roadmap to 1.3T” to scale up needed climate finance to developing countries. The Roadmap must serve as a tool for leveraging finance to low-carbon and...""","10.We reaffirm our support to the Presidencies of the 29th and 30th COPs for guiding the “Baku to Belém Roadmap to 1.3T” to scale up needed climate finance to developing countries. The Roadmap must serve as a tool for leveraging finance to low-carbon and..."
"Comunicado Conjunto da Cúpula Brasil–Caribe","13/06/2025","https://www.gov.br/mre/pt-br/canais_atendimento/imprensa/notas-a-imprensa/comunicado-conjunto-da-cupula-brasil2013caribe","A nota aborda regulação de plataformas e serviços digitais de forma específica. No tocante ao posicionamento do MRE, destaca-se: ""...country Parties, reaffirming the support to the COP29 and COP30 Presidencies guidance, in consultation with Parties, towards the “Baku to Belém Roadmap to 1.3T” to scale up needed climate finance to developing country Parties.""","...country Parties, reaffirming the support to the COP29 and COP30 Presidencies guidance, in consultation with Parties, towards the “Baku to Belém Roadmap to 1.3T” to scale up needed climate finance to developing country Parties."
"Participação do Ministro Mauro Vieira em reuniões ministeriais da OCDE e da OMC em Paris","02/06/2025","https://www.gov.br/mre/pt-br/canais_atendimento/imprensa/notas-a-imprensa/participacao-do-ministro-mauro-vieira-em-reunioes-ministeriais-da-ocde-e-da-omc-em-paris","A nota aborda infraestrutura digital e transformação tecnológica de forma específica. No tocante ao posicionamento do MRE, destaca-se: ""...o Ministro Mauro Vieira estará presente na cerimônia de abertura e em sessões de trabalho sobre temas como sistema de comércio internacional e economia digital. O Brasil, embora não seja membro da OCDE, participa formalmente de 35 comitês ou instâncias da organização, em áreas como tributação,...""","...o Ministro Mauro Vieira estará presente na cerimônia de abertura e em sessões de trabalho sobre temas como sistema de comércio internacional e economia digital. O Brasil, embora não seja membro da OCDE, participa formalmente de 35 comitês ou instâncias da organização, em áreas como tributação,..."
"Comunicado Conjunto entre a República Federativa do Brasil e a República da Indonésia  sobre o Fortalecimento da Parceria Estratégica Brasil–Indonésia","09/07/2025","https://www.gov.br/mre/pt-br/canais_atendimento/imprensa/notas-a-imprensa/comunicado-conjunto-entre-a-republica-federativa-do-brasil-e-a-republica-da-indonesia-sobre-o-fortalecimento-da-parceria-estrategica-brasil2013indonesia","A nota aborda regulação de plataformas e serviços digitais de forma específica. No tocante ao posicionamento do MRE, destaca-se: ""...importance of providing the necessary support and cooperation to facilitate Timor-Leste’s full accession to ASEAN, in accordance with ASEAN’s Roadmap for Timor-Leste’s full membership.""","...importance of providing the necessary support and cooperation to facilitate Timor-Leste’s full accession to ASEAN, in accordance with ASEAN’s Roadmap for Timor-Leste’s full membership."
"Declaração conjunta por ocasião da visita de Estado do Primeiro-Ministro da Índia ao Brasil","08/07/2025","https://www.gov.br/mre/pt-br/canais_atendimento/imprensa/notas-a-imprensa/declaracao-conjunta-por-ocasiao-da-visita-de-estado-do-primeiro-ministro-da-india-ao-brasil","A nota aborda regulação de plataformas e serviços digitais de forma específica. No tocante ao posicionamento do MRE, destaca-se: ""3.      Building on strong economic and technological complementarities between India and Brazil, the leaders decided to charter a strategic roadmap to further strengthen bilateral ties over the next decade around five priority pillars:""","3.      Building on strong economic and technological complementarities between India and Brazil, the leaders decided to charter a strategic roadmap to further strengthen bilateral ties over the next decade around five priority pillars: | ...extended by Brazil to join the COP30 Circle of Finance Ministers, with the objective of contributing to the development of the “Baku to Belém Roadmap for USD 1.3 trillion,” and conveyed his government ́s interest in making an active contribution to the process."
"Declaração dos Líderes do BRICS sobre Governança Global da Inteligência Artificial","06/07/2025","https://www.gov.br/mre/pt-br/canais_atendimento/imprensa/notas-a-imprensa/declaracao-dos-lideres-do-brics-sobre-governanca-global-da-inteligencia-artificial","A nota abrange múltiplos eixos temáticos da governança digital global: governança da internet, privacidade e proteção de dados pessoais, soberania digital e cibersegurança, inteligência artificial e governança algorítmica e infraestrutura digital e transformação tecnológica. Como evidência, destaca-se: ""Declaração dos Líderes do BRICS sobre Governança Global da Inteligência Artificial""","Declaração dos Líderes do BRICS sobre Governança Global da Inteligência Artificial | ...bem como ser representativa, orientada para o desenvolvimento, acessível, inclusiva, dinâmica, responsiva, fundamentada na proteção de dados pessoais, nos direitos e interesses da humanidade, na segurança, na transparência, na sustentabilidade e conducente à superação das crescentes brechas... | SOBRE MULTILATERALISMO, LEGITIMIDADE E SOBERANIA DIGITAL"
"Declaração de Líderes do BRICS — Rio de Janeiro, 06 de julho de 2025","06/07/2025","https://www.gov.br/mre/pt-br/canais_atendimento/imprensa/notas-a-imprensa/declaracao-de-lideres-do-brics-2014-rio-de-janeiro-06-de-julho-de-2025","A nota abrange múltiplos eixos temáticos da governança digital global: privacidade e proteção de dados pessoais, soberania digital e cibersegurança, inteligência artificial e governança algorítmica, infraestrutura digital e transformação tecnológica, regulação de plataformas e serviços digitais e inclusão e acessibilidade digital. Como evidência, destaca-se: ""...consolidar mandatos e princípios orientadores para a cooperação do BRICS em questões relacionadas ao Sistema Multilateral de Comércio, Economia Digital, Comércio Internacional, Cooperação Financeira e Comércio e Desenvolvimento Sustentável.""","...consolidar mandatos e princípios orientadores para a cooperação do BRICS em questões relacionadas ao Sistema Multilateral de Comércio, Economia Digital, Comércio Internacional, Cooperação Financeira e Comércio e Desenvolvimento Sustentável. | 58. Reconhecendo a importância de criar uma economia digital capacitadora, inclusiva e segura, e que a conectividade digital é um pré-requisito essencial tanto para a transformação digital quanto para o... | 59. Incentivamos os membros do BRICS a explorar possibilidades de ação conjunta no campo da infraestrutura digital para garantir a integridade, a estabilidade do funcionamento e da segurança dos segmentos nacionais da Internet, evitando a fragmentação da..."
"Visita do Senhor Presidente da República à Indonésia (23-24/10)","22/10/2025","https://www.gov.br/mre/pt-br/canais_atendimento/imprensa/notas-a-imprensa/visita-do-senhor-presidente-da-republica-a-indonesia-23-24-10","A nota aborda governança da internet de forma específica. No tocante ao posicionamento do MRE, destaca-se: ""...a manter Parceria de Diálogo Setorial com a ASEAN, no âmbito da qual são empreendidas iniciativas de coordenação política e de cooperação multissetorial.""","...a manter Parceria de Diálogo Setorial com a ASEAN, no âmbito da qual são empreendidas iniciativas de coordenação política e de cooperação multissetorial."
"Memorando de Entendimento entre o Instituto Guimarães Rosa (IGR) e o British Council","09/10/2025","https://www.gov.br/mre/pt-br/canais_atendimento/imprensa/notas-a-imprensa/memorando-de-entendimento-entre-o-instituto-guimaraes-rosa-igr-e-o-british-council-2","A nota aborda regulação de plataformas e serviços digitais de forma específica. No tocante ao posicionamento do MRE, destaca-se: ""...registrado como instituição de caridade (sob o número 209131 na Inglaterra e no País de Gales e número SCO37733 na Escócia), com sede em 1 Redman Place, Stratford, Londres, E20 1JQ, representado por Scott McDonald, CEO, cargo para o qual foi nomeado, após aprovação pelo Secretário de...""","...registrado como instituição de caridade (sob o número 209131 na Inglaterra e no País de Gales e número SCO37733 na Escócia), com sede em 1 Redman Place, Stratford, Londres, E20 1JQ, representado por Scott McDonald, CEO, cargo para o qual foi nomeado, após aprovação pelo Secretário de..."
"Chamado de Belém pelo Clima","07/11/2025","https://www.gov.br/mre/pt-br/canais_atendimento/imprensa/notas-a-imprensa/chamado-de-acao-de-belem-pelo-clima","A nota aborda regulação de plataformas e serviços digitais de forma específica. No tocante ao posicionamento do MRE, destaca-se: ""d. Adopting and implementing the “Baku-Belem Roadmap for 1.3 T”, prepared jointly by the presidencies of COPs 29 and 30, to expand climate finance to developing countries to at least US$1.3 trillion...""","d. Adopting and implementing the “Baku-Belem Roadmap for 1.3 T”, prepared jointly by the presidencies of COPs 29 and 30, to expand climate finance to developing countries to at least US$1.3 trillion... | h. Defining roadmaps to fairly and systematically reverse deforestation, overcome dependence on fossil fuels and mobilize the resources needed for these objectives;"
"Seleção de brasileiro ao Prêmio da UNESCO para Pesquisa Científica sobre Ética na Inteligência Artificial","06/11/2025","https://www.gov.br/mre/pt-br/canais_atendimento/imprensa/notas-a-imprensa/selecao-de-brasileiro-ao-premio-da-unesco-para-pesquisa-cientifica-sobre-etica-na-inteligencia-artificial","A nota aborda inteligência artificial e governança algorítmica de forma específica. No tocante ao posicionamento do MRE, destaca-se: ""Seleção de brasileiro ao Prêmio da UNESCO para Pesquisa Científica sobre Ética na Inteligência Artificial""","Seleção de brasileiro ao Prêmio da UNESCO para Pesquisa Científica sobre Ética na Inteligência Artificial"
"Marco da Parceria Estratégica entre o Japão e o MERCOSUL","20/12/2025","https://www.gov.br/mre/pt-br/canais_atendimento/imprensa/notas-a-imprensa/marco-da-parceria-estrategica-entre-o-japao-e-o-mercosul","A nota aborda infraestrutura digital e transformação tecnológica de forma específica. No tocante ao posicionamento do MRE, destaca-se: ""3.         O Marco envolve a cooperação no âmbito econômico, incluindo comércio, investimento, resiliência das cadeias de suprimentos, economia digital, transições energéticas e transformação verde, bem como outras áreas de interesse mútuo.""","3.         O Marco envolve a cooperação no âmbito econômico, incluindo comércio, investimento, resiliência das cadeias de suprimentos, economia digital, transições energéticas e transformação verde, bem como outras áreas de interesse mútuo."
